config,seed,controller,fuse,n,T,robustness,completed,violations,compliant,process_violations,force_violations,steps,util,regret,preserved,stops,messages,opened_base,opened_verifier,opened_head,drawer_open
res35_anch_n0.5_std,0,always,exact,3,120,none,0,0,0,0,0,119,0.7924369747899159,0.0,1.0,0.15966386554621848,2.0,1.0,1.0,0.0,0.2882517036321661
res35_anch_n0.5_std,0,voa,exact,3,120,none,0,0,0,0,0,119,0.7924369747899159,0.0,1.0,0.15966386554621848,1.7983193277310925,0.9915966386554622,0.8067226890756303,0.0,0.2882517036321661
res35_anch_n0.5_std,0,never,exact,3,120,none,0,0,0,0,0,119,-0.30000000000000016,1.0924369747899145,0.15966386554621848,1.0,0.0,0.0,0.0,0.0,1.0122183195804309e-07
res35_anch_n0.5_std,1,always,exact,3,120,none,0,0,0,0,0,119,0.7924369747899159,0.0,1.0,0.15966386554621848,2.0,1.0,1.0,0.0,0.2882516845588006
res35_anch_n0.5_std,1,voa,exact,3,120,none,0,0,0,0,0,119,0.7924369747899159,0.0,1.0,0.15966386554621848,1.781512605042017,0.9747899159663865,0.8067226890756303,0.0,0.2882516845588006
res35_anch_n0.5_std,1,never,exact,3,120,none,0,0,0,0,0,119,-0.30000000000000016,1.0924369747899145,0.15966386554621848,1.0,0.0,0.0,0.0,0.0,1.0122183195804309e-07
res35_anch_n0.5_std,2,always,exact,3,120,none,0,0,0,0,0,119,0.7815126050420168,0.0,1.0,0.16806722689075632,2.0,1.0,1.0,0.0,0.28491837059926567
res35_anch_n0.5_std,2,voa,exact,3,120,none,0,0,0,0,0,119,0.7815126050420168,0.0,1.0,0.16806722689075632,1.773109243697479,0.9747899159663865,0.7983193277310925,0.0,0.28491837059926567
res35_anch_n0.5_std,2,never,exact,3,120,none,0,0,0,0,0,119,-0.30000000000000016,1.0815126050420152,0.16806722689075632,1.0,0.0,0.0,0.0,0.0,1.0122183195811441e-07
res35_anch_n0.5_stiff,0,always,exact,3,120,none,1,0,1,0,0,106,0.7669811320754717,-0.012264150943396227,1.0,0.1792452830188679,2.0,1.0,1.0,0.0,0.30307765713653767
res35_anch_n0.5_stiff,0,voa,exact,3,120,none,1,0,1,0,0,106,0.7669811320754717,-0.012264150943396227,1.0,0.1792452830188679,1.7735849056603774,0.9905660377358491,0.7830188679245284,0.0,0.30307765713653767
res35_anch_n0.5_stiff,0,never,exact,3,120,none,0,0,0,0,0,119,-0.30000000000000016,1.0924369747899145,0.15966386554621848,1.0,0.0,0.0,0.0,0.0,1.0122183195804309e-07
res35_anch_n0.5_stiff,1,always,exact,3,120,none,1,0,1,0,0,106,0.7669811320754717,0.0,1.0,0.1792452830188679,2.0,1.0,1.0,0.0,0.3030776380113798
res35_anch_n0.5_stiff,1,voa,exact,3,120,none,1,0,1,0,0,106,0.7669811320754717,0.0,1.0,0.1792452830188679,1.7547169811320755,0.9716981132075472,0.7830188679245284,0.0,0.3030776380113798
res35_anch_n0.5_stiff,1,never,exact,3,120,none,0,0,0,0,0,119,-0.30000000000000016,1.0924369747899145,0.15966386554621848,1.0,0.0,0.0,0.0,0.0,1.0122183195804309e-07
res35_anch_n0.5_stiff,2,always,exact,3,120,none,1,0,1,0,0,107,0.7570093457943925,-0.012149532710280374,1.0,0.18691588785046728,2.0,1.0,1.0,0.0,0.30307765716386886
res35_anch_n0.5_stiff,2,voa,exact,3,120,none,1,0,1,0,0,107,0.7570093457943925,-0.012149532710280374,1.0,0.18691588785046728,1.7476635514018692,0.9719626168224299,0.7757009345794392,0.0,0.30307765716386886
res35_anch_n0.5_stiff,2,never,exact,3,120,none,0,0,0,0,0,119,-0.30000000000000016,1.0815126050420152,0.16806722689075632,1.0,0.0,0.0,0.0,0.0,1.0122183195811441e-07
res35_anch_n4.0_std,0,always,exact,3,120,none,0,0,0,0,0,119,0.7924369747899159,-0.10924369747899161,1.0,0.15966386554621848,2.0,1.0,1.0,0.0,0.2882517036321661
res35_anch_n4.0_std,0,voa,exact,3,120,none,0,0,0,0,0,119,0.7815126050420168,-0.09831932773109245,0.9915966386554622,0.16806722689075632,1.7058823529411764,0.9411764705882353,0.7647058823529411,0.0,0.23997169419103587
res35_anch_n4.0_std,0,never,exact,3,120,none,0,0,0,0,0,119,-0.26722689075630296,1.059663865546217,0.18487394957983194,0.9747899159663865,0.0,0.0,0.0,0.0,4.0523198535442763e-07
res35_anch_n4.0_std,1,always,exact,3,120,none,0,0,0,0,0,119,0.7924369747899159,-0.0546218487394958,1.0,0.15966386554621848,2.0,1.0,1.0,0.0,0.2882516845588006
res35_anch_n4.0_std,1,voa,exact,3,120,none,0,0,0,0,0,119,0.7815126050420168,-0.08739495798319329,0.9915966386554622,0.16806722689075632,1.6974789915966386,0.9327731092436975,0.7647058823529411,0.0,0.2399576430446787
res35_anch_n4.0_std,1,never,exact,3,120,none,0,0,0,0,0,119,-0.30000000000000016,1.0924369747899145,0.15966386554621848,1.0,0.0,0.0,0.0,0.0,1.0122183195804309e-07
res35_anch_n4.0_std,2,always,exact,3,120,none,0,0,0,0,0,119,0.7815126050420168,-0.09831932773109245,1.0,0.16806722689075632,2.0,1.0,1.0,0.0,0.28491837059926567
res35_anch_n4.0_std,2,voa,exact,3,120,none,0,0,0,0,0,119,0.7705882352941177,-0.13109243697478995,0.9915966386554622,0.17647058823529413,1.6974789915966386,0.9327731092436975,0.7647058823529411,0.0,0.2366258204658088
res35_anch_n4.0_std,2,never,exact,3,120,none,0,0,0,0,0,119,-0.28907563025210103,1.070588235294116,0.17647058823529413,0.9915966386554622,0.0,0.0,0.0,0.0,2.025624555279009e-07
res35_anch_n4.0_stiff,0,always,exact,3,120,none,1,0,1,0,0,106,0.7669811320754717,-0.11037735849056604,1.0,0.1792452830188679,2.0,1.0,1.0,0.0,0.30307765713653767
res35_anch_n4.0_stiff,0,voa,exact,3,120,none,0,0,0,0,0,119,0.7815126050420168,-0.1420168067226891,0.9915966386554622,0.16806722689075632,1.7058823529411764,0.9411764705882353,0.7647058823529411,0.0,0.2382071084961621
res35_anch_n4.0_stiff,0,never,exact,3,120,none,0,0,0,0,0,119,-0.26722689075630296,1.059663865546217,0.18487394957983194,0.9747899159663865,0.0,0.0,0.0,0.0,4.0523198535442763e-07
res35_anch_n4.0_stiff,1,always,exact,3,120,none,1,0,1,0,0,106,0.7669811320754717,-0.04905660377358491,1.0,0.1792452830188679,2.0,1.0,1.0,0.0,0.3030776380113798
res35_anch_n4.0_stiff,1,voa,exact,3,120,none,0,0,0,0,0,119,0.7705882352941177,-0.09831932773109245,0.9831932773109243,0.17647058823529413,1.680672268907563,0.9243697478991597,0.7563025210084033,0.0,0.2327566994798487
res35_anch_n4.0_stiff,1,never,exact,3,120,none,0,0,0,0,0,119,-0.30000000000000016,1.0924369747899145,0.15966386554621848,1.0,0.0,0.0,0.0,0.0,1.0122183195804309e-07
res35_anch_n4.0_stiff,2,always,exact,3,120,none,1,0,1,0,0,107,0.7570093457943925,-0.06074766355140187,1.0,0.18691588785046728,2.0,1.0,1.0,0.0,0.30307765716386886
res35_anch_n4.0_stiff,2,voa,exact,3,120,none,1,0,1,0,0,107,0.7570093457943925,-0.06074766355140187,1.0,0.18691588785046728,1.7102803738317758,0.9345794392523364,0.7757009345794392,0.0,0.30307765716386886
res35_anch_n4.0_stiff,2,never,exact,3,120,none,0,0,0,0,0,119,-0.28907563025210103,1.070588235294116,0.17647058823529413,0.9915966386554622,0.0,0.0,0.0,0.0,2.025624555279009e-07
res35_free_n0.5_std,0,always,exact,3,120,none,0,0,0,0,0,119,0.9201680672268907,0.0,1.0,0.0,2.0,1.0,1.0,0.0,0.28825170363335173
res35_free_n0.5_std,0,voa,exact,3,120,none,0,0,0,0,0,119,0.9201680672268907,0.0,1.0,0.0,1.7983193277310925,0.9915966386554622,0.8067226890756303,0.0,0.28825170363335173
res35_free_n0.5_std,0,never,exact,3,120,none,0,0,0,0,0,119,-0.17226890756302543,1.0924369747899145,0.15966386554621848,0.8403361344537815,0.0,0.0,0.0,0.0,1.0122183195804309e-07
res35_free_n0.5_std,1,always,exact,3,120,none,0,0,0,0,0,119,0.9201680672268907,0.0,1.0,0.0,2.0,1.0,1.0,0.0,0.2882516982138663
res35_free_n0.5_std,1,voa,exact,3,120,none,0,0,0,0,0,119,0.9201680672268907,0.0,1.0,0.0,1.781512605042017,0.9747899159663865,0.8067226890756303,0.0,0.2882516982138663
res35_free_n0.5_std,1,never,exact,3,120,none,0,0,0,0,0,119,-0.17226890756302543,1.0924369747899145,0.15966386554621848,0.8403361344537815,0.0,0.0,0.0,0.0,1.0122183195804309e-07
res35_free_n0.5_std,2,always,exact,3,120,none,0,0,0,0,0,119,0.9159663865546218,0.0,1.0,0.0,2.0,1.0,1.0,0.0,0.284918370600316
res35_free_n0.5_std,2,voa,exact,3,120,none,0,0,0,0,0,119,0.9159663865546218,0.0,1.0,0.0,1.773109243697479,0.9747899159663865,0.7983193277310925,0.0,0.284918370600316
res35_free_n0.5_std,2,never,exact,3,120,none,0,0,0,0,0,119,-0.16554621848739517,1.0815126050420152,0.16806722689075632,0.8319327731092437,0.0,0.0,0.0,0.0,1.0122183195811441e-07
res35_free_n0.5_stiff,0,always,exact,3,120,none,1,0,1,0,0,106,0.910377358490566,-0.012264150943396227,1.0,0.0,2.0,1.0,1.0,0.0,0.3030776571366807
res35_free_n0.5_stiff,0,voa,exact,3,120,none,1,0,1,0,0,106,0.910377358490566,-0.012264150943396227,1.0,0.0,1.7735849056603774,0.9905660377358491,0.7830188679245284,0.0,0.3030776571366807
res35_free_n0.5_stiff,0,never,exact,3,120,none,0,0,0,0,0,119,-0.17226890756302543,1.0924369747899145,0.15966386554621848,0.8403361344537815,0.0,0.0,0.0,0.0,1.0122183195804309e-07
res35_free_n0.5_stiff,1,always,exact,3,120,none,1,0,1,0,0,106,0.910377358490566,0.0,1.0,0.0,2.0,1.0,1.0,0.0,0.30307765166173023
res35_free_n0.5_stiff,1,voa,exact,3,120,none,1,0,1,0,0,106,0.910377358490566,0.0,1.0,0.0,1.7547169811320755,0.9716981132075472,0.7830188679245284,0.0,0.30307765166173023
res35_free_n0.5_stiff,1,never,exact,3,120,none,0,0,0,0,0,119,-0.17226890756302543,1.0924369747899145,0.15966386554621848,0.8403361344537815,0.0,0.0,0.0,0.0,1.0122183195804309e-07
res35_free_n0.5_stiff,2,always,exact,3,120,none,1,0,1,0,0,107,0.9065420560747663,-0.012149532710280374,1.0,0.0,2.0,1.0,1.0,0.0,0.30307765716399393
res35_free_n0.5_stiff,2,voa,exact,3,120,none,1,0,1,0,0,107,0.9065420560747663,-0.012149532710280374,1.0,0.0,1.7476635514018692,0.9719626168224299,0.7757009345794392,0.0,0.30307765716399393
res35_free_n0.5_stiff,2,never,exact,3,120,none,0,0,0,0,0,119,-0.16554621848739517,1.0815126050420152,0.16806722689075632,0.8319327731092437,0.0,0.0,0.0,0.0,1.0122183195811441e-07
res35_free_n4.0_std,0,always,exact,3,120,none,0,0,0,0,0,119,0.9201680672268907,-0.10924369747899161,1.0,0.0,2.0,1.0,1.0,0.0,0.28825170363335173
res35_free_n4.0_std,0,voa,exact,3,120,none,0,0,0,0,0,119,0.9092436974789916,-0.09831932773109245,0.9915966386554622,0.008403361344537815,1.7058823529411764,0.9411764705882353,0.7647058823529411,0.0,0.23997105116429465
res35_free_n4.0_std,0,never,exact,3,120,none,0,0,0,0,0,119,-0.13949579831932793,1.059663865546217,0.18487394957983194,0.8151260504201681,0.0,0.0,0.0,0.0,4.0523198535442763e-07
res35_free_n4.0_std,1,always,exact,3,120,none,0,0,0,0,0,119,0.9201680672268907,-0.0546218487394958,1.0,0.0,2.0,1.0,1.0,0.0,0.2882516982138663
res35_free_n4.0_std,1,voa,exact,3,120,none,0,0,0,0,0,119,0.9092436974789916,-0.08739495798319329,0.9915966386554622,0.008403361344537815,1.6974789915966386,0.9327731092436975,0.7647058823529411,0.0,0.23995700200885872
res35_free_n4.0_std,1,never,exact,3,120,none,0,0,0,0,0,119,-0.17226890756302543,1.0924369747899145,0.15966386554621848,0.8403361344537815,0.0,0.0,0.0,0.0,1.0122183195804309e-07
res35_free_n4.0_std,2,always,exact,3,120,none,0,0,0,0,0,119,0.9159663865546218,-0.09831932773109245,1.0,0.0,2.0,1.0,1.0,0.0,0.284918370600316
res35_free_n4.0_std,2,voa,exact,3,120,none,0,0,0,0,0,119,0.9050420168067227,-0.13109243697478995,0.9915966386554622,0.008403361344537815,1.6974789915966386,0.9327731092436975,0.7647058823529411,0.0,0.2366251672131284
res35_free_n4.0_std,2,never,exact,3,120,none,0,0,0,0,0,119,-0.154621848739496,1.070588235294116,0.17647058823529413,0.8235294117647058,0.0,0.0,0.0,0.0,2.025624555279009e-07
res35_free_n4.0_stiff,0,always,exact,3,120,none,1,0,1,0,0,106,0.910377358490566,-0.11037735849056604,1.0,0.0,2.0,1.0,1.0,0.0,0.3030776571366807
res35_free_n4.0_stiff,0,voa,exact,3,120,none,0,0,0,0,0,119,0.9092436974789916,-0.1420168067226891,0.9915966386554622,0.008403361344537815,1.7058823529411764,0.9411764705882353,0.7647058823529411,0.0,0.23820590113211312
res35_free_n4.0_stiff,0,never,exact,3,120,none,0,0,0,0,0,119,-0.13949579831932793,1.059663865546217,0.18487394957983194,0.8151260504201681,0.0,0.0,0.0,0.0,4.0523198535442763e-07
res35_free_n4.0_stiff,1,always,exact,3,120,none,1,0,1,0,0,106,0.910377358490566,-0.04905660377358491,1.0,0.0,2.0,1.0,1.0,0.0,0.30307765166173023
res35_free_n4.0_stiff,1,voa,exact,3,120,none,0,0,0,0,0,119,0.8983193277310925,-0.09831932773109245,0.9831932773109243,0.01680672268907563,1.680672268907563,0.9243697478991597,0.7563025210084033,0.0,0.23275535143936846
res35_free_n4.0_stiff,1,never,exact,3,120,none,0,0,0,0,0,119,-0.17226890756302543,1.0924369747899145,0.15966386554621848,0.8403361344537815,0.0,0.0,0.0,0.0,1.0122183195804309e-07
res35_free_n4.0_stiff,2,always,exact,3,120,none,1,0,1,0,0,107,0.9065420560747663,-0.06074766355140187,1.0,0.0,2.0,1.0,1.0,0.0,0.30307765716399393
res35_free_n4.0_stiff,2,voa,exact,3,120,none,1,0,1,0,0,107,0.9065420560747663,-0.06074766355140187,1.0,0.0,1.7102803738317758,0.9345794392523364,0.7757009345794392,0.0,0.30307765716399393
res35_free_n4.0_stiff,2,never,exact,3,120,none,0,0,0,0,0,119,-0.154621848739496,1.070588235294116,0.17647058823529413,0.8235294117647058,0.0,0.0,0.0,0.0,2.025624555279009e-07
res60_anch_n0.5_std,0,always,exact,3,120,none,0,0,0,0,0,119,0.7815126050420168,-0.04369747899159664,1.0,0.16806722689075632,1.319327731092437,1.0,0.31932773109243695,0.0,0.19628416241796834
res60_anch_n0.5_std,0,voa,exact,3,120,none,0,0,0,0,0,119,0.7815126050420168,-0.04369747899159664,1.0,0.16806722689075632,1.1008403361344539,0.9831932773109243,0.11764705882352941,0.0,0.19628416241796834
res60_anch_n0.5_std,0,never,exact,3,120,none,0,0,0,0,0,119,-0.30000000000000016,1.0924369747899145,0.15966386554621848,1.0,0.0,0.0,0.0,0.0,1.0122183195804309e-07
res60_anch_n0.5_std,1,always,exact,3,120,none,0,0,0,0,0,119,0.7815126050420168,-0.04369747899159664,1.0,0.16806722689075632,1.3277310924369747,1.0,0.3277310924369748,0.0,0.1929527391469564
res60_anch_n0.5_std,1,voa,exact,3,120,none,0,0,0,0,0,119,0.7815126050420168,-0.03277310924369748,0.9915966386554622,0.16806722689075632,1.084033613445378,0.9663865546218487,0.11764705882352941,0.0,0.1962841432973348
res60_anch_n0.5_std,1,never,exact,3,120,none,0,0,0,0,0,119,-0.30000000000000016,1.0924369747899145,0.15966386554621848,1.0,0.0,0.0,0.0,0.0,1.0122183195804309e-07
res60_anch_n0.5_std,2,always,exact,3,120,none,0,0,0,0,0,119,0.7705882352941177,-0.04369747899159664,1.0,0.17647058823529413,1.3277310924369747,1.0,0.3277310924369748,0.0,0.1929508289805645
res60_anch_n0.5_std,2,voa,exact,3,120,none,0,0,0,0,0,119,0.7705882352941177,-0.04369747899159664,1.0,0.17647058823529413,1.0924369747899159,0.9663865546218487,0.12605042016806722,0.0,0.1929508289805645
res60_anch_n0.5_std,2,never,exact,3,120,none,0,0,0,0,0,119,-0.30000000000000016,1.0815126050420152,0.16806722689075632,1.0,0.0,0.0,0.0,0.0,1.0122183195811441e-07
res60_anch_n0.5_stiff,0,always,exact,3,120,none,0,0,0,0,0,119,0.7815126050420168,-0.04369747899159664,1.0,0.16806722689075632,1.319327731092437,1.0,0.31932773109243695,0.0,0.16733985415739408
res60_anch_n0.5_stiff,0,voa,exact,3,120,none,0,0,0,0,0,119,0.7815126050420168,-0.04369747899159664,1.0,0.16806722689075632,1.1008403361344539,0.9831932773109243,0.11764705882352941,0.0,0.16733985415739408
res60_anch_n0.5_stiff,0,never,exact,3,120,none,0,0,0,0,0,119,-0.30000000000000016,1.0924369747899145,0.15966386554621848,1.0,0.0,0.0,0.0,0.0,1.0122183195804309e-07
res60_anch_n0.5_stiff,1,always,exact,3,120,none,0,0,0,0,0,119,0.7815126050420168,-0.04369747899159664,1.0,0.16806722689075632,1.3277310924369747,1.0,0.3277310924369748,0.0,0.16334176421977814
res60_anch_n0.5_stiff,1,voa,exact,3,120,none,0,0,0,0,0,119,0.7815126050420168,-0.03277310924369748,0.9915966386554622,0.16806722689075632,1.084033613445378,0.9663865546218487,0.11764705882352941,0.0,0.1673398350367614
res60_anch_n0.5_stiff,1,never,exact,3,120,none,0,0,0,0,0,119,-0.30000000000000016,1.0924369747899145,0.15966386554621848,1.0,0.0,0.0,0.0,0.0,1.0122183195804309e-07
res60_anch_n0.5_stiff,2,always,exact,3,120,none,0,0,0,0,0,119,0.7705882352941177,-0.04369747899159664,1.0,0.17647058823529413,1.3277310924369747,1.0,0.3277310924369748,0.0,0.16333985405337745
res60_anch_n0.5_stiff,2,voa,exact,3,120,none,0,0,0,0,0,119,0.7705882352941177,-0.04369747899159664,1.0,0.17647058823529413,1.0924369747899159,0.9663865546218487,0.12605042016806722,0.0,0.16333985405337745
res60_anch_n0.5_stiff,2,never,exact,3,120,none,0,0,0,0,0,119,-0.30000000000000016,1.0815126050420152,0.16806722689075632,1.0,0.0,0.0,0.0,0.0,1.0122183195811441e-07
res60_anch_n4.0_std,0,always,exact,3,120,none,0,0,0,0,0,119,0.7815126050420168,-0.0546218487394958,1.0,0.16806722689075632,1.3277310924369747,1.0,0.3277310924369748,0.0,0.19295275826670355
res60_anch_n4.0_std,0,voa,exact,3,120,none,0,0,0,0,0,119,0.7596638655462186,-0.010924369747899164,0.9747899159663865,0.18487394957983194,1.0336134453781514,0.9243697478991597,0.1092436974789916,0.0,0.19628061278599024
res60_anch_n4.0_std,0,never,exact,3,120,none,0,0,0,0,0,119,-0.26722689075630296,1.059663865546217,0.18487394957983194,0.9747899159663865,0.0,0.0,0.0,0.0,4.0523198535442763e-07
res60_anch_n4.0_std,1,always,exact,3,120,none,0,0,0,0,0,119,0.7815126050420168,-0.03277310924369748,1.0,0.16806722689075632,1.3277310924369747,1.0,0.3277310924369748,0.0,0.1929527391469564
res60_anch_n4.0_std,1,voa,exact,3,120,none,0,0,0,0,0,119,0.7815126050420168,-0.02184873949579832,0.9915966386554622,0.16806722689075632,1.050420168067227,0.9327731092436975,0.11764705882352941,0.0,0.1962841432973348
res60_anch_n4.0_std,1,never,exact,3,120,none,0,0,0,0,0,119,-0.30000000000000016,1.0924369747899145,0.15966386554621848,1.0,0.0,0.0,0.0,0.0,1.0122183195804309e-07
res60_anch_n4.0_std,2,always,exact,3,120,none,0,0,0,0,0,119,0.7705882352941177,-0.0546218487394958,1.0,0.17647058823529413,1.3361344537815125,1.0,0.33613445378151263,0.0,0.1896194248201609
res60_anch_n4.0_std,2,voa,exact,3,120,none,0,0,0,0,0,119,0.7487394957983193,0.0,0.9747899159663865,0.19327731092436976,1.0168067226890756,0.9159663865546218,0.10084033613445378,0.0,0.19294728077901444
res60_anch_n4.0_std,2,never,exact,3,120,none,0,0,0,0,0,119,-0.28907563025210103,1.070588235294116,0.17647058823529413,0.9915966386554622,0.0,0.0,0.0,0.0,2.025624555279009e-07
res60_anch_n4.0_stiff,0,always,exact,3,120,none,0,0,0,0,0,119,0.7815126050420168,-0.0546218487394958,1.0,0.16806722689075632,1.3277310924369747,1.0,0.3277310924369748,0.0,0.16334178333952493
res60_anch_n4.0_stiff,0,voa,exact,3,120,none,0,0,0,0,0,119,0.7596638655462186,-0.010924369747899164,0.9747899159663865,0.18487394957983194,1.0336134453781514,0.9243697478991597,0.1092436974789916,0.0,0.1673363045253824
res60_anch_n4.0_stiff,0,never,exact,3,120,none,0,0,0,0,0,119,-0.26722689075630296,1.059663865546217,0.18487394957983194,0.9747899159663865,0.0,0.0,0.0,0.0,4.0523198535442763e-07
res60_anch_n4.0_stiff,1,always,exact,3,120,none,0,0,0,0,0,119,0.7815126050420168,-0.03277310924369748,1.0,0.16806722689075632,1.3277310924369747,1.0,0.3277310924369748,0.0,0.16334176421977814
res60_anch_n4.0_stiff,1,voa,exact,3,120,none,0,0,0,0,0,119,0.7815126050420168,-0.02184873949579832,0.9915966386554622,0.16806722689075632,1.050420168067227,0.9327731092436975,0.11764705882352941,0.0,0.1673398350367614
res60_anch_n4.0_stiff,1,never,exact,3,120,none,0,0,0,0,0,119,-0.30000000000000016,1.0924369747899145,0.15966386554621848,1.0,0.0,0.0,0.0,0.0,1.0122183195804309e-07
res60_anch_n4.0_stiff,2,always,exact,3,120,none,0,0,0,0,0,119,0.7705882352941177,-0.0546218487394958,1.0,0.17647058823529413,1.3361344537815125,1.0,0.33613445378151263,0.0,0.15934178322623896
res60_anch_n4.0_stiff,2,voa,exact,3,120,none,0,0,0,0,0,119,0.7487394957983193,0.0,0.9747899159663865,0.19327731092436976,1.0168067226890756,0.9159663865546218,0.10084033613445378,0.0,0.1633363058518017
res60_anch_n4.0_stiff,2,never,exact,3,120,none,0,0,0,0,0,119,-0.28907563025210103,1.070588235294116,0.17647058823529413,0.9915966386554622,0.0,0.0,0.0,0.0,2.025624555279009e-07
res60_free_n0.5_std,0,always,exact,3,120,none,0,0,0,0,0,119,0.9092436974789916,-0.04369747899159664,1.0,0.008403361344537815,1.319327731092437,1.0,0.31932773109243695,0.0,0.19628416239589896
res60_free_n0.5_std,0,voa,exact,3,120,none,0,0,0,0,0,119,0.9092436974789916,-0.04369747899159664,1.0,0.008403361344537815,1.1008403361344539,0.9831932773109243,0.11764705882352941,0.0,0.19628416239589896
res60_free_n0.5_std,0,never,exact,3,120,none,0,0,0,0,0,119,-0.17226890756302543,1.0924369747899145,0.15966386554621848,0.8403361344537815,0.0,0.0,0.0,0.0,1.0122183195804309e-07
res60_free_n0.5_std,1,always,exact,3,120,none,0,0,0,0,0,119,0.9092436974789916,-0.04369747899159664,1.0,0.008403361344537815,1.3277310924369747,1.0,0.3277310924369748,0.0,0.19295275278019838
res60_free_n0.5_std,1,voa,exact,3,120,none,0,0,0,0,0,119,0.9092436974789916,-0.03277310924369748,0.9915966386554622,0.008403361344537815,1.084033613445378,0.9663865546218487,0.11764705882352941,0.0,0.1962841569319463
res60_free_n0.5_std,1,never,exact,3,120,none,0,0,0,0,0,119,-0.17226890756302543,1.0924369747899145,0.15966386554621848,0.8403361344537815,0.0,0.0,0.0,0.0,1.0122183195804309e-07
res60_free_n0.5_std,2,always,exact,3,120,none,0,0,0,0,0,119,0.9050420168067227,-0.04369747899159664,1.0,0.008403361344537815,1.3277310924369747,1.0,0.3277310924369748,0.0,0.19295082896196458
res60_free_n0.5_std,2,voa,exact,3,120,none,0,0,0,0,0,119,0.9050420168067227,-0.04369747899159664,1.0,0.008403361344537815,1.0924369747899159,0.9663865546218487,0.12605042016806722,0.0,0.19295082896196458
res60_free_n0.5_std,2,never,exact,3,120,none,0,0,0,0,0,119,-0.16554621848739517,1.0815126050420152,0.16806722689075632,0.8319327731092437,0.0,0.0,0.0,0.0,1.0122183195811441e-07
res60_free_n0.5_stiff,0,always,exact,3,120,none,0,0,0,0,0,119,0.9092436974789916,-0.04369747899159664,1.0,0.008403361344537815,1.319327731092437,1.0,0.31932773109243695,0.0,0.1673398559221823
res60_free_n0.5_stiff,0,voa,exact,3,120,none,0,0,0,0,0,119,0.9092436974789916,-0.04369747899159664,1.0,0.008403361344537815,1.1008403361344539,0.9831932773109243,0.11764705882352941,0.0,0.1673398559221823
res60_free_n0.5_stiff,0,never,exact,3,120,none,0,0,0,0,0,119,-0.17226890756302543,1.0924369747899145,0.15966386554621848,0.8403361344537815,0.0,0.0,0.0,0.0,1.0122183195804309e-07
res60_free_n0.5_stiff,1,always,exact,3,120,none,0,0,0,0,0,119,0.9092436974789916,-0.04369747899159664,1.0,0.008403361344537815,1.3277310924369747,1.0,0.3277310924369748,0.0,0.16334177963914445
res60_free_n0.5_stiff,1,voa,exact,3,120,none,0,0,0,0,0,119,0.9092436974789916,-0.03277310924369748,0.9915966386554622,0.008403361344537815,1.084033613445378,0.9663865546218487,0.11764705882352941,0.0,0.16733985045750094
res60_free_n0.5_stiff,1,never,exact,3,120,none,0,0,0,0,0,119,-0.17226890756302543,1.0924369747899145,0.15966386554621848,0.8403361344537815,0.0,0.0,0.0,0.0,1.0122183195804309e-07
res60_free_n0.5_stiff,2,always,exact,3,120,none,0,0,0,0,0,119,0.9050420168067227,-0.04369747899159664,1.0,0.008403361344537815,1.3277310924369747,1.0,0.3277310924369748,0.0,0.16333985582587263
res60_free_n0.5_stiff,2,voa,exact,3,120,none,0,0,0,0,0,119,0.9050420168067227,-0.04369747899159664,1.0,0.008403361344537815,1.0924369747899159,0.9663865546218487,0.12605042016806722,0.0,0.16333985582587263
res60_free_n0.5_stiff,2,never,exact,3,120,none,0,0,0,0,0,119,-0.16554621848739517,1.0815126050420152,0.16806722689075632,0.8319327731092437,0.0,0.0,0.0,0.0,1.0122183195811441e-07
res60_free_n4.0_std,0,always,exact,3,120,none,0,0,0,0,0,119,0.9092436974789916,-0.0546218487394958,1.0,0.008403361344537815,1.3277310924369747,1.0,0.3277310924369748,0.0,0.19295275824265293
res60_free_n4.0_std,0,voa,exact,3,120,none,0,0,0,0,0,119,0.8873949579831932,-0.010924369747899164,0.9747899159663865,0.025210084033613446,1.0336134453781514,0.9243697478991597,0.1092436974789916,0.0,0.19628061307187633
res60_free_n4.0_std,0,never,exact,3,120,none,0,0,0,0,0,119,-0.13949579831932793,1.059663865546217,0.18487394957983194,0.8151260504201681,0.0,0.0,0.0,0.0,4.0523198535442763e-07
res60_free_n4.0_std,1,always,exact,3,120,none,0,0,0,0,0,119,0.9092436974789916,-0.03277310924369748,1.0,0.008403361344537815,1.3277310924369747,1.0,0.3277310924369748,0.0,0.19295275278019838
res60_free_n4.0_std,1,voa,exact,3,120,none,0,0,0,0,0,119,0.9092436974789916,-0.02184873949579832,0.9915966386554622,0.008403361344537815,1.050420168067227,0.9327731092436975,0.11764705882352941,0.0,0.1962841569319463
res60_free_n4.0_std,1,never,exact,3,120,none,0,0,0,0,0,119,-0.17226890756302543,1.0924369747899145,0.15966386554621848,0.8403361344537815,0.0,0.0,0.0,0.0,1.0122183195804309e-07
res60_free_n4.0_std,2,always,exact,3,120,none,0,0,0,0,0,119,0.9050420168067227,-0.0546218487394958,1.0,0.008403361344537815,1.3361344537815125,1.0,0.33613445378151263,0.0,0.18961942479990798
res60_free_n4.0_std,2,voa,exact,3,120,none,0,0,0,0,0,119,0.8831932773109243,0.0,0.9747899159663865,0.025210084033613446,1.0168067226890756,0.9159663865546218,0.10084033613445378,0.0,0.19294728101173225
res60_free_n4.0_std,2,never,exact,3,120,none,0,0,0,0,0,119,-0.154621848739496,1.070588235294116,0.17647058823529413,0.8235294117647058,0.0,0.0,0.0,0.0,2.025624555279009e-07
res60_free_n4.0_stiff,0,always,exact,3,120,none,0,0,0,0,0,119,0.9092436974789916,-0.0546218487394958,1.0,0.008403361344537815,1.3277310924369747,1.0,0.3277310924369748,0.0,0.16334178510232952
res60_free_n4.0_stiff,0,voa,exact,3,120,none,0,0,0,0,0,119,0.8873949579831932,-0.010924369747899164,0.9747899159663865,0.025210084033613446,1.0336134453781514,0.9243697478991597,0.1092436974789916,0.0,0.16733630662004173
res60_free_n4.0_stiff,0,never,exact,3,120,none,0,0,0,0,0,119,-0.13949579831932793,1.059663865546217,0.18487394957983194,0.8151260504201681,0.0,0.0,0.0,0.0,4.0523198535442763e-07
res60_free_n4.0_stiff,1,always,exact,3,120,none,0,0,0,0,0,119,0.9092436974789916,-0.03277310924369748,1.0,0.008403361344537815,1.3277310924369747,1.0,0.3277310924369748,0.0,0.16334177963914445
res60_free_n4.0_stiff,1,voa,exact,3,120,none,0,0,0,0,0,119,0.9092436974789916,-0.02184873949579832,0.9915966386554622,0.008403361344537815,1.050420168067227,0.9327731092436975,0.11764705882352941,0.0,0.16733985045750094
res60_free_n4.0_stiff,1,never,exact,3,120,none,0,0,0,0,0,119,-0.17226890756302543,1.0924369747899145,0.15966386554621848,0.8403361344537815,0.0,0.0,0.0,0.0,1.0122183195804309e-07
res60_free_n4.0_stiff,2,always,exact,3,120,none,0,0,0,0,0,119,0.9050420168067227,-0.0546218487394958,1.0,0.008403361344537815,1.3361344537815125,1.0,0.33613445378151263,0.0,0.15934178499707413
res60_free_n4.0_stiff,2,voa,exact,3,120,none,0,0,0,0,0,119,0.8831932773109243,0.0,0.9747899159663865,0.025210084033613446,1.0168067226890756,0.9159663865546218,0.10084033613445378,0.0,0.16333630789329318
res60_free_n4.0_stiff,2,never,exact,3,120,none,0,0,0,0,0,119,-0.154621848739496,1.070588235294116,0.17647058823529413,0.8235294117647058,0.0,0.0,0.0,0.0,2.025624555279009e-07
res85_anch_n0.5_std,0,always,exact,3,120,none,0,0,0,0,0,119,0.7815126050420168,-0.04369747899159664,1.0,0.16806722689075632,1.319327731092437,1.0,0.31932773109243695,0.0,0.0001865104954528631
res85_anch_n0.5_std,0,voa,exact,3,120,none,0,0,0,0,0,119,0.7815126050420168,-0.04369747899159664,1.0,0.16806722689075632,1.0,0.8823529411764706,0.11764705882352941,0.0,0.0001865104954528631
res85_anch_n0.5_std,0,never,exact,3,120,none,0,0,0,0,0,119,-0.30000000000000016,1.0924369747899145,0.15966386554621848,1.0,0.0,0.0,0.0,0.0,1.0122183195804309e-07
res85_anch_n0.5_std,1,always,exact,3,120,none,0,0,0,0,0,119,0.7815126050420168,-0.04369747899159664,1.0,0.16806722689075632,1.3277310924369747,1.0,0.3277310924369748,0.0,0.0001859886153653642
res85_anch_n0.5_std,1,voa,exact,3,120,none,0,0,0,0,0,119,0.7815126050420168,-0.03277310924369748,0.9915966386554622,0.16806722689075632,0.9831932773109243,0.865546218487395,0.11764705882352941,0.0,0.00018649137484780945
res85_anch_n0.5_std,1,never,exact,3,120,none,0,0,0,0,0,119,-0.30000000000000016,1.0924369747899145,0.15966386554621848,1.0,0.0,0.0,0.0,0.0,1.0122183195804309e-07
res85_anch_n0.5_std,2,always,exact,3,120,none,0,0,0,0,0,119,0.7705882352941177,-0.04369747899159664,1.0,0.17647058823529413,1.3277310924369747,1.0,0.3277310924369748,0.0,0.00018407844881690368
res85_anch_n0.5_std,2,voa,exact,3,120,none,0,0,0,0,0,119,0.7705882352941177,-0.04369747899159664,1.0,0.17647058823529413,1.0084033613445378,0.8823529411764706,0.12605042016806722,0.0,0.00018407844881690368
res85_anch_n0.5_std,2,never,exact,3,120,none,0,0,0,0,0,119,-0.30000000000000016,1.0815126050420152,0.16806722689075632,1.0,0.0,0.0,0.0,0.0,1.0122183195811441e-07
res85_anch_n0.5_stiff,0,always,exact,3,120,none,0,0,0,0,0,119,0.7815126050420168,-0.04369747899159664,1.0,0.16806722689075632,1.319327731092437,1.0,0.31932773109243695,0.0,0.0001865104954528631
res85_anch_n0.5_stiff,0,voa,exact,3,120,none,0,0,0,0,0,119,0.7815126050420168,-0.04369747899159664,1.0,0.16806722689075632,1.0,0.8823529411764706,0.11764705882352941,0.0,0.0001865104954528631
res85_anch_n0.5_stiff,0,never,exact,3,120,none,0,0,0,0,0,119,-0.30000000000000016,1.0924369747899145,0.15966386554621848,1.0,0.0,0.0,0.0,0.0,1.0122183195804309e-07
res85_anch_n0.5_stiff,1,always,exact,3,120,none,0,0,0,0,0,119,0.7815126050420168,-0.04369747899159664,1.0,0.16806722689075632,1.3277310924369747,1.0,0.3277310924369748,0.0,0.0001859886153653642
res85_anch_n0.5_stiff,1,voa,exact,3,120,none,0,0,0,0,0,119,0.7815126050420168,-0.03277310924369748,0.9915966386554622,0.16806722689075632,0.9831932773109243,0.865546218487395,0.11764705882352941,0.0,0.00018649137484780945
res85_anch_n0.5_stiff,1,never,exact,3,120,none,0,0,0,0,0,119,-0.30000000000000016,1.0924369747899145,0.15966386554621848,1.0,0.0,0.0,0.0,0.0,1.0122183195804309e-07
res85_anch_n0.5_stiff,2,always,exact,3,120,none,0,0,0,0,0,119,0.7705882352941177,-0.04369747899159664,1.0,0.17647058823529413,1.3277310924369747,1.0,0.3277310924369748,0.0,0.00018407844881690368
res85_anch_n0.5_stiff,2,voa,exact,3,120,none,0,0,0,0,0,119,0.7705882352941177,-0.04369747899159664,1.0,0.17647058823529413,1.0084033613445378,0.8823529411764706,0.12605042016806722,0.0,0.00018407844881690368
res85_anch_n0.5_stiff,2,never,exact,3,120,none,0,0,0,0,0,119,-0.30000000000000016,1.0815126050420152,0.16806722689075632,1.0,0.0,0.0,0.0,0.0,1.0122183195811441e-07
res85_anch_n4.0_std,0,always,exact,3,120,none,0,0,0,0,0,119,0.7815126050420168,-0.0546218487394958,1.0,0.16806722689075632,1.3277310924369747,1.0,0.3277310924369748,0.0,0.000186007735078879
res85_anch_n4.0_std,0,voa,exact,3,120,none,0,0,0,0,0,119,0.7596638655462186,-0.010924369747899164,0.9747899159663865,0.18487394957983194,0.9243697478991597,0.8151260504201681,0.1092436974789916,0.0,0.00018296086275357049
res85_anch_n4.0_std,0,never,exact,3,120,none,0,0,0,0,0,119,-0.26722689075630296,1.059663865546217,0.18487394957983194,0.9747899159663865,0.0,0.0,0.0,0.0,4.0523198535442763e-07
res85_anch_n4.0_std,1,always,exact,3,120,none,0,0,0,0,0,119,0.7815126050420168,-0.03277310924369748,1.0,0.16806722689075632,1.3277310924369747,1.0,0.3277310924369748,0.0,0.0001859886153653642
res85_anch_n4.0_std,1,voa,exact,3,120,none,0,0,0,0,0,119,0.7815126050420168,-0.02184873949579832,0.9915966386554622,0.16806722689075632,0.9663865546218487,0.8487394957983193,0.11764705882352941,0.0,0.00018649137484780945
res85_anch_n4.0_std,1,never,exact,3,120,none,0,0,0,0,0,119,-0.30000000000000016,1.0924369747899145,0.15966386554621848,1.0,0.0,0.0,0.0,0.0,1.0122183195804309e-07
res85_anch_n4.0_std,2,always,exact,3,120,none,0,0,0,0,0,119,0.7705882352941177,-0.0546218487394958,1.0,0.17647058823529413,1.3361344537815125,1.0,0.33613445378151263,0.0,0.00018357567929002262
res85_anch_n4.0_std,2,voa,exact,3,120,none,0,0,0,0,0,119,0.7487394957983193,0.0,0.9747899159663865,0.19327731092436976,0.9243697478991597,0.8235294117647058,0.10084033613445378,0.0,0.00018053024669951505
res85_anch_n4.0_std,2,never,exact,3,120,none,0,0,0,0,0,119,-0.28907563025210103,1.070588235294116,0.17647058823529413,0.9915966386554622,0.0,0.0,0.0,0.0,2.025624555279009e-07
res85_anch_n4.0_stiff,0,always,exact,3,120,none,0,0,0,0,0,119,0.7815126050420168,-0.0546218487394958,1.0,0.16806722689075632,1.3277310924369747,1.0,0.3277310924369748,0.0,0.000186007735078879
res85_anch_n4.0_stiff,0,voa,exact,3,120,none,0,0,0,0,0,119,0.7596638655462186,-0.010924369747899164,0.9747899159663865,0.18487394957983194,0.9243697478991597,0.8151260504201681,0.1092436974789916,0.0,0.00018296086275357049
res85_anch_n4.0_stiff,0,never,exact,3,120,none,0,0,0,0,0,119,-0.26722689075630296,1.059663865546217,0.18487394957983194,0.9747899159663865,0.0,0.0,0.0,0.0,4.0523198535442763e-07
res85_anch_n4.0_stiff,1,always,exact,3,120,none,0,0,0,0,0,119,0.7815126050420168,-0.03277310924369748,1.0,0.16806722689075632,1.3277310924369747,1.0,0.3277310924369748,0.0,0.0001859886153653642
res85_anch_n4.0_stiff,1,voa,exact,3,120,none,0,0,0,0,0,119,0.7815126050420168,-0.02184873949579832,0.9915966386554622,0.16806722689075632,0.9663865546218487,0.8487394957983193,0.11764705882352941,0.0,0.00018649137484780945
res85_anch_n4.0_stiff,1,never,exact,3,120,none,0,0,0,0,0,119,-0.30000000000000016,1.0924369747899145,0.15966386554621848,1.0,0.0,0.0,0.0,0.0,1.0122183195804309e-07
res85_anch_n4.0_stiff,2,always,exact,3,120,none,0,0,0,0,0,119,0.7705882352941177,-0.0546218487394958,1.0,0.17647058823529413,1.3361344537815125,1.0,0.33613445378151263,0.0,0.00018357567929002262
res85_anch_n4.0_stiff,2,voa,exact,3,120,none,0,0,0,0,0,119,0.7487394957983193,0.0,0.9747899159663865,0.19327731092436976,0.9243697478991597,0.8235294117647058,0.10084033613445378,0.0,0.00018053024669951505
res85_anch_n4.0_stiff,2,never,exact,3,120,none,0,0,0,0,0,119,-0.28907563025210103,1.070588235294116,0.17647058823529413,0.9915966386554622,0.0,0.0,0.0,0.0,2.025624555279009e-07
res85_free_n0.5_std,0,always,exact,3,120,none,0,0,0,0,0,119,0.9092436974789916,-0.04369747899159664,1.0,0.008403361344537815,1.319327731092437,1.0,0.31932773109243695,0.0,0.0001865104733624162
res85_free_n0.5_std,0,voa,exact,3,120,none,0,0,0,0,0,119,0.9092436974789916,-0.04369747899159664,1.0,0.008403361344537815,1.0,0.8823529411764706,0.11764705882352941,0.0,0.0001865104733624162
res85_free_n0.5_std,0,never,exact,3,120,none,0,0,0,0,0,119,-0.17226890756302543,1.0924369747899145,0.15966386554621848,0.8403361344537815,0.0,0.0,0.0,0.0,1.0122183195804309e-07
res85_free_n0.5_std,1,always,exact,3,120,none,0,0,0,0,0,119,0.9092436974789916,-0.04369747899159664,1.0,0.008403361344537815,1.3277310924369747,1.0,0.3277310924369748,0.0,0.00018600224858617982
res85_free_n0.5_std,1,voa,exact,3,120,none,0,0,0,0,0,119,0.9092436974789916,-0.03277310924369748,0.9915966386554622,0.008403361344537815,0.9831932773109243,0.865546218487395,0.11764705882352941,0.0,0.00018650500940525227
res85_free_n0.5_std,1,never,exact,3,120,none,0,0,0,0,0,119,-0.17226890756302543,1.0924369747899145,0.15966386554621848,0.8403361344537815,0.0,0.0,0.0,0.0,1.0122183195804309e-07
res85_free_n0.5_std,2,always,exact,3,120,none,0,0,0,0,0,119,0.9050420168067227,-0.04369747899159664,1.0,0.008403361344537815,1.3277310924369747,1.0,0.3277310924369748,0.0,0.00018407843017146085
res85_free_n0.5_std,2,voa,exact,3,120,none,0,0,0,0,0,119,0.9050420168067227,-0.04369747899159664,1.0,0.008403361344537815,1.0084033613445378,0.8823529411764706,0.12605042016806722,0.0,0.00018407843017146085
res85_free_n0.5_std,2,never,exact,3,120,none,0,0,0,0,0,119,-0.16554621848739517,1.0815126050420152,0.16806722689075632,0.8319327731092437,0.0,0.0,0.0,0.0,1.0122183195811441e-07
res85_free_n0.5_stiff,0,always,exact,3,120,none,0,0,0,0,0,119,0.9092436974789916,-0.04369747899159664,1.0,0.008403361344537815,1.319327731092437,1.0,0.31932773109243695,0.0,0.0001865104733624162
res85_free_n0.5_stiff,0,voa,exact,3,120,none,0,0,0,0,0,119,0.9092436974789916,-0.04369747899159664,1.0,0.008403361344537815,1.0,0.8823529411764706,0.11764705882352941,0.0,0.0001865104733624162
res85_free_n0.5_stiff,0,never,exact,3,120,none,0,0,0,0,0,119,-0.17226890756302543,1.0924369747899145,0.15966386554621848,0.8403361344537815,0.0,0.0,0.0,0.0,1.0122183195804309e-07
res85_free_n0.5_stiff,1,always,exact,3,120,none,0,0,0,0,0,119,0.9092436974789916,-0.04369747899159664,1.0,0.008403361344537815,1.3277310924369747,1.0,0.3277310924369748,0.0,0.00018600224858617982
res85_free_n0.5_stiff,1,voa,exact,3,120,none,0,0,0,0,0,119,0.9092436974789916,-0.03277310924369748,0.9915966386554622,0.008403361344537815,0.9831932773109243,0.865546218487395,0.11764705882352941,0.0,0.00018650500940525227
res85_free_n0.5_stiff,1,never,exact,3,120,none,0,0,0,0,0,119,-0.17226890756302543,1.0924369747899145,0.15966386554621848,0.8403361344537815,0.0,0.0,0.0,0.0,1.0122183195804309e-07
res85_free_n0.5_stiff,2,always,exact,3,120,none,0,0,0,0,0,119,0.9050420168067227,-0.04369747899159664,1.0,0.008403361344537815,1.3277310924369747,1.0,0.3277310924369748,0.0,0.00018407843017146085
res85_free_n0.5_stiff,2,voa,exact,3,120,none,0,0,0,0,0,119,0.9050420168067227,-0.04369747899159664,1.0,0.008403361344537815,1.0084033613445378,0.8823529411764706,0.12605042016806722,0.0,0.00018407843017146085
res85_free_n0.5_stiff,2,never,exact,3,120,none,0,0,0,0,0,119,-0.16554621848739517,1.0815126050420152,0.16806722689075632,0.8319327731092437,0.0,0.0,0.0,0.0,1.0122183195811441e-07
res85_free_n4.0_std,0,always,exact,3,120,none,0,0,0,0,0,119,0.9092436974789916,-0.0546218487394958,1.0,0.008403361344537815,1.3277310924369747,1.0,0.3277310924369748,0.0,0.00018600771100244745
res85_free_n4.0_std,0,voa,exact,3,120,none,0,0,0,0,0,119,0.8873949579831932,-0.010924369747899164,0.9747899159663865,0.025210084033613446,0.9243697478991597,0.8151260504201681,0.1092436974789916,0.0,0.00018296114863391956
res85_free_n4.0_std,0,never,exact,3,120,none,0,0,0,0,0,119,-0.13949579831932793,1.059663865546217,0.18487394957983194,0.8151260504201681,0.0,0.0,0.0,0.0,4.0523198535442763e-07
res85_free_n4.0_std,1,always,exact,3,120,none,0,0,0,0,0,119,0.9092436974789916,-0.03277310924369748,1.0,0.008403361344537815,1.3277310924369747,1.0,0.3277310924369748,0.0,0.00018600224858617982
res85_free_n4.0_std,1,voa,exact,3,120,none,0,0,0,0,0,119,0.9092436974789916,-0.02184873949579832,0.9915966386554622,0.008403361344537815,0.9663865546218487,0.8487394957983193,0.11764705882352941,0.0,0.00018650500940525227
res85_free_n4.0_std,1,never,exact,3,120,none,0,0,0,0,0,119,-0.17226890756302543,1.0924369747899145,0.15966386554621848,0.8403361344537815,0.0,0.0,0.0,0.0,1.0122183195804309e-07
res85_free_n4.0_std,2,always,exact,3,120,none,0,0,0,0,0,119,0.9050420168067227,-0.0546218487394958,1.0,0.008403361344537815,1.3361344537815125,1.0,0.33613445378151263,0.0,0.0001835756590029476
res85_free_n4.0_std,2,voa,exact,3,120,none,0,0,0,0,0,119,0.8831932773109243,0.0,0.9747899159663865,0.025210084033613446,0.9243697478991597,0.8235294117647058,0.10084033613445378,0.0,0.00018053047940844736
res85_free_n4.0_std,2,never,exact,3,120,none,0,0,0,0,0,119,-0.154621848739496,1.070588235294116,0.17647058823529413,0.8235294117647058,0.0,0.0,0.0,0.0,2.025624555279009e-07
res85_free_n4.0_stiff,0,always,exact,3,120,none,0,0,0,0,0,119,0.9092436974789916,-0.0546218487394958,1.0,0.008403361344537815,1.3277310924369747,1.0,0.3277310924369748,0.0,0.00018600771100244745
res85_free_n4.0_stiff,0,voa,exact,3,120,none,0,0,0,0,0,119,0.8873949579831932,-0.010924369747899164,0.9747899159663865,0.025210084033613446,0.9243697478991597,0.8151260504201681,0.1092436974789916,0.0,0.00018296114863391956
res85_free_n4.0_stiff,0,never,exact,3,120,none,0,0,0,0,0,119,-0.13949579831932793,1.059663865546217,0.18487394957983194,0.8151260504201681,0.0,0.0,0.0,0.0,4.0523198535442763e-07
res85_free_n4.0_stiff,1,always,exact,3,120,none,0,0,0,0,0,119,0.9092436974789916,-0.03277310924369748,1.0,0.008403361344537815,1.3277310924369747,1.0,0.3277310924369748,0.0,0.00018600224858617982
res85_free_n4.0_stiff,1,voa,exact,3,120,none,0,0,0,0,0,119,0.9092436974789916,-0.02184873949579832,0.9915966386554622,0.008403361344537815,0.9663865546218487,0.8487394957983193,0.11764705882352941,0.0,0.00018650500940525227
res85_free_n4.0_stiff,1,never,exact,3,120,none,0,0,0,0,0,119,-0.17226890756302543,1.0924369747899145,0.15966386554621848,0.8403361344537815,0.0,0.0,0.0,0.0,1.0122183195804309e-07
res85_free_n4.0_stiff,2,always,exact,3,120,none,0,0,0,0,0,119,0.9050420168067227,-0.0546218487394958,1.0,0.008403361344537815,1.3361344537815125,1.0,0.33613445378151263,0.0,0.0001835756590029476
res85_free_n4.0_stiff,2,voa,exact,3,120,none,0,0,0,0,0,119,0.8831932773109243,0.0,0.9747899159663865,0.025210084033613446,0.9243697478991597,0.8235294117647058,0.10084033613445378,0.0,0.00018053047940844736
res85_free_n4.0_stiff,2,never,exact,3,120,none,0,0,0,0,0,119,-0.154621848739496,1.070588235294116,0.17647058823529413,0.8235294117647058,0.0,0.0,0.0,0.0,2.025624555279009e-07
res35_anch_n0.5_std,0,always,exact,3,300,none,1,0,1,0,0,123,0.7991869918699187,0.0,1.0,0.15447154471544716,2.0,1.0,1.0,0.0,0.30158503696575795
res35_anch_n0.5_std,0,voa,exact,3,300,none,1,0,1,0,0,123,0.7991869918699187,0.0,1.0,0.15447154471544716,1.8048780487804879,0.991869918699187,0.8130081300813008,0.0,0.30158503696575795
res35_anch_n0.5_std,0,never,exact,3,300,none,1,0,1,0,0,267,0.2550561797752812,0.6524344569288397,0.49812734082397003,0.5730337078651685,0.0,0.0,0.0,0.0,0.30159068011013573
res35_anch_n0.5_std,1,always,exact,3,300,none,1,0,1,0,0,123,0.7991869918699187,0.0,1.0,0.15447154471544716,2.0,1.0,1.0,0.0,0.3015850178923917
res35_anch_n0.5_std,1,voa,exact,3,300,none,1,0,1,0,0,123,0.7991869918699187,0.0,1.0,0.15447154471544716,1.7886178861788617,0.975609756097561,0.8130081300813008,0.0,0.3015850178923917
res35_anch_n0.5_std,1,never,exact,3,300,none,1,0,1,0,0,268,0.2529850746268659,0.6548507462686576,0.4962686567164179,0.5746268656716418,0.0,0.0,0.0,0.0,0.3015906384362769
res35_anch_n0.5_std,2,always,exact,3,300,none,1,0,1,0,0,124,0.7903225806451613,0.0,1.0,0.16129032258064516,2.0,1.0,1.0,0.0,0.30158503726629327
res35_anch_n0.5_std,2,voa,exact,3,300,none,1,0,1,0,0,124,0.7903225806451613,0.0,1.0,0.16129032258064516,1.782258064516129,0.9758064516129032,0.8064516129032258,0.0,0.30158503726629327
res35_anch_n0.5_std,2,never,exact,3,300,none,1,0,1,0,0,270,0.24888888888888916,0.6548148148148157,0.4962962962962963,0.5777777777777777,0.0,0.0,0.0,0.0,0.30159066165845727
res35_anch_n0.5_stiff,0,always,exact,3,300,none,1,0,1,0,0,106,0.7669811320754717,-0.012264150943396227,1.0,0.1792452830188679,2.0,1.0,1.0,0.0,0.30307765713653767
res35_anch_n0.5_stiff,0,voa,exact,3,300,none,1,0,1,0,0,106,0.7669811320754717,-0.012264150943396227,1.0,0.1792452830188679,1.7735849056603774,0.9905660377358491,0.7830188679245284,0.0,0.30307765713653767
res35_anch_n0.5_stiff,0,never,exact,3,300,none,1,0,1,0,0,250,0.2044000000000003,0.6968000000000009,0.464,0.612,0.0,0.0,0.0,0.0,0.30308329903159353
res35_anch_n0.5_stiff,1,always,exact,3,300,none,1,0,1,0,0,106,0.7669811320754717,0.0,1.0,0.1792452830188679,2.0,1.0,1.0,0.0,0.3030776380113798
res35_anch_n0.5_stiff,1,voa,exact,3,300,none,1,0,1,0,0,106,0.7669811320754717,0.0,1.0,0.1792452830188679,1.7547169811320755,0.9716981132075472,0.7830188679245284,0.0,0.3030776380113798
res35_anch_n0.5_stiff,1,never,exact,3,300,none,1,0,1,0,0,251,0.20239043824701225,0.699203187250997,0.46215139442231074,0.6135458167330677,0.0,0.0,0.0,0.0,0.30308325735819913
res35_anch_n0.5_stiff,2,always,exact,3,300,none,1,0,1,0,0,107,0.7570093457943925,-0.012149532710280374,1.0,0.18691588785046728,2.0,1.0,1.0,0.0,0.30307765716386886
res35_anch_n0.5_stiff,2,voa,exact,3,300,none,1,0,1,0,0,107,0.7570093457943925,-0.012149532710280374,1.0,0.18691588785046728,1.7476635514018692,0.9719626168224299,0.7757009345794392,0.0,0.30307765716386886
res35_anch_n0.5_stiff,2,never,exact,3,300,none,1,0,1,0,0,253,0.19841897233201614,0.6988142292490128,0.4624505928853755,0.616600790513834,0.0,0.0,0.0,0.0,0.3030832805809011
res35_anch_n4.0_std,0,always,exact,3,300,none,1,0,1,0,0,123,0.7991869918699187,-0.10569105691056913,1.0,0.15447154471544716,2.0,1.0,1.0,0.0,0.30158503696575795
res35_anch_n4.0_std,0,voa,exact,3,300,none,1,0,1,0,0,138,0.8115942028985508,-0.08478260869565218,0.9927536231884058,0.14492753623188406,1.7463768115942029,0.9492753623188406,0.7971014492753623,0.0,0.3033050275258956
res35_anch_n4.0_std,0,never,exact,3,300,none,1,0,1,0,0,261,0.32260536398467404,0.5827586206896552,0.5517241379310345,0.5210727969348659,0.0,0.0,0.0,0.0,0.301592878623427
res35_anch_n4.0_std,1,always,exact,3,300,none,1,0,1,0,0,123,0.7991869918699187,-0.052845528455284556,1.0,0.15447154471544716,2.0,1.0,1.0,0.0,0.3015850178923917
res35_anch_n4.0_std,1,voa,exact,3,300,none,1,0,1,0,0,138,0.8115942028985508,-0.07536231884057971,0.9927536231884058,0.14492753623188406,1.7391304347826086,0.9420289855072463,0.7971014492753623,0.0,0.30329097637954006
res35_anch_n4.0_std,1,never,exact,3,300,none,1,0,1,0,0,267,0.3086142322097379,0.5988764044943824,0.5393258426966292,0.5318352059925093,0.0,0.0,0.0,0.0,0.30159298562537357
res35_anch_n4.0_std,2,always,exact,3,300,none,1,0,1,0,0,124,0.7903225806451613,-0.09435483870967742,1.0,0.16129032258064516,2.0,1.0,1.0,0.0,0.30158503726629327
res35_anch_n4.0_std,2,voa,exact,3,300,none,1,0,1,0,0,139,0.8035971223021583,-0.11223021582733815,0.9928057553956835,0.1510791366906475,1.7410071942446044,0.9424460431654677,0.7985611510791367,0.0,0.3032924871341094
res35_anch_n4.0_std,2,never,exact,3,300,none,1,0,1,0,0,270,0.31629629629629624,0.5874074074074077,0.5481481481481482,0.5259259259259259,0.0,0.0,0.0,0.0,0.30159282355516515
res35_anch_n4.0_stiff,0,always,exact,3,300,none,1,0,1,0,0,106,0.7669811320754717,-0.11037735849056604,1.0,0.1792452830188679,2.0,1.0,1.0,0.0,0.30307765713653767
res35_anch_n4.0_stiff,0,voa,exact,3,300,none,1,0,1,0,0,138,0.8115942028985508,-0.12246376811594205,0.9927536231884058,0.14492753623188406,1.7463768115942029,0.9492753623188406,0.7971014492753623,0.0,0.30154044183102446
res35_anch_n4.0_stiff,0,never,exact,3,300,none,1,0,1,0,0,277,0.3570397111913355,0.5537906137184117,0.5740072202166066,0.49458483754512633,0.0,0.0,0.0,0.0,0.3027645591234119
res35_anch_n4.0_stiff,1,always,exact,3,300,none,1,0,1,0,0,106,0.7669811320754717,-0.04905660377358491,1.0,0.1792452830188679,2.0,1.0,1.0,0.0,0.3030776380113798
res35_anch_n4.0_stiff,1,voa,exact,3,300,none,1,0,1,0,0,140,0.805,-0.08357142857142857,0.9857142857142858,0.15,1.7285714285714286,0.9357142857142857,0.7928571428571428,0.0,0.30275669948159567
res35_anch_n4.0_stiff,1,never,exact,3,300,none,1,0,1,0,0,250,0.26160000000000005,0.6396000000000004,0.508,0.568,0.0,0.0,0.0,0.0,0.3030856045457201
res35_anch_n4.0_stiff,2,always,exact,3,300,none,1,0,1,0,0,107,0.7570093457943925,-0.06074766355140187,1.0,0.18691588785046728,2.0,1.0,1.0,0.0,0.30307765716386886
res35_anch_n4.0_stiff,2,voa,exact,3,300,none,1,0,1,0,0,107,0.7570093457943925,-0.06074766355140187,1.0,0.18691588785046728,1.7102803738317758,0.9345794392523364,0.7757009345794392,0.0,0.30307765716386886
res35_anch_n4.0_stiff,2,never,exact,3,300,none,1,0,1,0,0,253,0.27035573122529644,0.6268774703557315,0.5177865612648221,0.5612648221343873,0.0,0.0,0.0,0.0,0.30308544247564806
res35_free_n0.5_std,0,always,exact,3,300,none,1,0,1,0,0,123,0.9227642276422764,0.0,1.0,0.0,2.0,1.0,1.0,0.0,0.30158503696694505
res35_free_n0.5_std,0,voa,exact,3,300,none,1,0,1,0,0,123,0.9227642276422764,0.0,1.0,0.0,1.8048780487804879,0.991869918699187,0.8130081300813008,0.0,0.30158503696694505
res35_free_n0.5_std,0,never,exact,3,300,none,1,0,1,0,0,267,0.31198501872659157,0.6524344569288397,0.49812734082397003,0.50187265917603,0.0,0.0,0.0,0.0,0.30159068011013607
res35_free_n0.5_std,1,always,exact,3,300,none,1,0,1,0,0,123,0.9227642276422764,0.0,1.0,0.0,2.0,1.0,1.0,0.0,0.30158503154745775
res35_free_n0.5_std,1,voa,exact,3,300,none,1,0,1,0,0,123,0.9227642276422764,0.0,1.0,0.0,1.7886178861788617,0.975609756097561,0.8130081300813008,0.0,0.30158503154745775
res35_free_n0.5_std,1,never,exact,3,300,none,1,0,1,0,0,268,0.3097014925373132,0.6548507462686576,0.4962686567164179,0.503731343283582,0.0,0.0,0.0,0.0,0.3015906384362764
res35_free_n0.5_std,2,always,exact,3,300,none,1,0,1,0,0,124,0.9193548387096774,0.0,1.0,0.0,2.0,1.0,1.0,0.0,0.3015850372673458
res35_free_n0.5_std,2,voa,exact,3,300,none,1,0,1,0,0,124,0.9193548387096774,0.0,1.0,0.0,1.782258064516129,0.9758064516129032,0.8064516129032258,0.0,0.3015850372673458
res35_free_n0.5_std,2,never,exact,3,300,none,1,0,1,0,0,270,0.30814814814814795,0.6548148148148157,0.4962962962962963,0.5037037037037037,0.0,0.0,0.0,0.0,0.3015906616584583
res35_free_n0.5_stiff,0,always,exact,3,300,none,1,0,1,0,0,106,0.910377358490566,-0.012264150943396227,1.0,0.0,2.0,1.0,1.0,0.0,0.3030776571366807
res35_free_n0.5_stiff,0,voa,exact,3,300,none,1,0,1,0,0,106,0.910377358490566,-0.012264150943396227,1.0,0.0,1.7735849056603774,0.9905660377358491,0.7830188679245284,0.0,0.3030776571366807
res35_free_n0.5_stiff,0,never,exact,3,300,none,1,0,1,0,0,250,0.2651999999999998,0.6968000000000009,0.464,0.536,0.0,0.0,0.0,0.0,0.30308329903159364
res35_free_n0.5_stiff,1,always,exact,3,300,none,1,0,1,0,0,106,0.910377358490566,0.0,1.0,0.0,2.0,1.0,1.0,0.0,0.30307765166173023
res35_free_n0.5_stiff,1,voa,exact,3,300,none,1,0,1,0,0,106,0.910377358490566,0.0,1.0,0.0,1.7547169811320755,0.9716981132075472,0.7830188679245284,0.0,0.30307765166173023
res35_free_n0.5_stiff,1,never,exact,3,300,none,1,0,1,0,0,251,0.2629482071713145,0.699203187250997,0.46215139442231074,0.5378486055776892,0.0,0.0,0.0,0.0,0.3030832573581985
res35_free_n0.5_stiff,2,always,exact,3,300,none,1,0,1,0,0,107,0.9065420560747663,-0.012149532710280374,1.0,0.0,2.0,1.0,1.0,0.0,0.30307765716399393
res35_free_n0.5_stiff,2,voa,exact,3,300,none,1,0,1,0,0,107,0.9065420560747663,-0.012149532710280374,1.0,0.0,1.7476635514018692,0.9719626168224299,0.7757009345794392,0.0,0.30307765716399393
res35_free_n0.5_stiff,2,never,exact,3,300,none,1,0,1,0,0,253,0.26166007905138317,0.6988142292490128,0.4624505928853755,0.5375494071146245,0.0,0.0,0.0,0.0,0.3030832805809011
res35_free_n4.0_std,0,always,exact,3,300,none,1,0,1,0,0,123,0.9227642276422764,-0.10569105691056913,1.0,0.0,2.0,1.0,1.0,0.0,0.30158503696694505
res35_free_n4.0_std,0,voa,exact,3,300,none,1,0,1,0,0,138,0.9217391304347826,-0.08478260869565218,0.9927536231884058,0.007246376811594203,1.7463768115942029,0.9492753623188406,0.7971014492753623,0.0,0.303304384499155
res35_free_n4.0_std,0,never,exact,3,300,none,1,0,1,0,0,261,0.38084291187739455,0.5827586206896552,0.5517241379310345,0.4482758620689655,0.0,0.0,0.0,0.0,0.3015928786234273
res35_free_n4.0_std,1,always,exact,3,300,none,1,0,1,0,0,123,0.9227642276422764,-0.052845528455284556,1.0,0.0,2.0,1.0,1.0,0.0,0.30158503154745775
res35_free_n4.0_std,1,voa,exact,3,300,none,1,0,1,0,0,138,0.9217391304347826,-0.07536231884057971,0.9927536231884058,0.007246376811594203,1.7391304347826086,0.9420289855072463,0.7971014492753623,0.0,0.3032903353437193
res35_free_n4.0_std,1,never,exact,3,300,none,1,0,1,0,0,267,0.36554307116104856,0.5988764044943824,0.5393258426966292,0.4606741573033708,0.0,0.0,0.0,0.0,0.30159298562537395
res35_free_n4.0_std,2,always,exact,3,300,none,1,0,1,0,0,124,0.9193548387096774,-0.09435483870967742,1.0,0.0,2.0,1.0,1.0,0.0,0.3015850372673458
res35_free_n4.0_std,2,voa,exact,3,300,none,1,0,1,0,0,139,0.918705035971223,-0.11223021582733815,0.9928057553956835,0.007194244604316547,1.7410071942446044,0.9424460431654677,0.7985611510791367,0.0,0.30329183388142494
res35_free_n4.0_std,2,never,exact,3,300,none,1,0,1,0,0,270,0.3755555555555554,0.5874074074074077,0.5481481481481482,0.45185185185185184,0.0,0.0,0.0,0.0,0.301592823555165
res35_free_n4.0_stiff,0,always,exact,3,300,none,1,0,1,0,0,106,0.910377358490566,-0.11037735849056604,1.0,0.0,2.0,1.0,1.0,0.0,0.3030776571366807
res35_free_n4.0_stiff,0,voa,exact,3,300,none,1,0,1,0,0,138,0.9217391304347826,-0.12246376811594205,0.9927536231884058,0.007246376811594203,1.7463768115942029,0.9492753623188406,0.7971014492753623,0.0,0.3015392344669645
res35_free_n4.0_stiff,0,never,exact,3,300,none,1,0,1,0,0,277,0.4119133574007219,0.5537906137184117,0.5740072202166066,0.4259927797833935,0.0,0.0,0.0,0.0,0.3027631956107486
res35_free_n4.0_stiff,1,always,exact,3,300,none,1,0,1,0,0,106,0.910377358490566,-0.04905660377358491,1.0,0.0,2.0,1.0,1.0,0.0,0.30307765166173023
res35_free_n4.0_stiff,1,voa,exact,3,300,none,1,0,1,0,0,140,0.9135714285714286,-0.08357142857142857,0.9857142857142858,0.014285714285714285,1.7285714285714286,0.9357142857142857,0.7928571428571428,0.0,0.30275535144111526
res35_free_n4.0_stiff,1,never,exact,3,300,none,1,0,1,0,0,250,0.32239999999999985,0.6396000000000004,0.508,0.492,0.0,0.0,0.0,0.0,0.3030856045457208
res35_free_n4.0_stiff,2,always,exact,3,300,none,1,0,1,0,0,107,0.9065420560747663,-0.06074766355140187,1.0,0.0,2.0,1.0,1.0,0.0,0.30307765716399393
res35_free_n4.0_stiff,2,voa,exact,3,300,none,1,0,1,0,0,107,0.9065420560747663,-0.06074766355140187,1.0,0.0,1.7102803738317758,0.9345794392523364,0.7757009345794392,0.0,0.30307765716399393
res35_free_n4.0_stiff,2,never,exact,3,300,none,1,0,1,0,0,253,0.3335968379446639,0.6268774703557315,0.5177865612648221,0.48221343873517786,0.0,0.0,0.0,0.0,0.30308544247565067
res60_anch_n0.5_std,0,always,exact,3,300,none,1,0,1,0,0,151,0.8278145695364238,-0.03443708609271523,1.0,0.13245033112582782,1.2516556291390728,1.0,0.25165562913907286,0.0,0.30295082908683574
res60_anch_n0.5_std,0,voa,exact,3,300,none,1,0,1,0,0,151,0.8278145695364238,-0.03443708609271523,1.0,0.13245033112582782,1.0794701986754967,0.9867549668874173,0.09271523178807947,0.0,0.30295082908683574
res60_anch_n0.5_std,0,never,exact,3,300,none,0,0,0,0,0,299,0.33478260869565246,0.5826086956521747,0.5518394648829431,0.5117056856187291,0.0,0.0,0.0,0.0,0.00023829012327832074
res60_anch_n0.5_std,1,always,exact,3,300,none,1,0,1,0,0,152,0.8289473684210527,-0.034210526315789476,1.0,0.13157894736842105,1.256578947368421,1.0,0.2565789473684211,0.0,0.3029527391492472
res60_anch_n0.5_std,1,voa,exact,3,300,none,1,0,1,0,0,151,0.8278145695364238,-0.025827814569536426,0.9933774834437086,0.13245033112582782,1.0662251655629138,0.9735099337748344,0.09271523178807947,0.0,0.3029508099661955
res60_anch_n0.5_std,1,never,exact,3,300,none,0,0,0,0,0,299,0.33043478260869585,0.5869565217391312,0.5484949832775919,0.5150501672240803,0.0,0.0,0.0,0.0,0.00023642449310097094
res60_anch_n0.5_std,2,always,exact,3,300,none,1,0,1,0,0,152,0.8203947368421053,-0.034210526315789476,1.0,0.13815789473684212,1.256578947368421,1.0,0.2565789473684211,0.0,0.302950828982936
res60_anch_n0.5_std,2,voa,exact,3,300,none,1,0,1,0,0,152,0.8203947368421053,-0.034210526315789476,1.0,0.13815789473684212,1.0723684210526316,0.9736842105263158,0.09868421052631579,0.0,0.302950828982936
res60_anch_n0.5_std,2,never,exact,3,300,none,0,0,0,0,0,299,0.32173913043478286,0.5913043478260878,0.5451505016722408,0.5217391304347826,0.0,0.0,0.0,0.0,0.00023279980209947956
res60_anch_n0.5_stiff,0,always,exact,3,300,none,1,0,1,0,0,153,0.8300653594771242,-0.03398692810457517,1.0,0.13071895424836602,1.2483660130718954,1.0,0.24836601307189543,0.0,0.30333985415978193
res60_anch_n0.5_stiff,0,voa,exact,3,300,none,1,0,1,0,0,153,0.8300653594771242,-0.03398692810457517,1.0,0.13071895424836602,1.0784313725490196,0.9869281045751634,0.0915032679738562,0.0,0.30333985415978193
res60_anch_n0.5_stiff,0,never,exact,3,300,none,0,0,0,0,0,299,0.33478260869565246,0.5826086956521747,0.5518394648829431,0.5117056856187291,0.0,0.0,0.0,0.0,0.00023829012327832074
res60_anch_n0.5_stiff,1,always,exact,3,300,none,1,0,1,0,0,154,0.8311688311688312,-0.03376623376623377,1.0,0.12987012987012986,1.2532467532467533,1.0,0.2532467532467532,0.0,0.3033417642221944
res60_anch_n0.5_stiff,1,voa,exact,3,300,none,1,0,1,0,0,153,0.8300653594771242,-0.025490196078431376,0.9934640522875817,0.13071895424836602,1.065359477124183,0.9738562091503268,0.0915032679738562,0.0,0.3033398350391414
res60_anch_n0.5_stiff,1,never,exact,3,300,none,0,0,0,0,0,299,0.33043478260869585,0.5869565217391312,0.5484949832775919,0.5150501672240803,0.0,0.0,0.0,0.0,0.00023642449310097094
res60_anch_n0.5_stiff,2,always,exact,3,300,none,1,0,1,0,0,154,0.8227272727272728,-0.03376623376623377,1.0,0.13636363636363635,1.2532467532467533,1.0,0.2532467532467532,0.0,0.30333985405587915
res60_anch_n0.5_stiff,2,voa,exact,3,300,none,1,0,1,0,0,154,0.8227272727272728,-0.03376623376623377,1.0,0.13636363636363635,1.0714285714285714,0.974025974025974,0.09740259740259741,0.0,0.30333985405587915
res60_anch_n0.5_stiff,2,never,exact,3,300,none,0,0,0,0,0,299,0.32173913043478286,0.5913043478260878,0.5451505016722408,0.5217391304347826,0.0,0.0,0.0,0.0,0.00023279980209947956
res60_anch_n4.0_std,0,always,exact,3,300,none,1,0,1,0,0,152,0.8289473684210527,-0.04276315789473684,1.0,0.13157894736842105,1.256578947368421,1.0,0.2565789473684211,0.0,0.30295275826900225
res60_anch_n4.0_std,0,voa,exact,3,300,none,1,0,1,0,0,151,0.8105960264900662,-0.008609271523178811,0.9801324503311258,0.1456953642384106,1.0066225165562914,0.9205298013245033,0.08609271523178808,0.0,0.3029472794552237
res60_anch_n4.0_std,0,never,exact,3,300,none,0,0,0,0,0,299,0.4086956521739128,0.5086956521739131,0.6086956521739131,0.45484949832775917,0.0,0.0,0.0,0.0,0.00025143237648152456
res60_anch_n4.0_std,1,always,exact,3,300,none,1,0,1,0,0,152,0.8289473684210527,-0.02565789473684211,1.0,0.13157894736842105,1.256578947368421,1.0,0.2565789473684211,0.0,0.3029527391492472
res60_anch_n4.0_std,1,voa,exact,3,300,none,1,0,1,0,0,151,0.8278145695364238,-0.017218543046357615,0.9933774834437086,0.13245033112582782,1.0264900662251655,0.9337748344370861,0.09271523178807947,0.0,0.3029508099661955
res60_anch_n4.0_std,1,never,exact,3,300,none,0,0,0,0,0,299,0.382608695652174,0.5347826086956525,0.5886287625418061,0.47491638795986624,0.0,0.0,0.0,0.0,0.0002405956372960782
res60_anch_n4.0_std,2,always,exact,3,300,none,1,0,1,0,0,153,0.8215686274509804,-0.042483660130718956,1.0,0.13725490196078433,1.261437908496732,1.0,0.26143790849673204,0.0,0.3029527581558944
res60_anch_n4.0_std,2,voa,exact,3,300,none,1,0,1,0,0,152,0.8032894736842104,0.0,0.9802631578947368,0.1513157894736842,1.006578947368421,0.9276315789473685,0.07894736842105263,0.0,0.3029472807816901
res60_anch_n4.0_std,2,never,exact,3,300,none,0,0,0,0,0,299,0.38260869565217387,0.5304347826086959,0.5919732441471572,0.47491638795986624,0.0,0.0,0.0,0.0,0.00023496169668308376
res60_anch_n4.0_stiff,0,always,exact,3,300,none,1,0,1,0,0,154,0.8311688311688312,-0.04220779220779221,1.0,0.12987012987012986,1.2532467532467533,1.0,0.2532467532467532,0.0,0.30334178334194867
res60_anch_n4.0_stiff,0,voa,exact,3,300,none,1,0,1,0,0,153,0.8130718954248366,-0.008496732026143794,0.9803921568627451,0.1437908496732026,1.0130718954248366,0.9281045751633987,0.08496732026143791,0.0,0.3033363045281584
res60_anch_n4.0_stiff,0,never,exact,3,300,none,0,0,0,0,0,299,0.4086956521739128,0.5086956521739131,0.6086956521739131,0.45484949832775917,0.0,0.0,0.0,0.0,0.00025143237648152456
res60_anch_n4.0_stiff,1,always,exact,3,300,none,1,0,1,0,0,154,0.8311688311688312,-0.025324675324675326,1.0,0.12987012987012986,1.2532467532467533,1.0,0.2532467532467532,0.0,0.3033417642221944
res60_anch_n4.0_stiff,1,voa,exact,3,300,none,1,0,1,0,0,153,0.8300653594771242,-0.016993464052287584,0.9934640522875817,0.13071895424836602,1.026143790849673,0.934640522875817,0.0915032679738562,0.0,0.3033398350391414
res60_anch_n4.0_stiff,1,never,exact,3,300,none,0,0,0,0,0,299,0.382608695652174,0.5347826086956525,0.5886287625418061,0.47491638795986624,0.0,0.0,0.0,0.0,0.0002405956372960782
res60_anch_n4.0_stiff,2,always,exact,3,300,none,1,0,1,0,0,155,0.8238709677419355,-0.041935483870967745,1.0,0.13548387096774195,1.2580645161290323,1.0,0.25806451612903225,0.0,0.3033417832288388
res60_anch_n4.0_stiff,2,voa,exact,3,300,none,1,0,1,0,0,154,0.8058441558441558,0.0,0.9805194805194806,0.14935064935064934,1.0129870129870129,0.935064935064935,0.07792207792207792,0.0,0.30333630585462656
res60_anch_n4.0_stiff,2,never,exact,3,300,none,0,0,0,0,0,299,0.38260869565217387,0.5304347826086959,0.5919732441471572,0.47491638795986624,0.0,0.0,0.0,0.0,0.00023496169668308376
res60_free_n0.5_std,0,always,exact,3,300,none,1,0,1,0,0,151,0.9284768211920529,-0.03443708609271523,1.0,0.006622516556291391,1.2516556291390728,1.0,0.25165562913907286,0.0,0.30295082906478177
res60_free_n0.5_std,0,voa,exact,3,300,none,1,0,1,0,0,151,0.9284768211920529,-0.03443708609271523,1.0,0.006622516556291391,1.0794701986754967,0.9867549668874173,0.09271523178807947,0.0,0.30295082906478177
res60_free_n0.5_std,0,never,exact,3,300,none,0,0,0,0,0,299,0.3856187290969898,0.5826086956521747,0.5518394648829431,0.44816053511705684,0.0,0.0,0.0,0.0,0.00023829012328366032
res60_free_n0.5_std,1,always,exact,3,300,none,1,0,1,0,0,152,0.9289473684210525,-0.034210526315789476,1.0,0.006578947368421052,1.256578947368421,1.0,0.2565789473684211,0.0,0.3029527527825011
res60_free_n0.5_std,1,voa,exact,3,300,none,1,0,1,0,0,151,0.9284768211920529,-0.025827814569536426,0.9933774834437086,0.006622516556291391,1.0662251655629138,0.9735099337748344,0.09271523178807947,0.0,0.3029508236008174
res60_free_n0.5_std,1,never,exact,3,300,none,0,0,0,0,0,299,0.38127090301003325,0.5869565217391312,0.5484949832775919,0.451505016722408,0.0,0.0,0.0,0.0,0.00023642449307588627
res60_free_n0.5_std,2,always,exact,3,300,none,1,0,1,0,0,152,0.925657894736842,-0.034210526315789476,1.0,0.006578947368421052,1.256578947368421,1.0,0.2565789473684211,0.0,0.30295082896434883
res60_free_n0.5_std,2,voa,exact,3,300,none,1,0,1,0,0,152,0.925657894736842,-0.034210526315789476,1.0,0.006578947368421052,1.0723684210526316,0.9736842105263158,0.09868421052631579,0.0,0.30295082896434883
res60_free_n0.5_std,2,never,exact,3,300,none,0,0,0,0,0,299,0.37525083612040117,0.5913043478260878,0.5451505016722408,0.45484949832775917,0.0,0.0,0.0,0.0,0.00023279980206605572
res60_free_n0.5_stiff,0,always,exact,3,300,none,1,0,1,0,0,153,0.9294117647058823,-0.03398692810457517,1.0,0.006535947712418301,1.2483660130718954,1.0,0.24836601307189543,0.0,0.30333985592458634
res60_free_n0.5_stiff,0,voa,exact,3,300,none,1,0,1,0,0,153,0.9294117647058823,-0.03398692810457517,1.0,0.006535947712418301,1.0784313725490196,0.9869281045751634,0.0915032679738562,0.0,0.30333985592458634
res60_free_n0.5_stiff,0,never,exact,3,300,none,0,0,0,0,0,299,0.3856187290969898,0.5826086956521747,0.5518394648829431,0.44816053511705684,0.0,0.0,0.0,0.0,0.00023829012328366032
res60_free_n0.5_stiff,1,always,exact,3,300,none,1,0,1,0,0,154,0.9298701298701298,-0.03376623376623377,1.0,0.006493506493506494,1.2532467532467533,1.0,0.2532467532467532,0.0,0.3033417796415725
res60_free_n0.5_stiff,1,voa,exact,3,300,none,1,0,1,0,0,153,0.9294117647058823,-0.025490196078431376,0.9934640522875817,0.006535947712418301,1.065359477124183,0.9738562091503268,0.0915032679738562,0.0,0.30333985045989253
res60_free_n0.5_stiff,1,never,exact,3,300,none,0,0,0,0,0,299,0.38127090301003325,0.5869565217391312,0.5484949832775919,0.451505016722408,0.0,0.0,0.0,0.0,0.00023642449307588627
res60_free_n0.5_stiff,2,always,exact,3,300,none,1,0,1,0,0,154,0.9266233766233766,-0.03376623376623377,1.0,0.006493506493506494,1.2532467532467533,1.0,0.2532467532467532,0.0,0.3033398558283874
res60_free_n0.5_stiff,2,voa,exact,3,300,none,1,0,1,0,0,154,0.9266233766233766,-0.03376623376623377,1.0,0.006493506493506494,1.0714285714285714,0.974025974025974,0.09740259740259741,0.0,0.3033398558283874
res60_free_n0.5_stiff,2,never,exact,3,300,none,0,0,0,0,0,299,0.37525083612040117,0.5913043478260878,0.5451505016722408,0.45484949832775917,0.0,0.0,0.0,0.0,0.00023279980206605572
res60_free_n4.0_std,0,always,exact,3,300,none,1,0,1,0,0,152,0.9289473684210525,-0.04276315789473684,1.0,0.006578947368421052,1.256578947368421,1.0,0.2565789473684211,0.0,0.30295275824496626
res60_free_n4.0_std,0,voa,exact,3,300,none,1,0,1,0,0,151,0.9112582781456954,-0.008609271523178811,0.9801324503311258,0.019867549668874173,1.0066225165562914,0.9205298013245033,0.08609271523178808,0.0,0.3029472797411095
res60_free_n4.0_std,0,never,exact,3,300,none,0,0,0,0,0,299,0.45953177257525074,0.5086956521739131,0.6086956521739131,0.391304347826087,0.0,0.0,0.0,0.0,0.0002514323764895535
res60_free_n4.0_std,1,always,exact,3,300,none,1,0,1,0,0,152,0.9289473684210525,-0.02565789473684211,1.0,0.006578947368421052,1.256578947368421,1.0,0.2565789473684211,0.0,0.3029527527825011
res60_free_n4.0_std,1,voa,exact,3,300,none,1,0,1,0,0,151,0.9284768211920529,-0.017218543046357615,0.9933774834437086,0.006622516556291391,1.0264900662251655,0.9337748344370861,0.09271523178807947,0.0,0.3029508236008174
res60_free_n4.0_std,1,never,exact,3,300,none,0,0,0,0,0,299,0.4334448160535116,0.5347826086956525,0.5886287625418061,0.411371237458194,0.0,0.0,0.0,0.0,0.00024059563729304765
res60_free_n4.0_std,2,always,exact,3,300,none,1,0,1,0,0,153,0.9261437908496731,-0.042483660130718956,1.0,0.006535947712418301,1.261437908496732,1.0,0.26143790849673204,0.0,0.3029527581356535
res60_free_n4.0_std,2,voa,exact,3,300,none,1,0,1,0,0,152,0.9085526315789473,0.0,0.9802631578947368,0.019736842105263157,1.006578947368421,0.9276315789473685,0.07894736842105263,0.0,0.3029472810144082
res60_free_n4.0_std,2,never,exact,3,300,none,0,0,0,0,0,299,0.43612040133779256,0.5304347826086959,0.5919732441471572,0.4080267558528428,0.0,0.0,0.0,0.0,0.00023496169667012404
res60_free_n4.0_stiff,0,always,exact,3,300,none,1,0,1,0,0,154,0.9298701298701298,-0.04220779220779221,1.0,0.006493506493506494,1.2532467532467533,1.0,0.2532467532467532,0.0,0.3033417851047707
res60_free_n4.0_stiff,0,voa,exact,3,300,none,1,0,1,0,0,153,0.9124183006535947,-0.008496732026143794,0.9803921568627451,0.0196078431372549,1.0130718954248366,0.9281045751633987,0.08496732026143791,0.0,0.3033363066228193
res60_free_n4.0_stiff,0,never,exact,3,300,none,0,0,0,0,0,299,0.45953177257525074,0.5086956521739131,0.6086956521739131,0.391304347826087,0.0,0.0,0.0,0.0,0.0002514323764895535
res60_free_n4.0_stiff,1,always,exact,3,300,none,1,0,1,0,0,154,0.9298701298701298,-0.025324675324675326,1.0,0.006493506493506494,1.2532467532467533,1.0,0.2532467532467532,0.0,0.3033417796415725
res60_free_n4.0_stiff,1,voa,exact,3,300,none,1,0,1,0,0,153,0.9294117647058823,-0.016993464052287584,0.9934640522875817,0.006535947712418301,1.026143790849673,0.934640522875817,0.0915032679738562,0.0,0.30333985045989253
res60_free_n4.0_stiff,1,never,exact,3,300,none,0,0,0,0,0,299,0.4334448160535116,0.5347826086956525,0.5886287625418061,0.411371237458194,0.0,0.0,0.0,0.0,0.00024059563729304765
res60_free_n4.0_stiff,2,always,exact,3,300,none,1,0,1,0,0,155,0.9270967741935483,-0.041935483870967745,1.0,0.0064516129032258064,1.2580645161290323,1.0,0.25806451612903225,0.0,0.3033417849996885
res60_free_n4.0_stiff,2,voa,exact,3,300,none,1,0,1,0,0,154,0.9097402597402597,0.0,0.9805194805194806,0.01948051948051948,1.0129870129870129,0.935064935064935,0.07792207792207792,0.0,0.30333630789611804
res60_free_n4.0_stiff,2,never,exact,3,300,none,0,0,0,0,0,299,0.43612040133779256,0.5304347826086959,0.5919732441471572,0.4080267558528428,0.0,0.0,0.0,0.0,0.00023496169667012404
res85_anch_n0.5_std,0,always,exact,3,300,none,0,0,0,0,0,299,0.9130434782608695,-0.017391304347826087,1.0,0.06688963210702341,1.1270903010033444,1.0,0.12709030100334448,0.0,0.0006242601542346697
res85_anch_n0.5_std,0,voa,exact,3,300,none,0,0,0,0,0,299,0.9130434782608695,-0.017391304347826087,1.0,0.06688963210702341,0.3979933110367893,0.3511705685618729,0.046822742474916385,0.0,0.0006242601542346697
res85_anch_n0.5_std,0,never,exact,3,300,none,0,0,0,0,0,299,0.33478260869565246,0.5826086956521747,0.5518394648829431,0.5117056856187291,0.0,0.0,0.0,0.0,0.00023829012327832074
res85_anch_n0.5_std,1,always,exact,3,300,none,0,0,0,0,0,299,0.9130434782608695,-0.017391304347826087,1.0,0.06688963210702341,1.1304347826086956,1.0,0.13043478260869565,0.0,0.0006237382741699198
res85_anch_n0.5_std,1,voa,exact,3,300,none,0,0,0,0,0,299,0.9130434782608695,-0.013043478260869566,0.9966555183946488,0.06688963210702341,0.391304347826087,0.34448160535117056,0.046822742474916385,0.0,0.0006242410336584397
res85_anch_n0.5_std,1,never,exact,3,300,none,0,0,0,0,0,299,0.33043478260869585,0.5869565217391312,0.5484949832775919,0.5150501672240803,0.0,0.0,0.0,0.0,0.00023642449310097094
res85_anch_n0.5_std,2,always,exact,3,300,none,0,0,0,0,0,299,0.908695652173913,-0.017391304347826087,1.0,0.07023411371237458,1.1304347826086956,1.0,0.13043478260869565,0.0,0.0006218281075986722
res85_anch_n0.5_std,2,voa,exact,3,300,none,0,0,0,0,0,299,0.908695652173913,-0.017391304347826087,1.0,0.07023411371237458,0.4013377926421405,0.3511705685618729,0.05016722408026756,0.0,0.0006218281075986722
res85_anch_n0.5_std,2,never,exact,3,300,none,0,0,0,0,0,299,0.32173913043478286,0.5913043478260878,0.5451505016722408,0.5217391304347826,0.0,0.0,0.0,0.0,0.00023279980209947956
res85_anch_n0.5_stiff,0,always,exact,3,300,none,0,0,0,0,0,299,0.9130434782608695,-0.017391304347826087,1.0,0.06688963210702341,1.1270903010033444,1.0,0.12709030100334448,0.0,0.0006242601542346697
res85_anch_n0.5_stiff,0,voa,exact,3,300,none,0,0,0,0,0,299,0.9130434782608695,-0.017391304347826087,1.0,0.06688963210702341,0.3979933110367893,0.3511705685618729,0.046822742474916385,0.0,0.0006242601542346697
res85_anch_n0.5_stiff,0,never,exact,3,300,none,0,0,0,0,0,299,0.33478260869565246,0.5826086956521747,0.5518394648829431,0.5117056856187291,0.0,0.0,0.0,0.0,0.00023829012327832074
res85_anch_n0.5_stiff,1,always,exact,3,300,none,0,0,0,0,0,299,0.9130434782608695,-0.017391304347826087,1.0,0.06688963210702341,1.1304347826086956,1.0,0.13043478260869565,0.0,0.0006237382741699198
res85_anch_n0.5_stiff,1,voa,exact,3,300,none,0,0,0,0,0,299,0.9130434782608695,-0.013043478260869566,0.9966555183946488,0.06688963210702341,0.391304347826087,0.34448160535117056,0.046822742474916385,0.0,0.0006242410336584397
res85_anch_n0.5_stiff,1,never,exact,3,300,none,0,0,0,0,0,299,0.33043478260869585,0.5869565217391312,0.5484949832775919,0.5150501672240803,0.0,0.0,0.0,0.0,0.00023642449310097094
res85_anch_n0.5_stiff,2,always,exact,3,300,none,0,0,0,0,0,299,0.908695652173913,-0.017391304347826087,1.0,0.07023411371237458,1.1304347826086956,1.0,0.13043478260869565,0.0,0.0006218281075986722
res85_anch_n0.5_stiff,2,voa,exact,3,300,none,0,0,0,0,0,299,0.908695652173913,-0.017391304347826087,1.0,0.07023411371237458,0.4013377926421405,0.3511705685618729,0.05016722408026756,0.0,0.0006218281075986722
res85_anch_n0.5_stiff,2,never,exact,3,300,none,0,0,0,0,0,299,0.32173913043478286,0.5913043478260878,0.5451505016722408,0.5217391304347826,0.0,0.0,0.0,0.0,0.00023279980209947956
res85_anch_n4.0_std,0,always,exact,3,300,none,0,0,0,0,0,299,0.9130434782608695,-0.021739130434782608,1.0,0.06688963210702341,1.1304347826086956,1.0,0.13043478260869565,0.0,0.0006237573938857725
res85_anch_n4.0_std,0,voa,exact,3,300,none,0,0,0,0,0,299,0.9043478260869564,-0.0043478260869565235,0.9899665551839465,0.07357859531772576,0.3779264214046823,0.33444816053511706,0.043478260869565216,0.0,0.0006207105215149816
res85_anch_n4.0_std,0,never,exact,3,300,none,0,0,0,0,0,299,0.4086956521739128,0.5086956521739131,0.6086956521739131,0.45484949832775917,0.0,0.0,0.0,0.0,0.00025143237648152456
res85_anch_n4.0_std,1,always,exact,3,300,none,0,0,0,0,0,299,0.9130434782608695,-0.013043478260869566,1.0,0.06688963210702341,1.1304347826086956,1.0,0.13043478260869565,0.0,0.0006237382741699198
res85_anch_n4.0_std,1,voa,exact,3,300,none,0,0,0,0,0,299,0.9130434782608695,-0.008695652173913044,0.9966555183946488,0.06688963210702341,0.391304347826087,0.34448160535117056,0.046822742474916385,0.0,0.0006242410336584397
res85_anch_n4.0_std,1,never,exact,3,300,none,0,0,0,0,0,299,0.382608695652174,0.5347826086956525,0.5886287625418061,0.47491638795986624,0.0,0.0,0.0,0.0,0.0002405956372960782
res85_anch_n4.0_std,2,always,exact,3,300,none,0,0,0,0,0,299,0.908695652173913,-0.021739130434782608,1.0,0.07023411371237458,1.1337792642140467,1.0,0.13377926421404682,0.0,0.0006213253380262734
res85_anch_n4.0_std,2,voa,exact,3,300,none,0,0,0,0,0,299,0.9,0.0,0.9899665551839465,0.07692307692307693,0.36789297658862874,0.3277591973244147,0.04013377926421405,0.0,0.0006182799055023506
res85_anch_n4.0_std,2,never,exact,3,300,none,0,0,0,0,0,299,0.38260869565217387,0.5304347826086959,0.5919732441471572,0.47491638795986624,0.0,0.0,0.0,0.0,0.00023496169668308376
res85_anch_n4.0_stiff,0,always,exact,3,300,none,0,0,0,0,0,299,0.9130434782608695,-0.021739130434782608,1.0,0.06688963210702341,1.1304347826086956,1.0,0.13043478260869565,0.0,0.0006237573938857725
res85_anch_n4.0_stiff,0,voa,exact,3,300,none,0,0,0,0,0,299,0.9043478260869564,-0.0043478260869565235,0.9899665551839465,0.07357859531772576,0.3779264214046823,0.33444816053511706,0.043478260869565216,0.0,0.0006207105215149816
res85_anch_n4.0_stiff,0,never,exact,3,300,none,0,0,0,0,0,299,0.4086956521739128,0.5086956521739131,0.6086956521739131,0.45484949832775917,0.0,0.0,0.0,0.0,0.00025143237648152456
res85_anch_n4.0_stiff,1,always,exact,3,300,none,0,0,0,0,0,299,0.9130434782608695,-0.013043478260869566,1.0,0.06688963210702341,1.1304347826086956,1.0,0.13043478260869565,0.0,0.0006237382741699198
res85_anch_n4.0_stiff,1,voa,exact,3,300,none,0,0,0,0,0,299,0.9130434782608695,-0.008695652173913044,0.9966555183946488,0.06688963210702341,0.391304347826087,0.34448160535117056,0.046822742474916385,0.0,0.0006242410336584397
res85_anch_n4.0_stiff,1,never,exact,3,300,none,0,0,0,0,0,299,0.382608695652174,0.5347826086956525,0.5886287625418061,0.47491638795986624,0.0,0.0,0.0,0.0,0.0002405956372960782
res85_anch_n4.0_stiff,2,always,exact,3,300,none,0,0,0,0,0,299,0.908695652173913,-0.021739130434782608,1.0,0.07023411371237458,1.1337792642140467,1.0,0.13377926421404682,0.0,0.0006213253380262734
res85_anch_n4.0_stiff,2,voa,exact,3,300,none,0,0,0,0,0,299,0.9,0.0,0.9899665551839465,0.07692307692307693,0.36789297658862874,0.3277591973244147,0.04013377926421405,0.0,0.0006182799055023506
res85_anch_n4.0_stiff,2,never,exact,3,300,none,0,0,0,0,0,299,0.38260869565217387,0.5304347826086959,0.5919732441471572,0.47491638795986624,0.0,0.0,0.0,0.0,0.00023496169668308376
res85_free_n0.5_std,0,always,exact,3,300,none,0,0,0,0,0,299,0.9638795986622073,-0.017391304347826087,1.0,0.0033444816053511705,1.1270903010033444,1.0,0.12709030100334448,0.0,0.0006242601321502361
res85_free_n0.5_std,0,voa,exact,3,300,none,0,0,0,0,0,299,0.9638795986622073,-0.017391304347826087,1.0,0.0033444816053511705,0.3979933110367893,0.3511705685618729,0.046822742474916385,0.0,0.0006242601321502361
res85_free_n0.5_std,0,never,exact,3,300,none,0,0,0,0,0,299,0.3856187290969898,0.5826086956521747,0.5518394648829431,0.44816053511705684,0.0,0.0,0.0,0.0,0.00023829012328366032
res85_free_n0.5_std,1,always,exact,3,300,none,0,0,0,0,0,299,0.9638795986622073,-0.017391304347826087,1.0,0.0033444816053511705,1.1304347826086956,1.0,0.13043478260869565,0.0,0.00062375190741478
res85_free_n0.5_std,1,voa,exact,3,300,none,0,0,0,0,0,299,0.9638795986622073,-0.013043478260869566,0.9966555183946488,0.0033444816053511705,0.391304347826087,0.34448160535117056,0.046822742474916385,0.0,0.0006242546681883793
res85_free_n0.5_std,1,never,exact,3,300,none,0,0,0,0,0,299,0.38127090301003325,0.5869565217391312,0.5484949832775919,0.451505016722408,0.0,0.0,0.0,0.0,0.00023642449307588627
res85_free_n0.5_std,2,always,exact,3,300,none,0,0,0,0,0,299,0.9622073578595317,-0.017391304347826087,1.0,0.0033444816053511705,1.1304347826086956,1.0,0.13043478260869565,0.0,0.0006218280889791823
res85_free_n0.5_std,2,voa,exact,3,300,none,0,0,0,0,0,299,0.9622073578595317,-0.017391304347826087,1.0,0.0033444816053511705,0.4013377926421405,0.3511705685618729,0.05016722408026756,0.0,0.0006218280889791823
res85_free_n0.5_std,2,never,exact,3,300,none,0,0,0,0,0,299,0.37525083612040117,0.5913043478260878,0.5451505016722408,0.45484949832775917,0.0,0.0,0.0,0.0,0.00023279980206605572
res85_free_n0.5_stiff,0,always,exact,3,300,none,0,0,0,0,0,299,0.9638795986622073,-0.017391304347826087,1.0,0.0033444816053511705,1.1270903010033444,1.0,0.12709030100334448,0.0,0.0006242601321502361
res85_free_n0.5_stiff,0,voa,exact,3,300,none,0,0,0,0,0,299,0.9638795986622073,-0.017391304347826087,1.0,0.0033444816053511705,0.3979933110367893,0.3511705685618729,0.046822742474916385,0.0,0.0006242601321502361
res85_free_n0.5_stiff,0,never,exact,3,300,none,0,0,0,0,0,299,0.3856187290969898,0.5826086956521747,0.5518394648829431,0.44816053511705684,0.0,0.0,0.0,0.0,0.00023829012328366032
res85_free_n0.5_stiff,1,always,exact,3,300,none,0,0,0,0,0,299,0.9638795986622073,-0.017391304347826087,1.0,0.0033444816053511705,1.1304347826086956,1.0,0.13043478260869565,0.0,0.00062375190741478
res85_free_n0.5_stiff,1,voa,exact,3,300,none,0,0,0,0,0,299,0.9638795986622073,-0.013043478260869566,0.9966555183946488,0.0033444816053511705,0.391304347826087,0.34448160535117056,0.046822742474916385,0.0,0.0006242546681883793
res85_free_n0.5_stiff,1,never,exact,3,300,none,0,0,0,0,0,299,0.38127090301003325,0.5869565217391312,0.5484949832775919,0.451505016722408,0.0,0.0,0.0,0.0,0.00023642449307588627
res85_free_n0.5_stiff,2,always,exact,3,300,none,0,0,0,0,0,299,0.9622073578595317,-0.017391304347826087,1.0,0.0033444816053511705,1.1304347826086956,1.0,0.13043478260869565,0.0,0.0006218280889791823
res85_free_n0.5_stiff,2,voa,exact,3,300,none,0,0,0,0,0,299,0.9622073578595317,-0.017391304347826087,1.0,0.0033444816053511705,0.4013377926421405,0.3511705685618729,0.05016722408026756,0.0,0.0006218280889791823
res85_free_n0.5_stiff,2,never,exact,3,300,none,0,0,0,0,0,299,0.37525083612040117,0.5913043478260878,0.5451505016722408,0.45484949832775917,0.0,0.0,0.0,0.0,0.00023279980206605572
res85_free_n4.0_std,0,always,exact,3,300,none,0,0,0,0,0,299,0.9638795986622073,-0.021739130434782608,1.0,0.0033444816053511705,1.1304347826086956,1.0,0.13043478260869565,0.0,0.0006237573697990565
res85_free_n4.0_std,0,voa,exact,3,300,none,0,0,0,0,0,299,0.9551839464882944,-0.0043478260869565235,0.9899665551839465,0.010033444816053512,0.3779264214046823,0.33444816053511706,0.043478260869565216,0.0,0.0006207108074044739
res85_free_n4.0_std,0,never,exact,3,300,none,0,0,0,0,0,299,0.45953177257525074,0.5086956521739131,0.6086956521739131,0.391304347826087,0.0,0.0,0.0,0.0,0.0002514323764895535
res85_free_n4.0_std,1,always,exact,3,300,none,0,0,0,0,0,299,0.9638795986622073,-0.013043478260869566,1.0,0.0033444816053511705,1.1304347826086956,1.0,0.13043478260869565,0.0,0.00062375190741478
res85_free_n4.0_std,1,voa,exact,3,300,none,0,0,0,0,0,299,0.9638795986622073,-0.008695652173913044,0.9966555183946488,0.0033444816053511705,0.391304347826087,0.34448160535117056,0.046822742474916385,0.0,0.0006242546681883793
res85_free_n4.0_std,1,never,exact,3,300,none,0,0,0,0,0,299,0.4334448160535116,0.5347826086956525,0.5886287625418061,0.411371237458194,0.0,0.0,0.0,0.0,0.00024059563729304765
res85_free_n4.0_std,2,always,exact,3,300,none,0,0,0,0,0,299,0.9622073578595317,-0.021739130434782608,1.0,0.0033444816053511705,1.1337792642140467,1.0,0.13377926421404682,0.0,0.000621325317762272
res85_free_n4.0_std,2,voa,exact,3,300,none,0,0,0,0,0,299,0.9535117056856188,0.0,0.9899665551839465,0.010033444816053512,0.36789297658862874,0.3277591973244147,0.04013377926421405,0.0,0.0006182801381942507
res85_free_n4.0_std,2,never,exact,3,300,none,0,0,0,0,0,299,0.43612040133779256,0.5304347826086959,0.5919732441471572,0.4080267558528428,0.0,0.0,0.0,0.0,0.00023496169667012404
res85_free_n4.0_stiff,0,always,exact,3,300,none,0,0,0,0,0,299,0.9638795986622073,-0.021739130434782608,1.0,0.0033444816053511705,1.1304347826086956,1.0,0.13043478260869565,0.0,0.0006237573697990565
res85_free_n4.0_stiff,0,voa,exact,3,300,none,0,0,0,0,0,299,0.9551839464882944,-0.0043478260869565235,0.9899665551839465,0.010033444816053512,0.3779264214046823,0.33444816053511706,0.043478260869565216,0.0,0.0006207108074044739
res85_free_n4.0_stiff,0,never,exact,3,300,none,0,0,0,0,0,299,0.45953177257525074,0.5086956521739131,0.6086956521739131,0.391304347826087,0.0,0.0,0.0,0.0,0.0002514323764895535
res85_free_n4.0_stiff,1,always,exact,3,300,none,0,0,0,0,0,299,0.9638795986622073,-0.013043478260869566,1.0,0.0033444816053511705,1.1304347826086956,1.0,0.13043478260869565,0.0,0.00062375190741478
res85_free_n4.0_stiff,1,voa,exact,3,300,none,0,0,0,0,0,299,0.9638795986622073,-0.008695652173913044,0.9966555183946488,0.0033444816053511705,0.391304347826087,0.34448160535117056,0.046822742474916385,0.0,0.0006242546681883793
res85_free_n4.0_stiff,1,never,exact,3,300,none,0,0,0,0,0,299,0.4334448160535116,0.5347826086956525,0.5886287625418061,0.411371237458194,0.0,0.0,0.0,0.0,0.00024059563729304765
res85_free_n4.0_stiff,2,always,exact,3,300,none,0,0,0,0,0,299,0.9622073578595317,-0.021739130434782608,1.0,0.0033444816053511705,1.1337792642140467,1.0,0.13377926421404682,0.0,0.000621325317762272
res85_free_n4.0_stiff,2,voa,exact,3,300,none,0,0,0,0,0,299,0.9535117056856188,0.0,0.9899665551839465,0.010033444816053512,0.36789297658862874,0.3277591973244147,0.04013377926421405,0.0,0.0006182801381942507
res85_free_n4.0_stiff,2,never,exact,3,300,none,0,0,0,0,0,299,0.43612040133779256,0.5304347826086959,0.5919732441471572,0.4080267558528428,0.0,0.0,0.0,0.0,0.00023496169667012404
res35_anch_n0.5_std,0,always,exact,3,600,none,1,0,1,0,0,123,0.7991869918699187,0.0,1.0,0.15447154471544716,2.0,1.0,1.0,0.0,0.30158503696575795
res35_anch_n0.5_std,0,voa,exact,3,600,none,1,0,1,0,0,123,0.7991869918699187,0.0,1.0,0.15447154471544716,1.8048780487804879,0.991869918699187,0.8130081300813008,0.0,0.30158503696575795
res35_anch_n0.5_std,0,never,exact,3,600,none,1,0,1,0,0,267,0.2550561797752812,0.6524344569288397,0.49812734082397003,0.5730337078651685,0.0,0.0,0.0,0.0,0.30159068011013573
res35_anch_n0.5_std,1,always,exact,3,600,none,1,0,1,0,0,123,0.7991869918699187,0.0,1.0,0.15447154471544716,2.0,1.0,1.0,0.0,0.3015850178923917
res35_anch_n0.5_std,1,voa,exact,3,600,none,1,0,1,0,0,123,0.7991869918699187,0.0,1.0,0.15447154471544716,1.7886178861788617,0.975609756097561,0.8130081300813008,0.0,0.3015850178923917
res35_anch_n0.5_std,1,never,exact,3,600,none,1,0,1,0,0,268,0.2529850746268659,0.6548507462686576,0.4962686567164179,0.5746268656716418,0.0,0.0,0.0,0.0,0.3015906384362769
res35_anch_n0.5_std,2,always,exact,3,600,none,1,0,1,0,0,124,0.7903225806451613,0.0,1.0,0.16129032258064516,2.0,1.0,1.0,0.0,0.30158503726629327
res35_anch_n0.5_std,2,voa,exact,3,600,none,1,0,1,0,0,124,0.7903225806451613,0.0,1.0,0.16129032258064516,1.782258064516129,0.9758064516129032,0.8064516129032258,0.0,0.30158503726629327
res35_anch_n0.5_std,2,never,exact,3,600,none,1,0,1,0,0,270,0.24888888888888916,0.6548148148148157,0.4962962962962963,0.5777777777777777,0.0,0.0,0.0,0.0,0.30159066165845727
res35_anch_n0.5_stiff,0,always,exact,3,600,none,1,0,1,0,0,106,0.7669811320754717,-0.012264150943396227,1.0,0.1792452830188679,2.0,1.0,1.0,0.0,0.30307765713653767
res35_anch_n0.5_stiff,0,voa,exact,3,600,none,1,0,1,0,0,106,0.7669811320754717,-0.012264150943396227,1.0,0.1792452830188679,1.7735849056603774,0.9905660377358491,0.7830188679245284,0.0,0.30307765713653767
res35_anch_n0.5_stiff,0,never,exact,3,600,none,1,0,1,0,0,250,0.2044000000000003,0.6968000000000009,0.464,0.612,0.0,0.0,0.0,0.0,0.30308329903159353
res35_anch_n0.5_stiff,1,always,exact,3,600,none,1,0,1,0,0,106,0.7669811320754717,0.0,1.0,0.1792452830188679,2.0,1.0,1.0,0.0,0.3030776380113798
res35_anch_n0.5_stiff,1,voa,exact,3,600,none,1,0,1,0,0,106,0.7669811320754717,0.0,1.0,0.1792452830188679,1.7547169811320755,0.9716981132075472,0.7830188679245284,0.0,0.3030776380113798
res35_anch_n0.5_stiff,1,never,exact,3,600,none,1,0,1,0,0,251,0.20239043824701225,0.699203187250997,0.46215139442231074,0.6135458167330677,0.0,0.0,0.0,0.0,0.30308325735819913
res35_anch_n0.5_stiff,2,always,exact,3,600,none,1,0,1,0,0,107,0.7570093457943925,-0.012149532710280374,1.0,0.18691588785046728,2.0,1.0,1.0,0.0,0.30307765716386886
res35_anch_n0.5_stiff,2,voa,exact,3,600,none,1,0,1,0,0,107,0.7570093457943925,-0.012149532710280374,1.0,0.18691588785046728,1.7476635514018692,0.9719626168224299,0.7757009345794392,0.0,0.30307765716386886
res35_anch_n0.5_stiff,2,never,exact,3,600,none,1,0,1,0,0,253,0.19841897233201614,0.6988142292490128,0.4624505928853755,0.616600790513834,0.0,0.0,0.0,0.0,0.3030832805809011
res35_anch_n4.0_std,0,always,exact,3,600,none,1,0,1,0,0,123,0.7991869918699187,-0.10569105691056913,1.0,0.15447154471544716,2.0,1.0,1.0,0.0,0.30158503696575795
res35_anch_n4.0_std,0,voa,exact,3,600,none,1,0,1,0,0,138,0.8115942028985508,-0.08478260869565218,0.9927536231884058,0.14492753623188406,1.7463768115942029,0.9492753623188406,0.7971014492753623,0.0,0.3033050275258956
res35_anch_n4.0_std,0,never,exact,3,600,none,1,0,1,0,0,261,0.32260536398467404,0.5827586206896552,0.5517241379310345,0.5210727969348659,0.0,0.0,0.0,0.0,0.301592878623427
res35_anch_n4.0_std,1,always,exact,3,600,none,1,0,1,0,0,123,0.7991869918699187,-0.052845528455284556,1.0,0.15447154471544716,2.0,1.0,1.0,0.0,0.3015850178923917
res35_anch_n4.0_std,1,voa,exact,3,600,none,1,0,1,0,0,138,0.8115942028985508,-0.07536231884057971,0.9927536231884058,0.14492753623188406,1.7391304347826086,0.9420289855072463,0.7971014492753623,0.0,0.30329097637954006
res35_anch_n4.0_std,1,never,exact,3,600,none,1,0,1,0,0,267,0.3086142322097379,0.5988764044943824,0.5393258426966292,0.5318352059925093,0.0,0.0,0.0,0.0,0.30159298562537357
res35_anch_n4.0_std,2,always,exact,3,600,none,1,0,1,0,0,124,0.7903225806451613,-0.09435483870967742,1.0,0.16129032258064516,2.0,1.0,1.0,0.0,0.30158503726629327
res35_anch_n4.0_std,2,voa,exact,3,600,none,1,0,1,0,0,139,0.8035971223021583,-0.11223021582733815,0.9928057553956835,0.1510791366906475,1.7410071942446044,0.9424460431654677,0.7985611510791367,0.0,0.3032924871341094
res35_anch_n4.0_std,2,never,exact,3,600,none,1,0,1,0,0,270,0.31629629629629624,0.5874074074074077,0.5481481481481482,0.5259259259259259,0.0,0.0,0.0,0.0,0.30159282355516515
res35_anch_n4.0_stiff,0,always,exact,3,600,none,1,0,1,0,0,106,0.7669811320754717,-0.11037735849056604,1.0,0.1792452830188679,2.0,1.0,1.0,0.0,0.30307765713653767
res35_anch_n4.0_stiff,0,voa,exact,3,600,none,1,0,1,0,0,138,0.8115942028985508,-0.12246376811594205,0.9927536231884058,0.14492753623188406,1.7463768115942029,0.9492753623188406,0.7971014492753623,0.0,0.30154044183102446
res35_anch_n4.0_stiff,0,never,exact,3,600,none,1,0,1,0,0,277,0.3570397111913355,0.5537906137184117,0.5740072202166066,0.49458483754512633,0.0,0.0,0.0,0.0,0.3027645591234119
res35_anch_n4.0_stiff,1,always,exact,3,600,none,1,0,1,0,0,106,0.7669811320754717,-0.04905660377358491,1.0,0.1792452830188679,2.0,1.0,1.0,0.0,0.3030776380113798
res35_anch_n4.0_stiff,1,voa,exact,3,600,none,1,0,1,0,0,140,0.805,-0.08357142857142857,0.9857142857142858,0.15,1.7285714285714286,0.9357142857142857,0.7928571428571428,0.0,0.30275669948159567
res35_anch_n4.0_stiff,1,never,exact,3,600,none,1,0,1,0,0,250,0.26160000000000005,0.6396000000000004,0.508,0.568,0.0,0.0,0.0,0.0,0.3030856045457201
res35_anch_n4.0_stiff,2,always,exact,3,600,none,1,0,1,0,0,107,0.7570093457943925,-0.06074766355140187,1.0,0.18691588785046728,2.0,1.0,1.0,0.0,0.30307765716386886
res35_anch_n4.0_stiff,2,voa,exact,3,600,none,1,0,1,0,0,107,0.7570093457943925,-0.06074766355140187,1.0,0.18691588785046728,1.7102803738317758,0.9345794392523364,0.7757009345794392,0.0,0.30307765716386886
res35_anch_n4.0_stiff,2,never,exact,3,600,none,1,0,1,0,0,253,0.27035573122529644,0.6268774703557315,0.5177865612648221,0.5612648221343873,0.0,0.0,0.0,0.0,0.30308544247564806
res35_free_n0.5_std,0,always,exact,3,600,none,1,0,1,0,0,123,0.9227642276422764,0.0,1.0,0.0,2.0,1.0,1.0,0.0,0.30158503696694505
res35_free_n0.5_std,0,voa,exact,3,600,none,1,0,1,0,0,123,0.9227642276422764,0.0,1.0,0.0,1.8048780487804879,0.991869918699187,0.8130081300813008,0.0,0.30158503696694505
res35_free_n0.5_std,0,never,exact,3,600,none,1,0,1,0,0,267,0.31198501872659157,0.6524344569288397,0.49812734082397003,0.50187265917603,0.0,0.0,0.0,0.0,0.30159068011013607
res35_free_n0.5_std,1,always,exact,3,600,none,1,0,1,0,0,123,0.9227642276422764,0.0,1.0,0.0,2.0,1.0,1.0,0.0,0.30158503154745775
res35_free_n0.5_std,1,voa,exact,3,600,none,1,0,1,0,0,123,0.9227642276422764,0.0,1.0,0.0,1.7886178861788617,0.975609756097561,0.8130081300813008,0.0,0.30158503154745775
res35_free_n0.5_std,1,never,exact,3,600,none,1,0,1,0,0,268,0.3097014925373132,0.6548507462686576,0.4962686567164179,0.503731343283582,0.0,0.0,0.0,0.0,0.3015906384362764
res35_free_n0.5_std,2,always,exact,3,600,none,1,0,1,0,0,124,0.9193548387096774,0.0,1.0,0.0,2.0,1.0,1.0,0.0,0.3015850372673458
res35_free_n0.5_std,2,voa,exact,3,600,none,1,0,1,0,0,124,0.9193548387096774,0.0,1.0,0.0,1.782258064516129,0.9758064516129032,0.8064516129032258,0.0,0.3015850372673458
res35_free_n0.5_std,2,never,exact,3,600,none,1,0,1,0,0,270,0.30814814814814795,0.6548148148148157,0.4962962962962963,0.5037037037037037,0.0,0.0,0.0,0.0,0.3015906616584583
res35_free_n0.5_stiff,0,always,exact,3,600,none,1,0,1,0,0,106,0.910377358490566,-0.012264150943396227,1.0,0.0,2.0,1.0,1.0,0.0,0.3030776571366807
res35_free_n0.5_stiff,0,voa,exact,3,600,none,1,0,1,0,0,106,0.910377358490566,-0.012264150943396227,1.0,0.0,1.7735849056603774,0.9905660377358491,0.7830188679245284,0.0,0.3030776571366807
res35_free_n0.5_stiff,0,never,exact,3,600,none,1,0,1,0,0,250,0.2651999999999998,0.6968000000000009,0.464,0.536,0.0,0.0,0.0,0.0,0.30308329903159364
res35_free_n0.5_stiff,1,always,exact,3,600,none,1,0,1,0,0,106,0.910377358490566,0.0,1.0,0.0,2.0,1.0,1.0,0.0,0.30307765166173023
res35_free_n0.5_stiff,1,voa,exact,3,600,none,1,0,1,0,0,106,0.910377358490566,0.0,1.0,0.0,1.7547169811320755,0.9716981132075472,0.7830188679245284,0.0,0.30307765166173023
res35_free_n0.5_stiff,1,never,exact,3,600,none,1,0,1,0,0,251,0.2629482071713145,0.699203187250997,0.46215139442231074,0.5378486055776892,0.0,0.0,0.0,0.0,0.3030832573581985
res35_free_n0.5_stiff,2,always,exact,3,600,none,1,0,1,0,0,107,0.9065420560747663,-0.012149532710280374,1.0,0.0,2.0,1.0,1.0,0.0,0.30307765716399393
res35_free_n0.5_stiff,2,voa,exact,3,600,none,1,0,1,0,0,107,0.9065420560747663,-0.012149532710280374,1.0,0.0,1.7476635514018692,0.9719626168224299,0.7757009345794392,0.0,0.30307765716399393
res35_free_n0.5_stiff,2,never,exact,3,600,none,1,0,1,0,0,253,0.26166007905138317,0.6988142292490128,0.4624505928853755,0.5375494071146245,0.0,0.0,0.0,0.0,0.3030832805809011
res35_free_n4.0_std,0,always,exact,3,600,none,1,0,1,0,0,123,0.9227642276422764,-0.10569105691056913,1.0,0.0,2.0,1.0,1.0,0.0,0.30158503696694505
res35_free_n4.0_std,0,voa,exact,3,600,none,1,0,1,0,0,138,0.9217391304347826,-0.08478260869565218,0.9927536231884058,0.007246376811594203,1.7463768115942029,0.9492753623188406,0.7971014492753623,0.0,0.303304384499155
res35_free_n4.0_std,0,never,exact,3,600,none,1,0,1,0,0,261,0.38084291187739455,0.5827586206896552,0.5517241379310345,0.4482758620689655,0.0,0.0,0.0,0.0,0.3015928786234273
res35_free_n4.0_std,1,always,exact,3,600,none,1,0,1,0,0,123,0.9227642276422764,-0.052845528455284556,1.0,0.0,2.0,1.0,1.0,0.0,0.30158503154745775
res35_free_n4.0_std,1,voa,exact,3,600,none,1,0,1,0,0,138,0.9217391304347826,-0.07536231884057971,0.9927536231884058,0.007246376811594203,1.7391304347826086,0.9420289855072463,0.7971014492753623,0.0,0.3032903353437193
res35_free_n4.0_std,1,never,exact,3,600,none,1,0,1,0,0,267,0.36554307116104856,0.5988764044943824,0.5393258426966292,0.4606741573033708,0.0,0.0,0.0,0.0,0.30159298562537395
res35_free_n4.0_std,2,always,exact,3,600,none,1,0,1,0,0,124,0.9193548387096774,-0.09435483870967742,1.0,0.0,2.0,1.0,1.0,0.0,0.3015850372673458
res35_free_n4.0_std,2,voa,exact,3,600,none,1,0,1,0,0,139,0.918705035971223,-0.11223021582733815,0.9928057553956835,0.007194244604316547,1.7410071942446044,0.9424460431654677,0.7985611510791367,0.0,0.30329183388142494
res35_free_n4.0_std,2,never,exact,3,600,none,1,0,1,0,0,270,0.3755555555555554,0.5874074074074077,0.5481481481481482,0.45185185185185184,0.0,0.0,0.0,0.0,0.301592823555165
res35_free_n4.0_stiff,0,always,exact,3,600,none,1,0,1,0,0,106,0.910377358490566,-0.11037735849056604,1.0,0.0,2.0,1.0,1.0,0.0,0.3030776571366807
res35_free_n4.0_stiff,0,voa,exact,3,600,none,1,0,1,0,0,138,0.9217391304347826,-0.12246376811594205,0.9927536231884058,0.007246376811594203,1.7463768115942029,0.9492753623188406,0.7971014492753623,0.0,0.3015392344669645
res35_free_n4.0_stiff,0,never,exact,3,600,none,1,0,1,0,0,277,0.4119133574007219,0.5537906137184117,0.5740072202166066,0.4259927797833935,0.0,0.0,0.0,0.0,0.3027631956107486
res35_free_n4.0_stiff,1,always,exact,3,600,none,1,0,1,0,0,106,0.910377358490566,-0.04905660377358491,1.0,0.0,2.0,1.0,1.0,0.0,0.30307765166173023
res35_free_n4.0_stiff,1,voa,exact,3,600,none,1,0,1,0,0,140,0.9135714285714286,-0.08357142857142857,0.9857142857142858,0.014285714285714285,1.7285714285714286,0.9357142857142857,0.7928571428571428,0.0,0.30275535144111526
res35_free_n4.0_stiff,1,never,exact,3,600,none,1,0,1,0,0,250,0.32239999999999985,0.6396000000000004,0.508,0.492,0.0,0.0,0.0,0.0,0.3030856045457208
res35_free_n4.0_stiff,2,always,exact,3,600,none,1,0,1,0,0,107,0.9065420560747663,-0.06074766355140187,1.0,0.0,2.0,1.0,1.0,0.0,0.30307765716399393
res35_free_n4.0_stiff,2,voa,exact,3,600,none,1,0,1,0,0,107,0.9065420560747663,-0.06074766355140187,1.0,0.0,1.7102803738317758,0.9345794392523364,0.7757009345794392,0.0,0.30307765716399393
res35_free_n4.0_stiff,2,never,exact,3,600,none,1,0,1,0,0,253,0.3335968379446639,0.6268774703557315,0.5177865612648221,0.48221343873517786,0.0,0.0,0.0,0.0,0.30308544247565067
res60_anch_n0.5_std,0,always,exact,3,600,none,1,0,1,0,0,151,0.8278145695364238,-0.03443708609271523,1.0,0.13245033112582782,1.2516556291390728,1.0,0.25165562913907286,0.0,0.30295082908683574
res60_anch_n0.5_std,0,voa,exact,3,600,none,1,0,1,0,0,151,0.8278145695364238,-0.03443708609271523,1.0,0.13245033112582782,1.0794701986754967,0.9867549668874173,0.09271523178807947,0.0,0.30295082908683574
res60_anch_n0.5_std,0,never,exact,3,600,none,0,0,0,0,0,599,0.6679465776293825,0.29081803005008383,0.7762938230383973,0.25542570951585974,0.0,0.0,0.0,0.0,0.0007854771828742155
res60_anch_n0.5_std,1,always,exact,3,600,none,1,0,1,0,0,152,0.8289473684210527,-0.034210526315789476,1.0,0.13157894736842105,1.256578947368421,1.0,0.2565789473684211,0.0,0.3029527391492472
res60_anch_n0.5_std,1,voa,exact,3,600,none,1,0,1,0,0,151,0.8278145695364238,-0.025827814569536426,0.9933774834437086,0.13245033112582782,1.0662251655629138,0.9735099337748344,0.09271523178807947,0.0,0.3029508099661955
res60_anch_n0.5_std,1,never,exact,3,600,none,0,0,0,0,0,599,0.6657762938230385,0.29298831385642776,0.7746243739565943,0.2570951585976628,0.0,0.0,0.0,0.0,0.0007836115527190884
res60_anch_n0.5_std,2,always,exact,3,600,none,1,0,1,0,0,152,0.8203947368421053,-0.034210526315789476,1.0,0.13815789473684212,1.256578947368421,1.0,0.2565789473684211,0.0,0.302950828982936
res60_anch_n0.5_std,2,voa,exact,3,600,none,1,0,1,0,0,152,0.8203947368421053,-0.034210526315789476,1.0,0.13815789473684212,1.0723684210526316,0.9736842105263158,0.09868421052631579,0.0,0.302950828982936
res60_anch_n0.5_std,2,never,exact,3,600,none,0,0,0,0,0,599,0.6614357262103506,0.2951585976627717,0.7729549248747913,0.2604340567612688,0.0,0.0,0.0,0.0,0.0007799868617525143
res60_anch_n0.5_stiff,0,always,exact,3,600,none,1,0,1,0,0,153,0.8300653594771242,-0.03398692810457517,1.0,0.13071895424836602,1.2483660130718954,1.0,0.24836601307189543,0.0,0.30333985415978193
res60_anch_n0.5_stiff,0,voa,exact,3,600,none,1,0,1,0,0,153,0.8300653594771242,-0.03398692810457517,1.0,0.13071895424836602,1.0784313725490196,0.9869281045751634,0.0915032679738562,0.0,0.30333985415978193
res60_anch_n0.5_stiff,0,never,exact,3,600,none,0,0,0,0,0,599,0.6679465776293825,0.29081803005008383,0.7762938230383973,0.25542570951585974,0.0,0.0,0.0,0.0,0.0007854771828742155
res60_anch_n0.5_stiff,1,always,exact,3,600,none,1,0,1,0,0,154,0.8311688311688312,-0.03376623376623377,1.0,0.12987012987012986,1.2532467532467533,1.0,0.2532467532467532,0.0,0.3033417642221944
res60_anch_n0.5_stiff,1,voa,exact,3,600,none,1,0,1,0,0,153,0.8300653594771242,-0.025490196078431376,0.9934640522875817,0.13071895424836602,1.065359477124183,0.9738562091503268,0.0915032679738562,0.0,0.3033398350391414
res60_anch_n0.5_stiff,1,never,exact,3,600,none,0,0,0,0,0,599,0.6657762938230385,0.29298831385642776,0.7746243739565943,0.2570951585976628,0.0,0.0,0.0,0.0,0.0007836115527190884
res60_anch_n0.5_stiff,2,always,exact,3,600,none,1,0,1,0,0,154,0.8227272727272728,-0.03376623376623377,1.0,0.13636363636363635,1.2532467532467533,1.0,0.2532467532467532,0.0,0.30333985405587915
res60_anch_n0.5_stiff,2,voa,exact,3,600,none,1,0,1,0,0,154,0.8227272727272728,-0.03376623376623377,1.0,0.13636363636363635,1.0714285714285714,0.974025974025974,0.09740259740259741,0.0,0.30333985405587915
res60_anch_n0.5_stiff,2,never,exact,3,600,none,0,0,0,0,0,599,0.6614357262103506,0.2951585976627717,0.7729549248747913,0.2604340567612688,0.0,0.0,0.0,0.0,0.0007799868617525143
res60_anch_n4.0_std,0,always,exact,3,600,none,1,0,1,0,0,152,0.8289473684210527,-0.04276315789473684,1.0,0.13157894736842105,1.256578947368421,1.0,0.2565789473684211,0.0,0.30295275826900225
res60_anch_n4.0_std,0,voa,exact,3,600,none,1,0,1,0,0,151,0.8105960264900662,-0.008609271523178811,0.9801324503311258,0.1456953642384106,1.0066225165562914,0.9205298013245033,0.08609271523178808,0.0,0.3029472794552237
res60_anch_n4.0_std,0,never,exact,3,600,none,0,0,0,0,0,599,0.7048414023372286,0.2539232053422371,0.8046744574290484,0.2270450751252087,0.0,0.0,0.0,0.0,0.0007986194360182844
res60_anch_n4.0_std,1,always,exact,3,600,none,1,0,1,0,0,152,0.8289473684210527,-0.02565789473684211,1.0,0.13157894736842105,1.256578947368421,1.0,0.2565789473684211,0.0,0.3029527391492472
res60_anch_n4.0_std,1,voa,exact,3,600,none,1,0,1,0,0,151,0.8278145695364238,-0.017218543046357615,0.9933774834437086,0.13245033112582782,1.0264900662251655,0.9337748344370861,0.09271523178807947,0.0,0.3029508099661955
res60_anch_n4.0_std,1,never,exact,3,600,none,0,0,0,0,0,599,0.6918196994991653,0.26694490818030064,0.7946577629382304,0.2370617696160267,0.0,0.0,0.0,0.0,0.0007877826969744059
res60_anch_n4.0_std,2,always,exact,3,600,none,1,0,1,0,0,153,0.8215686274509804,-0.042483660130718956,1.0,0.13725490196078433,1.261437908496732,1.0,0.26143790849673204,0.0,0.3029527581558944
res60_anch_n4.0_std,2,voa,exact,3,600,none,1,0,1,0,0,152,0.8032894736842104,0.0,0.9802631578947368,0.1513157894736842,1.006578947368421,0.9276315789473685,0.07894736842105263,0.0,0.3029472807816901
res60_anch_n4.0_std,2,never,exact,3,600,none,0,0,0,0,0,599,0.6918196994991652,0.2647746243739567,0.7963272120200334,0.2370617696160267,0.0,0.0,0.0,0.0,0.00078214875632514
res60_anch_n4.0_stiff,0,always,exact,3,600,none,1,0,1,0,0,154,0.8311688311688312,-0.04220779220779221,1.0,0.12987012987012986,1.2532467532467533,1.0,0.2532467532467532,0.0,0.30334178334194867
res60_anch_n4.0_stiff,0,voa,exact,3,600,none,1,0,1,0,0,153,0.8130718954248366,-0.008496732026143794,0.9803921568627451,0.1437908496732026,1.0130718954248366,0.9281045751633987,0.08496732026143791,0.0,0.3033363045281584
res60_anch_n4.0_stiff,0,never,exact,3,600,none,0,0,0,0,0,599,0.7048414023372286,0.2539232053422371,0.8046744574290484,0.2270450751252087,0.0,0.0,0.0,0.0,0.0007986194360182844
res60_anch_n4.0_stiff,1,always,exact,3,600,none,1,0,1,0,0,154,0.8311688311688312,-0.025324675324675326,1.0,0.12987012987012986,1.2532467532467533,1.0,0.2532467532467532,0.0,0.3033417642221944
res60_anch_n4.0_stiff,1,voa,exact,3,600,none,1,0,1,0,0,153,0.8300653594771242,-0.016993464052287584,0.9934640522875817,0.13071895424836602,1.026143790849673,0.934640522875817,0.0915032679738562,0.0,0.3033398350391414
res60_anch_n4.0_stiff,1,never,exact,3,600,none,0,0,0,0,0,599,0.6918196994991653,0.26694490818030064,0.7946577629382304,0.2370617696160267,0.0,0.0,0.0,0.0,0.0007877826969744059
res60_anch_n4.0_stiff,2,always,exact,3,600,none,1,0,1,0,0,155,0.8238709677419355,-0.041935483870967745,1.0,0.13548387096774195,1.2580645161290323,1.0,0.25806451612903225,0.0,0.3033417832288388
res60_anch_n4.0_stiff,2,voa,exact,3,600,none,1,0,1,0,0,154,0.8058441558441558,0.0,0.9805194805194806,0.14935064935064934,1.0129870129870129,0.935064935064935,0.07792207792207792,0.0,0.30333630585462656
res60_anch_n4.0_stiff,2,never,exact,3,600,none,0,0,0,0,0,599,0.6918196994991652,0.2647746243739567,0.7963272120200334,0.2370617696160267,0.0,0.0,0.0,0.0,0.00078214875632514
res60_free_n0.5_std,0,always,exact,3,600,none,1,0,1,0,0,151,0.9284768211920529,-0.03443708609271523,1.0,0.006622516556291391,1.2516556291390728,1.0,0.25165562913907286,0.0,0.30295082906478177
res60_free_n0.5_std,0,voa,exact,3,600,none,1,0,1,0,0,151,0.9284768211920529,-0.03443708609271523,1.0,0.006622516556291391,1.0794701986754967,0.9867549668874173,0.09271523178807947,0.0,0.30295082906478177
res60_free_n0.5_std,0,never,exact,3,600,none,0,0,0,0,0,599,0.6933222036727879,0.29081803005008383,0.7762938230383973,0.22370617696160267,0.0,0.0,0.0,0.0,0.000785477182979264
res60_free_n0.5_std,1,always,exact,3,600,none,1,0,1,0,0,152,0.9289473684210525,-0.034210526315789476,1.0,0.006578947368421052,1.256578947368421,1.0,0.2565789473684211,0.0,0.3029527527825011
res60_free_n0.5_std,1,voa,exact,3,600,none,1,0,1,0,0,151,0.9284768211920529,-0.025827814569536426,0.9933774834437086,0.006622516556291391,1.0662251655629138,0.9735099337748344,0.09271523178807947,0.0,0.3029508236008174
res60_free_n0.5_std,1,never,exact,3,600,none,0,0,0,0,0,599,0.691151919866444,0.29298831385642776,0.7746243739565943,0.22537562604340566,0.0,0.0,0.0,0.0,0.0007836115526346647
res60_free_n0.5_std,2,always,exact,3,600,none,1,0,1,0,0,152,0.925657894736842,-0.034210526315789476,1.0,0.006578947368421052,1.256578947368421,1.0,0.2565789473684211,0.0,0.30295082896434883
res60_free_n0.5_std,2,voa,exact,3,600,none,1,0,1,0,0,152,0.925657894736842,-0.034210526315789476,1.0,0.006578947368421052,1.0723684210526316,0.9736842105263158,0.09868421052631579,0.0,0.30295082896434883
res60_free_n0.5_std,2,never,exact,3,600,none,0,0,0,0,0,599,0.6881469115191986,0.2951585976627717,0.7729549248747913,0.2270450751252087,0.0,0.0,0.0,0.0,0.0007799868617036279
res60_free_n0.5_stiff,0,always,exact,3,600,none,1,0,1,0,0,153,0.9294117647058823,-0.03398692810457517,1.0,0.006535947712418301,1.2483660130718954,1.0,0.24836601307189543,0.0,0.30333985592458634
res60_free_n0.5_stiff,0,voa,exact,3,600,none,1,0,1,0,0,153,0.9294117647058823,-0.03398692810457517,1.0,0.006535947712418301,1.0784313725490196,0.9869281045751634,0.0915032679738562,0.0,0.30333985592458634
res60_free_n0.5_stiff,0,never,exact,3,600,none,0,0,0,0,0,599,0.6933222036727879,0.29081803005008383,0.7762938230383973,0.22370617696160267,0.0,0.0,0.0,0.0,0.000785477182979264
res60_free_n0.5_stiff,1,always,exact,3,600,none,1,0,1,0,0,154,0.9298701298701298,-0.03376623376623377,1.0,0.006493506493506494,1.2532467532467533,1.0,0.2532467532467532,0.0,0.3033417796415725
res60_free_n0.5_stiff,1,voa,exact,3,600,none,1,0,1,0,0,153,0.9294117647058823,-0.025490196078431376,0.9934640522875817,0.006535947712418301,1.065359477124183,0.9738562091503268,0.0915032679738562,0.0,0.30333985045989253
res60_free_n0.5_stiff,1,never,exact,3,600,none,0,0,0,0,0,599,0.691151919866444,0.29298831385642776,0.7746243739565943,0.22537562604340566,0.0,0.0,0.0,0.0,0.0007836115526346647
res60_free_n0.5_stiff,2,always,exact,3,600,none,1,0,1,0,0,154,0.9266233766233766,-0.03376623376623377,1.0,0.006493506493506494,1.2532467532467533,1.0,0.2532467532467532,0.0,0.3033398558283874
res60_free_n0.5_stiff,2,voa,exact,3,600,none,1,0,1,0,0,154,0.9266233766233766,-0.03376623376623377,1.0,0.006493506493506494,1.0714285714285714,0.974025974025974,0.09740259740259741,0.0,0.3033398558283874
res60_free_n0.5_stiff,2,never,exact,3,600,none,0,0,0,0,0,599,0.6881469115191986,0.2951585976627717,0.7729549248747913,0.2270450751252087,0.0,0.0,0.0,0.0,0.0007799868617036279
res60_free_n4.0_std,0,always,exact,3,600,none,1,0,1,0,0,152,0.9289473684210525,-0.04276315789473684,1.0,0.006578947368421052,1.256578947368421,1.0,0.2565789473684211,0.0,0.30295275824496626
res60_free_n4.0_std,0,voa,exact,3,600,none,1,0,1,0,0,151,0.9112582781456954,-0.008609271523178811,0.9801324503311258,0.019867549668874173,1.0066225165562914,0.9205298013245033,0.08609271523178808,0.0,0.3029472797411095
res60_free_n4.0_std,0,never,exact,3,600,none,0,0,0,0,0,599,0.7302170283806344,0.2539232053422371,0.8046744574290484,0.19532554257095158,0.0,0.0,0.0,0.0,0.0007986194360463737
res60_free_n4.0_std,1,always,exact,3,600,none,1,0,1,0,0,152,0.9289473684210525,-0.02565789473684211,1.0,0.006578947368421052,1.256578947368421,1.0,0.2565789473684211,0.0,0.3029527527825011
res60_free_n4.0_std,1,voa,exact,3,600,none,1,0,1,0,0,151,0.9284768211920529,-0.017218543046357615,0.9933774834437086,0.006622516556291391,1.0264900662251655,0.9337748344370861,0.09271523178807947,0.0,0.3029508236008174
res60_free_n4.0_std,1,never,exact,3,600,none,0,0,0,0,0,599,0.7171953255425709,0.26694490818030064,0.7946577629382304,0.20534223706176963,0.0,0.0,0.0,0.0,0.0007877826969134856
res60_free_n4.0_std,2,always,exact,3,600,none,1,0,1,0,0,153,0.9261437908496731,-0.042483660130718956,1.0,0.006535947712418301,1.261437908496732,1.0,0.26143790849673204,0.0,0.3029527581356535
res60_free_n4.0_std,2,voa,exact,3,600,none,1,0,1,0,0,152,0.9085526315789473,0.0,0.9802631578947368,0.019736842105263157,1.006578947368421,0.9276315789473685,0.07894736842105263,0.0,0.3029472810144082
res60_free_n4.0_std,2,never,exact,3,600,none,0,0,0,0,0,599,0.7185308848080133,0.2647746243739567,0.7963272120200334,0.2036727879799666,0.0,0.0,0.0,0.0,0.000782148756262495
res60_free_n4.0_stiff,0,always,exact,3,600,none,1,0,1,0,0,154,0.9298701298701298,-0.04220779220779221,1.0,0.006493506493506494,1.2532467532467533,1.0,0.2532467532467532,0.0,0.3033417851047707
res60_free_n4.0_stiff,0,voa,exact,3,600,none,1,0,1,0,0,153,0.9124183006535947,-0.008496732026143794,0.9803921568627451,0.0196078431372549,1.0130718954248366,0.9281045751633987,0.08496732026143791,0.0,0.3033363066228193
res60_free_n4.0_stiff,0,never,exact,3,600,none,0,0,0,0,0,599,0.7302170283806344,0.2539232053422371,0.8046744574290484,0.19532554257095158,0.0,0.0,0.0,0.0,0.0007986194360463737
res60_free_n4.0_stiff,1,always,exact,3,600,none,1,0,1,0,0,154,0.9298701298701298,-0.025324675324675326,1.0,0.006493506493506494,1.2532467532467533,1.0,0.2532467532467532,0.0,0.3033417796415725
res60_free_n4.0_stiff,1,voa,exact,3,600,none,1,0,1,0,0,153,0.9294117647058823,-0.016993464052287584,0.9934640522875817,0.006535947712418301,1.026143790849673,0.934640522875817,0.0915032679738562,0.0,0.30333985045989253
res60_free_n4.0_stiff,1,never,exact,3,600,none,0,0,0,0,0,599,0.7171953255425709,0.26694490818030064,0.7946577629382304,0.20534223706176963,0.0,0.0,0.0,0.0,0.0007877826969134856
res60_free_n4.0_stiff,2,always,exact,3,600,none,1,0,1,0,0,155,0.9270967741935483,-0.041935483870967745,1.0,0.0064516129032258064,1.2580645161290323,1.0,0.25806451612903225,0.0,0.3033417849996885
res60_free_n4.0_stiff,2,voa,exact,3,600,none,1,0,1,0,0,154,0.9097402597402597,0.0,0.9805194805194806,0.01948051948051948,1.0129870129870129,0.935064935064935,0.07792207792207792,0.0,0.30333630789611804
res60_free_n4.0_stiff,2,never,exact,3,600,none,0,0,0,0,0,599,0.7185308848080133,0.2647746243739567,0.7963272120200334,0.2036727879799666,0.0,0.0,0.0,0.0,0.000782148756262495
res85_anch_n0.5_std,0,always,exact,3,600,none,0,0,0,0,0,599,0.9565943238731218,-0.008681135225375626,1.0,0.0333889816360601,1.0634390651085142,1.0,0.06343906510851419,0.0,0.0013538429188789363
res85_anch_n0.5_std,0,voa,exact,3,600,none,0,0,0,0,0,599,0.9565943238731218,-0.008681135225375626,1.0,0.0333889816360601,0.1986644407345576,0.17529215358931552,0.02337228714524207,0.0,0.0013538429188789363
res85_anch_n0.5_std,0,never,exact,3,600,none,0,0,0,0,0,599,0.6679465776293825,0.29081803005008383,0.7762938230383973,0.25542570951585974,0.0,0.0,0.0,0.0,0.0007854771828742155
res85_anch_n0.5_std,1,always,exact,3,600,none,0,0,0,0,0,599,0.9565943238731218,-0.008681135225375626,1.0,0.0333889816360601,1.0651085141903172,1.0,0.0651085141903172,0.0,0.0013533210387336593
res85_anch_n0.5_std,1,voa,exact,3,600,none,0,0,0,0,0,599,0.9565943238731218,-0.00651085141903172,0.998330550918197,0.0333889816360601,0.19532554257095158,0.17195325542570952,0.02337228714524207,0.0,0.0013538237982764752
res85_anch_n0.5_std,1,never,exact,3,600,none,0,0,0,0,0,599,0.6657762938230385,0.29298831385642776,0.7746243739565943,0.2570951585976628,0.0,0.0,0.0,0.0,0.0007836115527190884
res85_anch_n0.5_std,2,always,exact,3,600,none,0,0,0,0,0,599,0.9544240400667781,-0.008681135225375626,1.0,0.035058430717863104,1.0651085141903172,1.0,0.0651085141903172,0.0,0.0013514108721491554
res85_anch_n0.5_std,2,voa,exact,3,600,none,0,0,0,0,0,599,0.9544240400667781,-0.008681135225375626,1.0,0.035058430717863104,0.2003338898163606,0.17529215358931552,0.025041736227045076,0.0,0.0013514108721491554
res85_anch_n0.5_std,2,never,exact,3,600,none,0,0,0,0,0,599,0.6614357262103506,0.2951585976627717,0.7729549248747913,0.2604340567612688,0.0,0.0,0.0,0.0,0.0007799868617525143
res85_anch_n0.5_stiff,0,always,exact,3,600,none,0,0,0,0,0,599,0.9565943238731218,-0.008681135225375626,1.0,0.0333889816360601,1.0634390651085142,1.0,0.06343906510851419,0.0,0.0013538429188789363
res85_anch_n0.5_stiff,0,voa,exact,3,600,none,0,0,0,0,0,599,0.9565943238731218,-0.008681135225375626,1.0,0.0333889816360601,0.1986644407345576,0.17529215358931552,0.02337228714524207,0.0,0.0013538429188789363
res85_anch_n0.5_stiff,0,never,exact,3,600,none,0,0,0,0,0,599,0.6679465776293825,0.29081803005008383,0.7762938230383973,0.25542570951585974,0.0,0.0,0.0,0.0,0.0007854771828742155
res85_anch_n0.5_stiff,1,always,exact,3,600,none,0,0,0,0,0,599,0.9565943238731218,-0.008681135225375626,1.0,0.0333889816360601,1.0651085141903172,1.0,0.0651085141903172,0.0,0.0013533210387336593
res85_anch_n0.5_stiff,1,voa,exact,3,600,none,0,0,0,0,0,599,0.9565943238731218,-0.00651085141903172,0.998330550918197,0.0333889816360601,0.19532554257095158,0.17195325542570952,0.02337228714524207,0.0,0.0013538237982764752
res85_anch_n0.5_stiff,1,never,exact,3,600,none,0,0,0,0,0,599,0.6657762938230385,0.29298831385642776,0.7746243739565943,0.2570951585976628,0.0,0.0,0.0,0.0,0.0007836115527190884
res85_anch_n0.5_stiff,2,always,exact,3,600,none,0,0,0,0,0,599,0.9544240400667781,-0.008681135225375626,1.0,0.035058430717863104,1.0651085141903172,1.0,0.0651085141903172,0.0,0.0013514108721491554
res85_anch_n0.5_stiff,2,voa,exact,3,600,none,0,0,0,0,0,599,0.9544240400667781,-0.008681135225375626,1.0,0.035058430717863104,0.2003338898163606,0.17529215358931552,0.025041736227045076,0.0,0.0013514108721491554
res85_anch_n0.5_stiff,2,never,exact,3,600,none,0,0,0,0,0,599,0.6614357262103506,0.2951585976627717,0.7729549248747913,0.2604340567612688,0.0,0.0,0.0,0.0,0.0007799868617525143
res85_anch_n4.0_std,0,always,exact,3,600,none,0,0,0,0,0,599,0.9565943238731218,-0.010851419031719533,1.0,0.0333889816360601,1.0651085141903172,1.0,0.0651085141903172,0.0,0.0013533401584352467
res85_anch_n4.0_std,0,voa,exact,3,600,none,0,0,0,0,0,599,0.9522537562604341,-0.0021702838063439073,0.994991652754591,0.03672787979966611,0.18864774624373956,0.1669449081803005,0.021702838063439065,0.0,0.0013502932861879059
res85_anch_n4.0_std,0,never,exact,3,600,none,0,0,0,0,0,599,0.7048414023372286,0.2539232053422371,0.8046744574290484,0.2270450751252087,0.0,0.0,0.0,0.0,0.0007986194360182844
res85_anch_n4.0_std,1,always,exact,3,600,none,0,0,0,0,0,599,0.9565943238731218,-0.00651085141903172,1.0,0.0333889816360601,1.0651085141903172,1.0,0.0651085141903172,0.0,0.0013533210387336593
res85_anch_n4.0_std,1,voa,exact,3,600,none,0,0,0,0,0,599,0.9565943238731218,-0.004340567612687813,0.998330550918197,0.0333889816360601,0.19532554257095158,0.17195325542570952,0.02337228714524207,0.0,0.0013538237982764752
res85_anch_n4.0_std,1,never,exact,3,600,none,0,0,0,0,0,599,0.6918196994991653,0.26694490818030064,0.7946577629382304,0.2370617696160267,0.0,0.0,0.0,0.0,0.0007877826969744059
res85_anch_n4.0_std,2,always,exact,3,600,none,0,0,0,0,0,599,0.9544240400667781,-0.010851419031719533,1.0,0.035058430717863104,1.0667779632721202,1.0,0.0667779632721202,0.0,0.0013509081026608842
res85_anch_n4.0_std,2,voa,exact,3,600,none,0,0,0,0,0,599,0.9500834724540902,0.0,0.994991652754591,0.038397328881469114,0.18363939899833054,0.1636060100166945,0.02003338898163606,0.0,0.0013478626700890162
res85_anch_n4.0_std,2,never,exact,3,600,none,0,0,0,0,0,599,0.6918196994991652,0.2647746243739567,0.7963272120200334,0.2370617696160267,0.0,0.0,0.0,0.0,0.00078214875632514
res85_anch_n4.0_stiff,0,always,exact,3,600,none,0,0,0,0,0,599,0.9565943238731218,-0.010851419031719533,1.0,0.0333889816360601,1.0651085141903172,1.0,0.0651085141903172,0.0,0.0013533401584352467
res85_anch_n4.0_stiff,0,voa,exact,3,600,none,0,0,0,0,0,599,0.9522537562604341,-0.0021702838063439073,0.994991652754591,0.03672787979966611,0.18864774624373956,0.1669449081803005,0.021702838063439065,0.0,0.0013502932861879059
res85_anch_n4.0_stiff,0,never,exact,3,600,none,0,0,0,0,0,599,0.7048414023372286,0.2539232053422371,0.8046744574290484,0.2270450751252087,0.0,0.0,0.0,0.0,0.0007986194360182844
res85_anch_n4.0_stiff,1,always,exact,3,600,none,0,0,0,0,0,599,0.9565943238731218,-0.00651085141903172,1.0,0.0333889816360601,1.0651085141903172,1.0,0.0651085141903172,0.0,0.0013533210387336593
res85_anch_n4.0_stiff,1,voa,exact,3,600,none,0,0,0,0,0,599,0.9565943238731218,-0.004340567612687813,0.998330550918197,0.0333889816360601,0.19532554257095158,0.17195325542570952,0.02337228714524207,0.0,0.0013538237982764752
res85_anch_n4.0_stiff,1,never,exact,3,600,none,0,0,0,0,0,599,0.6918196994991653,0.26694490818030064,0.7946577629382304,0.2370617696160267,0.0,0.0,0.0,0.0,0.0007877826969744059
res85_anch_n4.0_stiff,2,always,exact,3,600,none,0,0,0,0,0,599,0.9544240400667781,-0.010851419031719533,1.0,0.035058430717863104,1.0667779632721202,1.0,0.0667779632721202,0.0,0.0013509081026608842
res85_anch_n4.0_stiff,2,voa,exact,3,600,none,0,0,0,0,0,599,0.9500834724540902,0.0,0.994991652754591,0.038397328881469114,0.18363939899833054,0.1636060100166945,0.02003338898163606,0.0,0.0013478626700890162
res85_anch_n4.0_stiff,2,never,exact,3,600,none,0,0,0,0,0,599,0.6918196994991652,0.2647746243739567,0.7963272120200334,0.2370617696160267,0.0,0.0,0.0,0.0,0.00078214875632514
res85_free_n0.5_std,0,always,exact,3,600,none,0,0,0,0,0,599,0.9819699499165276,-0.008681135225375626,1.0,0.001669449081803005,1.0634390651085142,1.0,0.06343906510851419,0.0,0.0013538428967749367
res85_free_n0.5_std,0,voa,exact,3,600,none,0,0,0,0,0,599,0.9819699499165276,-0.008681135225375626,1.0,0.001669449081803005,0.1986644407345576,0.17529215358931552,0.02337228714524207,0.0,0.0013538428967749367
res85_free_n0.5_std,0,never,exact,3,600,none,0,0,0,0,0,599,0.6933222036727879,0.29081803005008383,0.7762938230383973,0.22370617696160267,0.0,0.0,0.0,0.0,0.000785477182979264
res85_free_n0.5_std,1,always,exact,3,600,none,0,0,0,0,0,599,0.9819699499165276,-0.008681135225375626,1.0,0.001669449081803005,1.0651085141903172,1.0,0.0651085141903172,0.0,0.0013533346719418725
res85_free_n0.5_std,1,voa,exact,3,600,none,0,0,0,0,0,599,0.9819699499165276,-0.00651085141903172,0.998330550918197,0.001669449081803005,0.19532554257095158,0.17195325542570952,0.02337228714524207,0.0,0.0013538374327505944
res85_free_n0.5_std,1,never,exact,3,600,none,0,0,0,0,0,599,0.691151919866444,0.29298831385642776,0.7746243739565943,0.22537562604340566,0.0,0.0,0.0,0.0,0.0007836115526346647
res85_free_n0.5_std,2,always,exact,3,600,none,0,0,0,0,0,599,0.9811352253756261,-0.008681135225375626,1.0,0.001669449081803005,1.0651085141903172,1.0,0.0651085141903172,0.0,0.0013514108535757528
res85_free_n0.5_std,2,voa,exact,3,600,none,0,0,0,0,0,599,0.9811352253756261,-0.008681135225375626,1.0,0.001669449081803005,0.2003338898163606,0.17529215358931552,0.025041736227045076,0.0,0.0013514108535757528
res85_free_n0.5_std,2,never,exact,3,600,none,0,0,0,0,0,599,0.6881469115191986,0.2951585976627717,0.7729549248747913,0.2270450751252087,0.0,0.0,0.0,0.0,0.0007799868617036279
res85_free_n0.5_stiff,0,always,exact,3,600,none,0,0,0,0,0,599,0.9819699499165276,-0.008681135225375626,1.0,0.001669449081803005,1.0634390651085142,1.0,0.06343906510851419,0.0,0.0013538428967749367
res85_free_n0.5_stiff,0,voa,exact,3,600,none,0,0,0,0,0,599,0.9819699499165276,-0.008681135225375626,1.0,0.001669449081803005,0.1986644407345576,0.17529215358931552,0.02337228714524207,0.0,0.0013538428967749367
res85_free_n0.5_stiff,0,never,exact,3,600,none,0,0,0,0,0,599,0.6933222036727879,0.29081803005008383,0.7762938230383973,0.22370617696160267,0.0,0.0,0.0,0.0,0.000785477182979264
res85_free_n0.5_stiff,1,always,exact,3,600,none,0,0,0,0,0,599,0.9819699499165276,-0.008681135225375626,1.0,0.001669449081803005,1.0651085141903172,1.0,0.0651085141903172,0.0,0.0013533346719418725
res85_free_n0.5_stiff,1,voa,exact,3,600,none,0,0,0,0,0,599,0.9819699499165276,-0.00651085141903172,0.998330550918197,0.001669449081803005,0.19532554257095158,0.17195325542570952,0.02337228714524207,0.0,0.0013538374327505944
res85_free_n0.5_stiff,1,never,exact,3,600,none,0,0,0,0,0,599,0.691151919866444,0.29298831385642776,0.7746243739565943,0.22537562604340566,0.0,0.0,0.0,0.0,0.0007836115526346647
res85_free_n0.5_stiff,2,always,exact,3,600,none,0,0,0,0,0,599,0.9811352253756261,-0.008681135225375626,1.0,0.001669449081803005,1.0651085141903172,1.0,0.0651085141903172,0.0,0.0013514108535757528
res85_free_n0.5_stiff,2,voa,exact,3,600,none,0,0,0,0,0,599,0.9811352253756261,-0.008681135225375626,1.0,0.001669449081803005,0.2003338898163606,0.17529215358931552,0.025041736227045076,0.0,0.0013514108535757528
res85_free_n0.5_stiff,2,never,exact,3,600,none,0,0,0,0,0,599,0.6881469115191986,0.2951585976627717,0.7729549248747913,0.2270450751252087,0.0,0.0,0.0,0.0,0.0007799868617036279
res85_free_n4.0_std,0,always,exact,3,600,none,0,0,0,0,0,599,0.9819699499165276,-0.010851419031719533,1.0,0.001669449081803005,1.0651085141903172,1.0,0.0651085141903172,0.0,0.0013533401343773848
res85_free_n4.0_std,0,voa,exact,3,600,none,0,0,0,0,0,599,0.9776293823038398,-0.0021702838063439073,0.994991652754591,0.005008347245409015,0.18864774624373956,0.1669449081803005,0.021702838063439065,0.0,0.0013502935720460273
res85_free_n4.0_std,0,never,exact,3,600,none,0,0,0,0,0,599,0.7302170283806344,0.2539232053422371,0.8046744574290484,0.19532554257095158,0.0,0.0,0.0,0.0,0.0007986194360463737
res85_free_n4.0_std,1,always,exact,3,600,none,0,0,0,0,0,599,0.9819699499165276,-0.00651085141903172,1.0,0.001669449081803005,1.0651085141903172,1.0,0.0651085141903172,0.0,0.0013533346719418725
res85_free_n4.0_std,1,voa,exact,3,600,none,0,0,0,0,0,599,0.9819699499165276,-0.004340567612687813,0.998330550918197,0.001669449081803005,0.19532554257095158,0.17195325542570952,0.02337228714524207,0.0,0.0013538374327505944
res85_free_n4.0_std,1,never,exact,3,600,none,0,0,0,0,0,599,0.7171953255425709,0.26694490818030064,0.7946577629382304,0.20534223706176963,0.0,0.0,0.0,0.0,0.0007877826969134856
res85_free_n4.0_std,2,always,exact,3,600,none,0,0,0,0,0,599,0.9811352253756261,-0.010851419031719533,1.0,0.001669449081803005,1.0667779632721202,1.0,0.0667779632721202,0.0,0.0013509080823862834
res85_free_n4.0_std,2,voa,exact,3,600,none,0,0,0,0,0,599,0.9767946577629383,0.0,0.994991652754591,0.005008347245409015,0.18363939899833054,0.1636060100166945,0.02003338898163606,0.0,0.0013478629027257657
res85_free_n4.0_std,2,never,exact,3,600,none,0,0,0,0,0,599,0.7185308848080133,0.2647746243739567,0.7963272120200334,0.2036727879799666,0.0,0.0,0.0,0.0,0.000782148756262495
res85_free_n4.0_stiff,0,always,exact,3,600,none,0,0,0,0,0,599,0.9819699499165276,-0.010851419031719533,1.0,0.001669449081803005,1.0651085141903172,1.0,0.0651085141903172,0.0,0.0013533401343773848
res85_free_n4.0_stiff,0,voa,exact,3,600,none,0,0,0,0,0,599,0.9776293823038398,-0.0021702838063439073,0.994991652754591,0.005008347245409015,0.18864774624373956,0.1669449081803005,0.021702838063439065,0.0,0.0013502935720460273
res85_free_n4.0_stiff,0,never,exact,3,600,none,0,0,0,0,0,599,0.7302170283806344,0.2539232053422371,0.8046744574290484,0.19532554257095158,0.0,0.0,0.0,0.0,0.0007986194360463737
res85_free_n4.0_stiff,1,always,exact,3,600,none,0,0,0,0,0,599,0.9819699499165276,-0.00651085141903172,1.0,0.001669449081803005,1.0651085141903172,1.0,0.0651085141903172,0.0,0.0013533346719418725
res85_free_n4.0_stiff,1,voa,exact,3,600,none,0,0,0,0,0,599,0.9819699499165276,-0.004340567612687813,0.998330550918197,0.001669449081803005,0.19532554257095158,0.17195325542570952,0.02337228714524207,0.0,0.0013538374327505944
res85_free_n4.0_stiff,1,never,exact,3,600,none,0,0,0,0,0,599,0.7171953255425709,0.26694490818030064,0.7946577629382304,0.20534223706176963,0.0,0.0,0.0,0.0,0.0007877826969134856
res85_free_n4.0_stiff,2,always,exact,3,600,none,0,0,0,0,0,599,0.9811352253756261,-0.010851419031719533,1.0,0.001669449081803005,1.0667779632721202,1.0,0.0667779632721202,0.0,0.0013509080823862834
res85_free_n4.0_stiff,2,voa,exact,3,600,none,0,0,0,0,0,599,0.9767946577629383,0.0,0.994991652754591,0.005008347245409015,0.18363939899833054,0.1636060100166945,0.02003338898163606,0.0,0.0013478629027257657
res85_free_n4.0_stiff,2,never,exact,3,600,none,0,0,0,0,0,599,0.7185308848080133,0.2647746243739567,0.7963272120200334,0.2036727879799666,0.0,0.0,0.0,0.0,0.000782148756262495
