config,seed,controller,fuse,n,T,robustness,completed,violations,compliant,process_violations,force_violations,steps,util,regret,preserved,stops,messages,opened_base,opened_verifier,opened_head,drawer_open
res35_anch_n0.5_std,0,centralized,exact,3,300,none,1,0,1,0,0,123,0.7991869918699187,0.0,1.0,0.15447154471544716,2.0,0.0,0.0,0.0,0.30158503696575795
res35_anch_n0.5_std,0,never,exact,3,300,none,1,0,1,0,0,267,0.2550561797752812,0.6524344569288397,0.49812734082397003,0.5730337078651685,0.0,0.0,0.0,0.0,0.30159068011013573
res35_anch_n0.5_std,0,always,exact,3,300,none,1,0,1,0,0,123,0.7991869918699187,0.0,1.0,0.15447154471544716,2.0,1.0,1.0,0.0,0.30158503696575795
res35_anch_n0.5_std,0,event,exact,3,300,none,1,0,1,0,0,267,0.2550561797752812,0.6524344569288397,0.49812734082397003,0.5730337078651685,0.33707865168539325,0.33707865168539325,0.0,0.0,0.30159068011013573
res35_anch_n0.5_std,0,random,exact,3,300,none,1,0,1,0,0,248,0.7798387096774195,0.1205645161290323,0.907258064516129,0.1693548387096774,0.8709677419354839,0.7701612903225806,0.10080645161290322,0.0,0.3011437622874633
res35_anch_n0.5_std,0,voa,exact,3,300,none,1,0,1,0,0,123,0.7991869918699187,0.0,1.0,0.15447154471544716,1.8048780487804879,0.991869918699187,0.8130081300813008,0.0,0.30158503696575795
res35_anch_n0.5_std,0,oracle,exact,3,300,none,1,0,1,0,0,123,0.7991869918699187,0.0,1.0,0.15447154471544716,1.008130081300813,1.0,0.008130081300813009,0.0,0.30158503696575795
res35_anch_n0.5_std,0,always,can,3,300,none,1,0,1,0,0,199,0.3793969849246229,0.47688442211055215,0.6180904522613065,0.47738693467336685,120.0,1.0,1.0,0.0,0.3015850381507684
res35_anch_n0.5_std,0,event,can,3,300,none,1,0,1,0,0,267,0.2550561797752812,0.6524344569288397,0.49812734082397003,0.5730337078651685,18.876404494382022,0.33707865168539325,0.0,0.0,0.30159068011013573
res35_anch_n0.5_std,0,random,can,3,300,none,1,0,1,0,0,254,0.43188976377952737,0.47086614173228275,0.6377952755905512,0.43700787401574803,53.574803149606296,0.7637795275590551,0.19291338582677164,0.0,0.3015982918470096
res35_anch_n0.5_std,0,voa,can,3,300,none,1,0,1,0,0,211,0.4085308056872036,0.474407582938388,0.6350710900473934,0.4549763033175355,31.0521327014218,0.5071090047393365,0.04739336492890995,0.0,0.3015917588790102
res35_anch_n0.5_std,0,oracle,can,3,300,none,1,0,1,0,0,211,0.41469194312796187,0.4682464454976297,0.6398104265402843,0.45023696682464454,39.279620853080566,0.6540284360189573,0.04739336492890995,0.0,0.30179958189076683
res35_anch_n0.5_std,1,centralized,exact,3,300,none,1,0,1,0,0,123,0.7991869918699187,0.0,1.0,0.15447154471544716,2.0,0.0,0.0,0.0,0.3015850178923917
res35_anch_n0.5_std,1,never,exact,3,300,none,1,0,1,0,0,268,0.2529850746268659,0.6548507462686576,0.4962686567164179,0.5746268656716418,0.0,0.0,0.0,0.0,0.3015906384362769
res35_anch_n0.5_std,1,always,exact,3,300,none,1,0,1,0,0,123,0.7991869918699187,0.0,1.0,0.15447154471544716,2.0,1.0,1.0,0.0,0.3015850178923917
res35_anch_n0.5_std,1,event,exact,3,300,none,1,0,1,0,0,268,0.2529850746268659,0.6548507462686576,0.4962686567164179,0.5746268656716418,0.3358208955223881,0.3358208955223881,0.0,0.0,0.3015906384362769
res35_anch_n0.5_std,1,random,exact,3,300,none,1,0,1,0,0,240,0.7670833333333336,0.12458333333333337,0.9,0.17916666666666667,0.8833333333333333,0.7875,0.09583333333333334,0.0,0.30115041836055395
res35_anch_n0.5_std,1,voa,exact,3,300,none,1,0,1,0,0,123,0.7991869918699187,0.0,1.0,0.15447154471544716,1.7886178861788617,0.975609756097561,0.8130081300813008,0.0,0.3015850178923917
res35_anch_n0.5_std,1,oracle,exact,3,300,none,1,0,1,0,0,123,0.7991869918699187,0.0,1.0,0.15447154471544716,1.0,1.0,0.0,0.0,0.3015850178923917
res35_anch_n0.5_std,1,always,can,3,300,none,1,0,1,0,0,201,0.37263681592039777,0.4721393034825865,0.6119402985074627,0.48258706467661694,120.0,1.0,1.0,0.0,0.3015850354994125
res35_anch_n0.5_std,1,event,can,3,300,none,1,0,1,0,0,268,0.2529850746268659,0.6548507462686576,0.4962686567164179,0.5746268656716418,18.80597014925373,0.3358208955223881,0.0,0.0,0.3015906384362769
res35_anch_n0.5_std,1,random,can,3,300,none,1,0,1,0,0,239,0.423430962343096,0.47322175732217503,0.6359832635983264,0.4435146443514644,53.65690376569037,0.7824267782426778,0.17573221757322174,0.0,0.30009720852269306
res35_anch_n0.5_std,1,voa,can,3,300,none,1,0,1,0,0,217,0.38894009216589837,0.49723502304147393,0.6175115207373272,0.4700460829493088,28.64516129032258,0.4700460829493088,0.041474654377880185,0.0,0.30159176968278173
res35_anch_n0.5_std,1,oracle,can,3,300,none,1,0,1,0,0,217,0.3949308755760366,0.49124423963133573,0.6221198156682027,0.46543778801843316,39.483870967741936,0.6497695852534562,0.055299539170506916,0.0,0.30179959270739
res35_anch_n0.5_std,2,centralized,exact,3,300,none,1,0,1,0,0,124,0.7903225806451613,0.0,1.0,0.16129032258064516,2.0,0.0,0.0,0.0,0.30158503726629327
res35_anch_n0.5_std,2,never,exact,3,300,none,1,0,1,0,0,270,0.24888888888888916,0.6548148148148157,0.4962962962962963,0.5777777777777777,0.0,0.0,0.0,0.0,0.30159066165845727
res35_anch_n0.5_std,2,always,exact,3,300,none,1,0,1,0,0,124,0.7903225806451613,0.0,1.0,0.16129032258064516,2.0,1.0,1.0,0.0,0.30158503726629327
res35_anch_n0.5_std,2,event,exact,3,300,none,1,0,1,0,0,270,0.24888888888888916,0.6548148148148157,0.4962962962962963,0.5777777777777777,0.3333333333333333,0.3333333333333333,0.0,0.0,0.30159066165845727
res35_anch_n0.5_std,2,random,exact,3,300,none,1,0,1,0,0,243,0.7164609053497945,0.17654320987654315,0.8641975308641975,0.21810699588477367,0.8930041152263375,0.7407407407407407,0.1522633744855967,0.0,0.3016133744984656
res35_anch_n0.5_std,2,voa,exact,3,300,none,1,0,1,0,0,124,0.7903225806451613,0.0,1.0,0.16129032258064516,1.782258064516129,0.9758064516129032,0.8064516129032258,0.0,0.30158503726629327
res35_anch_n0.5_std,2,oracle,exact,3,300,none,1,0,1,0,0,124,0.7903225806451613,0.0,1.0,0.16129032258064516,1.0080645161290323,1.0,0.008064516129032258,0.0,0.30158503726629327
res35_anch_n0.5_std,2,always,can,3,300,none,1,0,1,0,0,214,0.4168224299065419,0.4495327102803732,0.6448598130841121,0.4485981308411215,89.49532710280374,1.0,0.5233644859813084,0.0,0.30330498558036945
res35_anch_n0.5_std,2,event,can,3,300,none,1,0,1,0,0,270,0.24888888888888916,0.6548148148148157,0.4962962962962963,0.5777777777777777,18.666666666666668,0.3333333333333333,0.0,0.0,0.30159066165845727
res35_anch_n0.5_std,2,random,can,3,300,none,1,0,1,0,0,250,0.42799999999999977,0.4679999999999993,0.64,0.44,50.4,0.72,0.18,0.0,0.3015987813443056
res35_anch_n0.5_std,2,voa,can,3,300,none,1,0,1,0,0,217,0.38894009216589837,0.49124423963133573,0.6221198156682027,0.4700460829493088,28.64516129032258,0.46543778801843316,0.04608294930875576,0.0,0.30159176024000495
res35_anch_n0.5_std,2,oracle,can,3,300,none,1,0,1,0,0,217,0.3949308755760366,0.4852534562211975,0.6267281105990783,0.46543778801843316,37.935483870967744,0.6359447004608295,0.041474654377880185,0.0,0.30179958325599837
res35_anch_n0.5_stiff,0,centralized,exact,3,300,none,1,0,1,0,0,106,0.7669811320754717,-0.012264150943396227,1.0,0.1792452830188679,2.0,0.0,0.0,0.0,0.30307765713653767
res35_anch_n0.5_stiff,0,never,exact,3,300,none,1,0,1,0,0,250,0.2044000000000003,0.6968000000000009,0.464,0.612,0.0,0.0,0.0,0.0,0.30308329903159353
res35_anch_n0.5_stiff,0,always,exact,3,300,none,1,0,1,0,0,106,0.7669811320754717,-0.012264150943396227,1.0,0.1792452830188679,2.0,1.0,1.0,0.0,0.30307765713653767
res35_anch_n0.5_stiff,0,event,exact,3,300,none,1,0,1,0,0,250,0.2044000000000003,0.6968000000000009,0.464,0.612,0.284,0.284,0.0,0.0,0.30308329903159353
res35_anch_n0.5_stiff,0,random,exact,3,300,none,1,0,1,0,0,248,0.7850806451612905,0.11008064516129036,0.9112903225806451,0.16532258064516128,0.8709677419354839,0.7701612903225806,0.10080645161290322,0.0,0.3005648493846807
res35_anch_n0.5_stiff,0,voa,exact,3,300,none,1,0,1,0,0,106,0.7669811320754717,-0.012264150943396227,1.0,0.1792452830188679,1.7735849056603774,0.9905660377358491,0.7830188679245284,0.0,0.30307765713653767
res35_anch_n0.5_stiff,0,oracle,exact,3,300,none,1,0,1,0,0,200,0.8375,0.0,0.97,0.125,0.95,0.8,0.15,0.0,0.30392312527106624
res35_anch_n0.5_stiff,0,always,can,3,300,none,1,0,1,0,0,199,0.3597989949748741,0.5160804020100496,0.6030150753768844,0.49246231155778897,91.69849246231156,1.0,0.5577889447236181,0.0,0.3003023017756883
res35_anch_n0.5_stiff,0,event,can,3,300,none,1,0,1,0,0,250,0.2044000000000003,0.6968000000000009,0.464,0.612,15.904,0.284,0.0,0.0,0.30308329903159353
res35_anch_n0.5_stiff,0,random,can,3,300,none,1,0,1,0,0,237,0.39113924050632887,0.5046413502109697,0.6118143459915611,0.46835443037974683,53.87341772151899,0.7552742616033755,0.20675105485232068,0.0,0.3030909107672291
res35_anch_n0.5_stiff,0,voa,can,3,300,none,1,0,1,0,0,194,0.35670103092783484,0.5159793814432982,0.6030927835051546,0.4948453608247423,31.175257731958762,0.5051546391752577,0.05154639175257732,0.0,0.30308437779912256
res35_anch_n0.5_stiff,0,oracle,can,3,300,none,1,0,1,0,0,194,0.36340206185566987,0.5092783505154632,0.6082474226804123,0.4896907216494845,44.45360824742268,0.7422680412371134,0.05154639175257732,0.0,0.3030856011862626
res35_anch_n0.5_stiff,1,centralized,exact,3,300,none,1,0,1,0,0,106,0.7669811320754717,0.0,1.0,0.1792452830188679,2.0,0.0,0.0,0.0,0.3030776380113798
res35_anch_n0.5_stiff,1,never,exact,3,300,none,1,0,1,0,0,251,0.20239043824701225,0.699203187250997,0.46215139442231074,0.6135458167330677,0.0,0.0,0.0,0.0,0.30308325735819913
res35_anch_n0.5_stiff,1,always,exact,3,300,none,1,0,1,0,0,106,0.7669811320754717,0.0,1.0,0.1792452830188679,2.0,1.0,1.0,0.0,0.3030776380113798
res35_anch_n0.5_stiff,1,event,exact,3,300,none,1,0,1,0,0,251,0.20239043824701225,0.699203187250997,0.46215139442231074,0.6135458167330677,0.28286852589641437,0.28286852589641437,0.0,0.0,0.30308325735819913
res35_anch_n0.5_stiff,1,random,exact,3,300,none,1,0,1,0,0,237,0.7751054852320677,0.11518987341772155,0.9071729957805907,0.1729957805907173,0.8860759493670886,0.7890295358649789,0.0970464135021097,0.0,0.3030829752044376
res35_anch_n0.5_stiff,1,voa,exact,3,300,none,1,0,1,0,0,106,0.7669811320754717,0.0,1.0,0.1792452830188679,1.7547169811320755,0.9716981132075472,0.7830188679245284,0.0,0.3030776380113798
res35_anch_n0.5_stiff,1,oracle,exact,3,300,none,1,0,1,0,0,106,0.7669811320754717,0.0,1.0,0.1792452830188679,1.0943396226415094,1.0,0.09433962264150944,0.0,0.3030776380113798
res35_anch_n0.5_stiff,1,always,can,3,300,none,1,0,1,0,0,201,0.3597014925373132,0.5174129353233824,0.6019900497512438,0.4925373134328358,92.61691542288557,1.0,0.572139303482587,0.0,0.30093343147381124
res35_anch_n0.5_stiff,1,event,can,3,300,none,1,0,1,0,0,251,0.20239043824701225,0.699203187250997,0.46215139442231074,0.6135458167330677,15.840637450199203,0.28286852589641437,0.0,0.0,0.30308325735819913
res35_anch_n0.5_stiff,1,random,can,3,300,none,1,0,1,0,0,238,0.4319327731092435,0.46428571428571364,0.6428571428571429,0.4369747899159664,53.88235294117647,0.7857142857142857,0.17647058823529413,0.0,0.30053673507119977
res35_anch_n0.5_stiff,1,voa,can,3,300,none,1,0,1,0,0,200,0.33699999999999974,0.5394999999999992,0.585,0.51,29.96,0.49,0.045,0.0,0.3030843886031507
res35_anch_n0.5_stiff,1,oracle,can,3,300,none,1,0,1,0,0,200,0.34349999999999975,0.5329999999999993,0.59,0.505,42.28,0.695,0.06,0.0,0.30308561200175077
res35_anch_n0.5_stiff,2,centralized,exact,3,300,none,1,0,1,0,0,107,0.7570093457943925,-0.012149532710280374,1.0,0.18691588785046728,2.0,0.0,0.0,0.0,0.30307765716386886
res35_anch_n0.5_stiff,2,never,exact,3,300,none,1,0,1,0,0,253,0.19841897233201614,0.6988142292490128,0.4624505928853755,0.616600790513834,0.0,0.0,0.0,0.0,0.3030832805809011
res35_anch_n0.5_stiff,2,always,exact,3,300,none,1,0,1,0,0,107,0.7570093457943925,-0.012149532710280374,1.0,0.18691588785046728,2.0,1.0,1.0,0.0,0.30307765716386886
res35_anch_n0.5_stiff,2,event,exact,3,300,none,1,0,1,0,0,253,0.19841897233201614,0.6988142292490128,0.4624505928853755,0.616600790513834,0.28063241106719367,0.28063241106719367,0.0,0.0,0.3030832805809011
res35_anch_n0.5_stiff,2,random,exact,3,300,none,1,0,1,0,0,226,0.695132743362832,0.18982300884955744,0.8539823008849557,0.2345132743362832,0.9026548672566371,0.7389380530973452,0.16371681415929204,0.0,0.3031059935378471
res35_anch_n0.5_stiff,2,voa,exact,3,300,none,1,0,1,0,0,107,0.7570093457943925,-0.012149532710280374,1.0,0.18691588785046728,1.7476635514018692,0.9719626168224299,0.7757009345794392,0.0,0.30307765716386886
res35_anch_n0.5_stiff,2,oracle,exact,3,300,none,1,0,1,0,0,213,0.8413145539906104,0.0,0.971830985915493,0.12206572769953052,0.8826291079812206,0.7511737089201878,0.13145539906103287,0.0,0.3005532725208652
res35_anch_n0.5_stiff,2,always,can,3,300,none,1,0,1,0,0,198,0.36969696969696947,0.4989898989898983,0.6161616161616161,0.48484848484848486,92.20202020202021,1.0,0.5656565656565656,0.0,0.3009334117270488
res35_anch_n0.5_stiff,2,event,can,3,300,none,1,0,1,0,0,253,0.19841897233201614,0.6988142292490128,0.4624505928853755,0.616600790513834,15.715415019762846,0.28063241106719367,0.0,0.0,0.3030832805809011
res35_anch_n0.5_stiff,2,random,can,3,300,none,1,0,1,0,0,233,0.3862660944206006,0.5021459227467804,0.6137339055793991,0.4721030042918455,51.1931330472103,0.721030042918455,0.19313304721030042,0.0,0.3030914002643497
res35_anch_n0.5_stiff,2,voa,can,3,300,none,1,0,1,0,0,200,0.33699999999999974,0.5329999999999993,0.59,0.51,30.24,0.49,0.05,0.0,0.3030843791605422
res35_anch_n0.5_stiff,2,oracle,can,3,300,none,1,0,1,0,0,200,0.34349999999999975,0.5264999999999993,0.595,0.505,41.72,0.7,0.045,0.0,0.30308560255132544
res35_anch_n4.0_std,0,centralized,exact,3,300,none,1,0,1,0,0,123,0.7991869918699187,-0.10569105691056913,1.0,0.15447154471544716,2.0,0.0,0.0,0.0,0.30158503696575795
res35_anch_n4.0_std,0,never,exact,3,300,none,1,0,1,0,0,261,0.32260536398467404,0.5827586206896552,0.5517241379310345,0.5210727969348659,0.0,0.0,0.0,0.0,0.301592878623427
res35_anch_n4.0_std,0,always,exact,3,300,none,1,0,1,0,0,123,0.7991869918699187,-0.10569105691056913,1.0,0.15447154471544716,2.0,1.0,1.0,0.0,0.30158503696575795
res35_anch_n4.0_std,0,event,exact,3,300,none,1,0,1,0,0,261,0.3425287356321836,0.5628352490421455,0.5670498084291188,0.5057471264367817,0.3448275862068966,0.3448275862068966,0.0,0.0,0.30159328977088806
res35_anch_n4.0_std,0,random,exact,3,300,none,1,0,1,0,0,247,0.7842105263157897,0.11052631578947372,0.9109311740890689,0.1659919028340081,0.8704453441295547,0.7692307692307693,0.10121457489878542,0.0,0.30332558158172473
res35_anch_n4.0_std,0,voa,exact,3,300,none,1,0,1,0,0,138,0.8115942028985508,-0.08478260869565218,0.9927536231884058,0.14492753623188406,1.7463768115942029,0.9492753623188406,0.7971014492753623,0.0,0.3033050275258956
res35_anch_n4.0_std,0,oracle,exact,3,300,none,1,0,1,0,0,200,0.8375,0.0,0.97,0.125,0.915,0.7,0.215,0.0,0.301700816179199
res35_anch_n4.0_std,0,always,can,3,300,none,1,0,1,0,0,226,0.4592920353982299,0.4314159292035393,0.668141592920354,0.415929203539823,89.13274336283186,1.0,0.5176991150442478,0.0,0.3005464971553206
res35_anch_n4.0_std,0,event,can,3,300,none,1,0,1,0,0,261,0.32260536398467404,0.5827586206896552,0.5517241379310345,0.5210727969348659,19.310344827586206,0.3448275862068966,0.0,0.0,0.301592878623427
res35_anch_n4.0_std,0,random,can,3,300,none,1,0,1,0,0,240,0.4420833333333331,0.45499999999999935,0.65,0.42916666666666664,52.96666666666667,0.7541666666666667,0.19166666666666668,0.0,0.3018044295931142
res35_anch_n4.0_std,0,voa,can,3,300,none,1,0,1,0,0,228,0.4526315789473683,0.43903508771929767,0.6622807017543859,0.42105263157894735,28.982456140350877,0.4473684210526316,0.07017543859649122,0.0,0.301594359929002
res35_anch_n4.0_std,0,oracle,can,3,300,none,1,0,1,0,0,228,0.45833333333333315,0.43333333333333274,0.6666666666666666,0.4166666666666667,36.35087719298246,0.5921052631578947,0.05701754385964912,0.0,0.3018031678250629
res35_anch_n4.0_std,1,centralized,exact,3,300,none,1,0,1,0,0,123,0.7991869918699187,-0.052845528455284556,1.0,0.15447154471544716,2.0,0.0,0.0,0.0,0.3015850178923917
res35_anch_n4.0_std,1,never,exact,3,300,none,1,0,1,0,0,267,0.3086142322097379,0.5988764044943824,0.5393258426966292,0.5318352059925093,0.0,0.0,0.0,0.0,0.30159298562537357
res35_anch_n4.0_std,1,always,exact,3,300,none,1,0,1,0,0,123,0.7991869918699187,-0.052845528455284556,1.0,0.15447154471544716,2.0,1.0,1.0,0.0,0.3015850178923917
res35_anch_n4.0_std,1,event,exact,3,300,none,1,0,1,0,0,267,0.3329588014981271,0.5745318352059926,0.5580524344569289,0.5131086142322098,0.3445692883895131,0.3445692883895131,0.0,0.0,0.30159349245312983
res35_anch_n4.0_std,1,random,exact,3,300,none,1,0,1,0,0,240,0.7725000000000002,0.1191666666666667,0.9041666666666667,0.175,0.8833333333333333,0.7916666666666666,0.09166666666666666,0.0,0.30000096922856706
res35_anch_n4.0_std,1,voa,exact,3,300,none,1,0,1,0,0,138,0.8115942028985508,-0.07536231884057971,0.9927536231884058,0.14492753623188406,1.7391304347826086,0.9420289855072463,0.7971014492753623,0.0,0.30329097637954006
res35_anch_n4.0_std,1,oracle,exact,3,300,none,1,0,1,0,0,180,0.833888888888889,0.0,0.9777777777777777,0.12777777777777777,0.9611111111111111,0.8166666666666667,0.14444444444444443,0.0,0.3011936456865476
res35_anch_n4.0_std,1,always,can,3,300,none,1,0,1,0,0,225,0.42222222222222205,0.46799999999999936,0.64,0.4444444444444444,90.41777777777777,1.0,0.5377777777777778,0.0,0.30054492192763677
res35_anch_n4.0_std,1,event,can,3,300,none,1,0,1,0,0,267,0.3086142322097379,0.5988764044943824,0.5393258426966292,0.5318352059925093,19.295880149812735,0.3445692883895131,0.0,0.0,0.30159298562537357
res35_anch_n4.0_std,1,random,can,3,300,none,1,0,1,0,0,252,0.43253968253968234,0.4694444444444438,0.6388888888888888,0.4365079365079365,54.888888888888886,0.7777777777777778,0.20238095238095238,0.0,0.3016001091203269
res35_anch_n4.0_std,1,voa,can,3,300,none,1,0,1,0,0,227,0.4330396475770923,0.4581497797356822,0.6475770925110133,0.43612334801762115,29.356828193832598,0.4581497797356828,0.06607929515418502,0.0,0.302744380966989
res35_anch_n4.0_std,1,oracle,can,3,300,none,1,0,1,0,0,227,0.4330396475770923,0.4581497797356822,0.6475770925110133,0.43612334801762115,36.51101321585903,0.6079295154185022,0.04405286343612335,0.0,0.302744380966989
res35_anch_n4.0_std,2,centralized,exact,3,300,none,1,0,1,0,0,124,0.7903225806451613,-0.09435483870967742,1.0,0.16129032258064516,2.0,0.0,0.0,0.0,0.30158503726629327
res35_anch_n4.0_std,2,never,exact,3,300,none,1,0,1,0,0,270,0.31629629629629624,0.5874074074074077,0.5481481481481482,0.5259259259259259,0.0,0.0,0.0,0.0,0.30159282355516515
res35_anch_n4.0_std,2,always,exact,3,300,none,1,0,1,0,0,124,0.7903225806451613,-0.09435483870967742,1.0,0.16129032258064516,2.0,1.0,1.0,0.0,0.30158503726629327
res35_anch_n4.0_std,2,event,exact,3,300,none,1,0,1,0,0,269,0.3427509293680295,0.5605947955390335,0.5687732342007435,0.5055762081784386,0.37174721189591076,0.37174721189591076,0.0,0.0,0.30159247117644555
res35_anch_n4.0_std,2,random,exact,3,300,none,1,0,1,0,0,254,0.7338582677165356,0.16377952755905506,0.8740157480314961,0.2047244094488189,0.8779527559055118,0.7322834645669292,0.14566929133858267,0.0,0.3000007234079799
res35_anch_n4.0_std,2,voa,exact,3,300,none,1,0,1,0,0,139,0.8035971223021583,-0.11223021582733815,0.9928057553956835,0.1510791366906475,1.7410071942446044,0.9424460431654677,0.7985611510791367,0.0,0.3032924871341094
res35_anch_n4.0_std,2,oracle,exact,3,300,none,1,0,1,0,0,195,0.8333333333333334,0.0,0.9743589743589743,0.1282051282051282,0.9230769230769231,0.7589743589743589,0.1641025641025641,0.0,0.3001705083880604
res35_anch_n4.0_std,2,always,can,3,300,none,1,0,1,0,0,223,0.4520179372197307,0.4255605381165914,0.6681614349775785,0.42152466367713004,88.14349775784753,1.0,0.5022421524663677,0.0,0.30054533376586584
res35_anch_n4.0_std,2,event,can,3,300,none,1,0,1,0,0,269,0.30892193308550187,0.5944237918215617,0.5427509293680297,0.5315985130111525,20.817843866171003,0.37174721189591076,0.0,0.0,0.3015916705304622
res35_anch_n4.0_std,2,random,can,3,300,none,1,0,1,0,0,260,0.4399999999999998,0.4599999999999993,0.6461538461538462,0.4307692307692308,49.10769230769231,0.7346153846153847,0.1423076923076923,0.0,0.3032983551680962
res35_anch_n4.0_std,2,voa,can,3,300,none,1,0,1,0,0,225,0.43955555555555537,0.4448888888888883,0.6577777777777778,0.4311111111111111,30.613333333333333,0.4888888888888889,0.057777777777777775,0.0,0.30159165662764315
res35_anch_n4.0_std,2,oracle,can,3,300,none,1,0,1,0,0,225,0.43955555555555537,0.4448888888888883,0.6577777777777778,0.4311111111111111,36.83555555555556,0.6266666666666667,0.03111111111111111,0.0,0.30159165662764315
res35_anch_n4.0_stiff,0,centralized,exact,3,300,none,1,0,1,0,0,106,0.7669811320754717,-0.11037735849056604,1.0,0.1792452830188679,2.0,0.0,0.0,0.0,0.30307765713653767
res35_anch_n4.0_stiff,0,never,exact,3,300,none,1,0,1,0,0,277,0.3570397111913355,0.5537906137184117,0.5740072202166066,0.49458483754512633,0.0,0.0,0.0,0.0,0.3027645591234119
res35_anch_n4.0_stiff,0,always,exact,3,300,none,1,0,1,0,0,106,0.7669811320754717,-0.11037735849056604,1.0,0.1792452830188679,2.0,1.0,1.0,0.0,0.30307765713653767
res35_anch_n4.0_stiff,0,event,exact,3,300,none,1,0,1,0,0,244,0.29672131147540953,0.6020491803278688,0.5368852459016393,0.5409836065573771,0.29918032786885246,0.29918032786885246,0.0,0.0,0.3030859086911204
res35_anch_n4.0_stiff,0,random,exact,3,300,none,1,0,1,0,0,247,0.7842105263157897,0.11052631578947372,0.9109311740890689,0.1659919028340081,0.8704453441295547,0.7692307692307693,0.10121457489878542,0.0,0.30257606313124746
res35_anch_n4.0_stiff,0,voa,exact,3,300,none,1,0,1,0,0,138,0.8115942028985508,-0.12246376811594205,0.9927536231884058,0.14492753623188406,1.7463768115942029,0.9492753623188406,0.7971014492753623,0.0,0.30154044183102446
res35_anch_n4.0_stiff,0,oracle,exact,3,300,none,1,0,1,0,0,219,0.845662100456621,0.0,0.9680365296803652,0.1187214611872146,0.8721461187214612,0.593607305936073,0.2785388127853881,0.0,0.30187346814865745
res35_anch_n4.0_stiff,0,always,can,3,300,none,1,0,1,0,0,210,0.41809523809523785,0.4642857142857137,0.6428571428571429,0.44761904761904764,91.65714285714286,1.0,0.5571428571428572,0.0,0.30030536747901193
res35_anch_n4.0_stiff,0,event,can,3,300,none,1,0,1,0,0,244,0.2754098360655735,0.623360655737705,0.5204918032786885,0.5573770491803278,16.75409836065574,0.29918032786885246,0.0,0.0,0.30308549754371217
res35_anch_n4.0_stiff,0,random,can,3,300,none,1,0,1,0,0,254,0.4677165354330707,0.43503937007873955,0.6653543307086615,0.4094488188976378,52.91338582677165,0.7637795275590551,0.18110236220472442,0.0,0.3002212218837399
res35_anch_n4.0_stiff,0,voa,can,3,300,none,1,0,1,0,0,211,0.4085308056872036,0.474407582938388,0.6350710900473934,0.4549763033175355,33.175355450236964,0.5165876777251185,0.07582938388625593,0.0,0.30308697884904456
res35_anch_n4.0_stiff,0,oracle,can,3,300,none,1,0,1,0,0,211,0.41469194312796187,0.4682464454976297,0.6398104265402843,0.45023696682464454,39.279620853080566,0.6398104265402843,0.061611374407582936,0.0,0.303089186673859
res35_anch_n4.0_stiff,1,centralized,exact,3,300,none,1,0,1,0,0,106,0.7669811320754717,-0.04905660377358491,1.0,0.1792452830188679,2.0,0.0,0.0,0.0,0.3030776380113798
res35_anch_n4.0_stiff,1,never,exact,3,300,none,1,0,1,0,0,250,0.26160000000000005,0.6396000000000004,0.508,0.568,0.0,0.0,0.0,0.0,0.3030856045457201
res35_anch_n4.0_stiff,1,always,exact,3,300,none,1,0,1,0,0,106,0.7669811320754717,-0.04905660377358491,1.0,0.1792452830188679,2.0,1.0,1.0,0.0,0.3030776380113798
res35_anch_n4.0_stiff,1,event,exact,3,300,none,1,0,1,0,0,250,0.28759999999999974,0.6136000000000001,0.528,0.548,0.308,0.308,0.0,0.0,0.30308611137347585
res35_anch_n4.0_stiff,1,random,exact,3,300,none,1,0,1,0,0,205,0.7463414634146345,0.12682926829268296,0.8975609756097561,0.1951219512195122,0.9219512195121952,0.8146341463414634,0.1073170731707317,0.0,0.3031063520513393
res35_anch_n4.0_stiff,1,voa,exact,3,300,none,1,0,1,0,0,140,0.805,-0.08357142857142857,0.9857142857142858,0.15,1.7285714285714286,0.9357142857142857,0.7928571428571428,0.0,0.30275669948159567
res35_anch_n4.0_stiff,1,oracle,exact,3,300,none,1,0,1,0,0,224,0.849107142857143,0.0,0.96875,0.11607142857142858,0.84375,0.65625,0.1875,0.0,0.3013280801666814
res35_anch_n4.0_stiff,1,always,can,3,300,none,1,0,1,0,0,210,0.3809523809523807,0.5014285714285708,0.6142857142857143,0.47619047619047616,92.26666666666667,1.0,0.5666666666666667,0.0,0.3030887377148655
res35_anch_n4.0_stiff,1,event,can,3,300,none,1,0,1,0,0,250,0.26160000000000005,0.6396000000000004,0.508,0.568,17.248,0.308,0.0,0.0,0.3030856045457201
res35_anch_n4.0_stiff,1,random,can,3,300,none,1,0,1,0,0,235,0.3914893617021274,0.5034042553191482,0.6127659574468085,0.46808510638297873,55.761702127659575,0.7787234042553192,0.2170212765957447,0.0,0.3030927280405287
res35_anch_n4.0_stiff,1,voa,can,3,300,none,1,0,1,0,0,210,0.3871428571428569,0.4952380952380946,0.6190476190476191,0.4714285714285714,33.06666666666667,0.5190476190476191,0.07142857142857142,0.0,0.30308885103527183
res35_anch_n4.0_stiff,1,oracle,can,3,300,none,1,0,1,0,0,210,0.3871428571428569,0.4952380952380946,0.6190476190476191,0.4714285714285714,39.733333333333334,0.6619047619047619,0.047619047619047616,0.0,0.30308885103527183
res35_anch_n4.0_stiff,2,centralized,exact,3,300,none,1,0,1,0,0,107,0.7570093457943925,-0.06074766355140187,1.0,0.18691588785046728,2.0,0.0,0.0,0.0,0.30307765716386886
res35_anch_n4.0_stiff,2,never,exact,3,300,none,1,0,1,0,0,253,0.27035573122529644,0.6268774703557315,0.5177865612648221,0.5612648221343873,0.0,0.0,0.0,0.0,0.30308544247564806
res35_anch_n4.0_stiff,2,always,exact,3,300,none,1,0,1,0,0,107,0.7570093457943925,-0.06074766355140187,1.0,0.18691588785046728,2.0,1.0,1.0,0.0,0.30307765716386886
res35_anch_n4.0_stiff,2,event,exact,3,300,none,1,0,1,0,0,252,0.29841269841269813,0.5984126984126985,0.5396825396825397,0.5396825396825397,0.3134920634920635,0.3134920634920635,0.0,0.0,0.30308509009696916
res35_anch_n4.0_stiff,2,random,exact,3,300,none,1,0,1,0,0,255,0.7349019607843139,0.16313725490196074,0.8745098039215686,0.20392156862745098,0.8784313725490196,0.7333333333333333,0.1450980392156863,0.0,0.3015694989160151
res35_anch_n4.0_stiff,2,voa,exact,3,300,none,1,0,1,0,0,107,0.7570093457943925,-0.06074766355140187,1.0,0.18691588785046728,1.7102803738317758,0.9345794392523364,0.7757009345794392,0.0,0.30307765716386886
res35_anch_n4.0_stiff,2,oracle,exact,3,300,none,1,0,1,0,0,198,0.8292929292929294,0.0,0.9696969696969697,0.13131313131313133,0.9242424242424242,0.6919191919191919,0.23232323232323232,0.0,0.30175252378381817
res35_anch_n4.0_stiff,2,always,can,3,300,none,1,0,1,0,0,207,0.40966183574879206,0.4647342995169076,0.642512077294686,0.45410628019323673,90.6280193236715,1.0,0.5410628019323671,0.0,0.30030422167275955
res35_anch_n4.0_stiff,2,event,can,3,300,none,1,0,1,0,0,252,0.26230158730158726,0.6345238095238099,0.5119047619047619,0.5674603174603174,17.555555555555557,0.3134920634920635,0.0,0.0,0.30308428945131355
res35_anch_n4.0_stiff,2,random,can,3,300,none,1,0,1,0,0,261,0.4421455938697316,0.45823754789271964,0.6475095785440613,0.42911877394636017,49.13409961685824,0.735632183908046,0.1417624521072797,0.0,0.3013402522952554
res35_anch_n4.0_stiff,2,voa,can,3,300,none,1,0,1,0,0,208,0.3937499999999998,0.48124999999999934,0.6298076923076923,0.46634615384615385,32.57692307692308,0.5192307692307693,0.0625,0.0,0.3030842755480534
res35_anch_n4.0_stiff,2,oracle,can,3,300,none,1,0,1,0,0,208,0.3937499999999998,0.48124999999999934,0.6298076923076923,0.46634615384615385,41.46153846153846,0.7067307692307693,0.03365384615384615,0.0,0.3030842755480534
res35_free_n0.5_std,0,centralized,exact,3,300,none,1,0,1,0,0,123,0.9227642276422764,0.0,1.0,0.0,2.0,0.0,0.0,0.0,0.30158503696694505
res35_free_n0.5_std,0,never,exact,3,300,none,1,0,1,0,0,267,0.31198501872659157,0.6524344569288397,0.49812734082397003,0.50187265917603,0.0,0.0,0.0,0.0,0.30159068011013607
res35_free_n0.5_std,0,always,exact,3,300,none,1,0,1,0,0,123,0.9227642276422764,0.0,1.0,0.0,2.0,1.0,1.0,0.0,0.30158503696694505
res35_free_n0.5_std,0,event,exact,3,300,none,1,0,1,0,0,267,0.31198501872659157,0.6524344569288397,0.49812734082397003,0.50187265917603,0.33707865168539325,0.33707865168539325,0.0,0.0,0.30159068011013607
res35_free_n0.5_std,0,random,exact,3,300,none,1,0,1,0,0,248,0.8411290322580647,0.1205645161290323,0.907258064516129,0.09274193548387097,0.8709677419354839,0.7701612903225806,0.10080645161290322,0.0,0.3011428985030321
res35_free_n0.5_std,0,voa,exact,3,300,none,1,0,1,0,0,123,0.9227642276422764,0.0,1.0,0.0,1.8048780487804879,0.991869918699187,0.8130081300813008,0.0,0.30158503696694505
res35_free_n0.5_std,0,oracle,exact,3,300,none,1,0,1,0,0,123,0.9227642276422764,0.0,1.0,0.0,0.8536585365853658,0.8455284552845529,0.008130081300813009,0.0,0.30158503696694505
res35_free_n0.5_std,0,always,can,3,300,none,1,0,1,0,0,199,0.45577889447236175,0.47688442211055215,0.6180904522613065,0.38190954773869346,120.0,1.0,1.0,0.0,0.30158503815076826
res35_free_n0.5_std,0,event,can,3,300,none,1,0,1,0,0,267,0.31198501872659157,0.6524344569288397,0.49812734082397003,0.50187265917603,18.876404494382022,0.33707865168539325,0.0,0.0,0.30159068011013607
res35_free_n0.5_std,0,random,can,3,300,none,1,0,1,0,0,254,0.4917322834645669,0.47086614173228275,0.6377952755905512,0.36220472440944884,53.574803149606296,0.7637795275590551,0.19291338582677164,0.0,0.30159829184700626
res35_free_n0.5_std,0,voa,can,3,300,none,1,0,1,0,0,211,0.4805687203791469,0.474407582938388,0.6350710900473934,0.36492890995260663,31.0521327014218,0.5071090047393365,0.04739336492890995,0.0,0.30159175887901146
res35_free_n0.5_std,0,oracle,can,3,300,none,1,0,1,0,0,211,0.48672985781990513,0.4682464454976297,0.6398104265402843,0.36018957345971564,34.23696682464455,0.5639810426540285,0.04739336492890995,0.0,0.3017995818907668
res35_free_n0.5_std,1,centralized,exact,3,300,none,1,0,1,0,0,123,0.9227642276422764,0.0,1.0,0.0,2.0,0.0,0.0,0.0,0.30158503154745775
res35_free_n0.5_std,1,never,exact,3,300,none,1,0,1,0,0,268,0.3097014925373132,0.6548507462686576,0.4962686567164179,0.503731343283582,0.0,0.0,0.0,0.0,0.3015906384362764
res35_free_n0.5_std,1,always,exact,3,300,none,1,0,1,0,0,123,0.9227642276422764,0.0,1.0,0.0,2.0,1.0,1.0,0.0,0.30158503154745775
res35_free_n0.5_std,1,event,exact,3,300,none,1,0,1,0,0,268,0.3097014925373132,0.6548507462686576,0.4962686567164179,0.503731343283582,0.3358208955223881,0.3358208955223881,0.0,0.0,0.3015906384362764
res35_free_n0.5_std,1,random,exact,3,300,none,1,0,1,0,0,240,0.8304166666666669,0.12458333333333337,0.9,0.1,0.8833333333333333,0.7875,0.09583333333333334,0.0,0.301149614936729
res35_free_n0.5_std,1,voa,exact,3,300,none,1,0,1,0,0,123,0.9227642276422764,0.0,1.0,0.0,1.7886178861788617,0.975609756097561,0.8130081300813008,0.0,0.30158503154745775
res35_free_n0.5_std,1,oracle,exact,3,300,none,1,0,1,0,0,123,0.9227642276422764,0.0,1.0,0.0,0.8455284552845529,0.8455284552845529,0.0,0.0,0.30158503154745775
res35_free_n0.5_std,1,always,can,3,300,none,1,0,1,0,0,201,0.44825870646766164,0.4721393034825865,0.6119402985074627,0.3880597014925373,120.0,1.0,1.0,0.0,0.30158503549941257
res35_free_n0.5_std,1,event,can,3,300,none,1,0,1,0,0,268,0.3097014925373132,0.6548507462686576,0.4962686567164179,0.503731343283582,18.80597014925373,0.3358208955223881,0.0,0.0,0.3015906384362764
res35_free_n0.5_std,1,random,can,3,300,none,1,0,1,0,0,239,0.48702928870292883,0.47322175732217503,0.6359832635983264,0.36401673640167365,53.65690376569037,0.7824267782426778,0.17573221757322174,0.0,0.30009665200141894
res35_free_n0.5_std,1,voa,can,3,300,none,1,0,1,0,0,217,0.45898617511520734,0.49723502304147393,0.6175115207373272,0.3824884792626728,28.64516129032258,0.4700460829493088,0.041474654377880185,0.0,0.30159176968278095
res35_free_n0.5_std,1,oracle,can,3,300,none,1,0,1,0,0,217,0.4649769585253456,0.49124423963133573,0.6221198156682027,0.3778801843317972,34.58064516129032,0.5622119815668203,0.055299539170506916,0.0,0.3017995927073886
res35_free_n0.5_std,2,centralized,exact,3,300,none,1,0,1,0,0,124,0.9193548387096774,0.0,1.0,0.0,2.0,0.0,0.0,0.0,0.3015850372673458
res35_free_n0.5_std,2,never,exact,3,300,none,1,0,1,0,0,270,0.30814814814814795,0.6548148148148157,0.4962962962962963,0.5037037037037037,0.0,0.0,0.0,0.0,0.3015906616584583
res35_free_n0.5_std,2,always,exact,3,300,none,1,0,1,0,0,124,0.9193548387096774,0.0,1.0,0.0,2.0,1.0,1.0,0.0,0.3015850372673458
res35_free_n0.5_std,2,event,exact,3,300,none,1,0,1,0,0,270,0.30814814814814795,0.6548148148148157,0.4962962962962963,0.5037037037037037,0.3333333333333333,0.3333333333333333,0.0,0.0,0.3015906616584583
res35_free_n0.5_std,2,random,exact,3,300,none,1,0,1,0,0,243,0.7823045267489716,0.17654320987654315,0.8641975308641975,0.13580246913580246,0.8930041152263375,0.7407407407407407,0.1522633744855967,0.0,0.301613293042804
res35_free_n0.5_std,2,voa,exact,3,300,none,1,0,1,0,0,124,0.9193548387096774,0.0,1.0,0.0,1.782258064516129,0.9758064516129032,0.8064516129032258,0.0,0.3015850372673458
res35_free_n0.5_std,2,oracle,exact,3,300,none,1,0,1,0,0,124,0.9193548387096774,0.0,1.0,0.0,0.8467741935483871,0.8387096774193549,0.008064516129032258,0.0,0.3015850372673458
res35_free_n0.5_std,2,always,can,3,300,none,1,0,1,0,0,214,0.4915887850467289,0.4495327102803732,0.6448598130841121,0.35514018691588783,89.49532710280374,1.0,0.5233644859813084,0.0,0.3033043540315284
res35_free_n0.5_std,2,event,can,3,300,none,1,0,1,0,0,270,0.30814814814814795,0.6548148148148157,0.4962962962962963,0.5037037037037037,18.666666666666668,0.3333333333333333,0.0,0.0,0.3015906616584583
res35_free_n0.5_std,2,random,can,3,300,none,1,0,1,0,0,250,0.492,0.4679999999999993,0.64,0.36,50.4,0.72,0.18,0.0,0.3015987813443063
res35_free_n0.5_std,2,voa,can,3,300,none,1,0,1,0,0,217,0.4626728110599078,0.49124423963133573,0.6221198156682027,0.3778801843317972,28.64516129032258,0.46543778801843316,0.04608294930875576,0.0,0.30159176024000484
res35_free_n0.5_std,2,oracle,can,3,300,none,1,0,1,0,0,217,0.468663594470046,0.4852534562211975,0.6267281105990783,0.37327188940092165,32.774193548387096,0.543778801843318,0.041474654377880185,0.0,0.3017995832559989
res35_free_n0.5_stiff,0,centralized,exact,3,300,none,1,0,1,0,0,106,0.910377358490566,-0.012264150943396227,1.0,0.0,2.0,0.0,0.0,0.0,0.3030776571366807
res35_free_n0.5_stiff,0,never,exact,3,300,none,1,0,1,0,0,250,0.2651999999999998,0.6968000000000009,0.464,0.536,0.0,0.0,0.0,0.0,0.30308329903159364
res35_free_n0.5_stiff,0,always,exact,3,300,none,1,0,1,0,0,106,0.910377358490566,-0.012264150943396227,1.0,0.0,2.0,1.0,1.0,0.0,0.3030776571366807
res35_free_n0.5_stiff,0,event,exact,3,300,none,1,0,1,0,0,250,0.2651999999999998,0.6968000000000009,0.464,0.536,0.284,0.284,0.0,0.0,0.30308329903159364
res35_free_n0.5_stiff,0,random,exact,3,300,none,1,0,1,0,0,248,0.8463709677419357,0.11008064516129036,0.9112903225806451,0.08870967741935484,0.8709677419354839,0.7701612903225806,0.10080645161290322,0.0,0.3005636028492108
res35_free_n0.5_stiff,0,voa,exact,3,300,none,1,0,1,0,0,106,0.910377358490566,-0.012264150943396227,1.0,0.0,1.7735849056603774,0.9905660377358491,0.7830188679245284,0.0,0.3030776571366807
res35_free_n0.5_stiff,0,oracle,exact,3,300,none,1,0,1,0,0,200,0.9135000000000001,0.0,0.97,0.03,0.855,0.705,0.15,0.0,0.3039216561128494
res35_free_n0.5_stiff,0,always,can,3,300,none,1,0,1,0,0,199,0.436180904522613,0.5160804020100496,0.6030150753768844,0.3969849246231156,91.69849246231156,1.0,0.5577889447236181,0.0,0.30030191770952386
res35_free_n0.5_stiff,0,event,can,3,300,none,1,0,1,0,0,250,0.2651999999999998,0.6968000000000009,0.464,0.536,15.904,0.284,0.0,0.0,0.30308329903159364
res35_free_n0.5_stiff,0,random,can,3,300,none,1,0,1,0,0,237,0.4552742616033755,0.5046413502109697,0.6118143459915611,0.3881856540084388,53.87341772151899,0.7552742616033755,0.20675105485232068,0.0,0.30309091076723016
res35_free_n0.5_stiff,0,voa,can,3,300,none,1,0,1,0,0,194,0.43505154639175253,0.5159793814432982,0.6030927835051546,0.39690721649484534,31.175257731958762,0.5051546391752577,0.05154639175257732,0.0,0.30308437779912273
res35_free_n0.5_stiff,0,oracle,can,3,300,none,1,0,1,0,0,194,0.44175257731958756,0.5092783505154632,0.6082474226804123,0.3917525773195876,38.96907216494845,0.6443298969072165,0.05154639175257732,0.0,0.30308560118626143
res35_free_n0.5_stiff,1,centralized,exact,3,300,none,1,0,1,0,0,106,0.910377358490566,0.0,1.0,0.0,2.0,0.0,0.0,0.0,0.30307765166173023
res35_free_n0.5_stiff,1,never,exact,3,300,none,1,0,1,0,0,251,0.2629482071713145,0.699203187250997,0.46215139442231074,0.5378486055776892,0.0,0.0,0.0,0.0,0.3030832573581985
res35_free_n0.5_stiff,1,always,exact,3,300,none,1,0,1,0,0,106,0.910377358490566,0.0,1.0,0.0,2.0,1.0,1.0,0.0,0.30307765166173023
res35_free_n0.5_stiff,1,event,exact,3,300,none,1,0,1,0,0,251,0.2629482071713145,0.699203187250997,0.46215139442231074,0.5378486055776892,0.28286852589641437,0.28286852589641437,0.0,0.0,0.3030832573581985
res35_free_n0.5_stiff,1,random,exact,3,300,none,1,0,1,0,0,237,0.8392405063291141,0.11518987341772155,0.9071729957805907,0.09282700421940929,0.8860759493670886,0.7890295358649789,0.0970464135021097,0.0,0.3030816842903878
res35_free_n0.5_stiff,1,voa,exact,3,300,none,1,0,1,0,0,106,0.910377358490566,0.0,1.0,0.0,1.7547169811320755,0.9716981132075472,0.7830188679245284,0.0,0.30307765166173023
res35_free_n0.5_stiff,1,oracle,exact,3,300,none,1,0,1,0,0,106,0.910377358490566,0.0,1.0,0.0,0.9150943396226415,0.8207547169811321,0.09433962264150944,0.0,0.30307765166173023
res35_free_n0.5_stiff,1,always,can,3,300,none,1,0,1,0,0,201,0.43532338308457713,0.5174129353233824,0.6019900497512438,0.39800995024875624,92.61691542288557,1.0,0.572139303482587,0.0,0.3009329837048446
res35_free_n0.5_stiff,1,event,can,3,300,none,1,0,1,0,0,251,0.2629482071713145,0.699203187250997,0.46215139442231074,0.5378486055776892,15.840637450199203,0.28286852589641437,0.0,0.0,0.3030832573581985
res35_free_n0.5_stiff,1,random,can,3,300,none,1,0,1,0,0,238,0.49579831932773105,0.46428571428571364,0.6428571428571429,0.35714285714285715,53.88235294117647,0.7857142857142857,0.17647058823529413,0.0,0.300535508555856
res35_free_n0.5_stiff,1,voa,can,3,300,none,1,0,1,0,0,200,0.413,0.5394999999999992,0.585,0.415,29.96,0.49,0.045,0.0,0.30308438860315184
res35_free_n0.5_stiff,1,oracle,can,3,300,none,1,0,1,0,0,200,0.4195,0.5329999999999993,0.59,0.41,36.96,0.6,0.06,0.0,0.30308561200175077
res35_free_n0.5_stiff,2,centralized,exact,3,300,none,1,0,1,0,0,107,0.9065420560747663,-0.012149532710280374,1.0,0.0,2.0,0.0,0.0,0.0,0.30307765716399393
res35_free_n0.5_stiff,2,never,exact,3,300,none,1,0,1,0,0,253,0.26166007905138317,0.6988142292490128,0.4624505928853755,0.5375494071146245,0.0,0.0,0.0,0.0,0.3030832805809011
res35_free_n0.5_stiff,2,always,exact,3,300,none,1,0,1,0,0,107,0.9065420560747663,-0.012149532710280374,1.0,0.0,2.0,1.0,1.0,0.0,0.30307765716399393
res35_free_n0.5_stiff,2,event,exact,3,300,none,1,0,1,0,0,253,0.26166007905138317,0.6988142292490128,0.4624505928853755,0.5375494071146245,0.28063241106719367,0.28063241106719367,0.0,0.0,0.3030832805809011
res35_free_n0.5_stiff,2,random,exact,3,300,none,1,0,1,0,0,226,0.7659292035398234,0.18982300884955744,0.8539823008849557,0.14601769911504425,0.9026548672566371,0.7389380530973452,0.16371681415929204,0.0,0.3031059119630914
res35_free_n0.5_stiff,2,voa,exact,3,300,none,1,0,1,0,0,107,0.9065420560747663,-0.012149532710280374,1.0,0.0,1.7476635514018692,0.9719626168224299,0.7757009345794392,0.0,0.30307765716399393
res35_free_n0.5_stiff,2,oracle,exact,3,300,none,1,0,1,0,0,213,0.9164319248826291,0.0,0.971830985915493,0.028169014084507043,0.7887323943661971,0.6572769953051644,0.13145539906103287,0.0,0.3005515187529407
res35_free_n0.5_stiff,2,always,can,3,300,none,1,0,1,0,0,198,0.45050505050505046,0.4989898989898983,0.6161616161616161,0.3838383838383838,92.20202020202021,1.0,0.5656565656565656,0.0,0.3009329639563993
res35_free_n0.5_stiff,2,event,can,3,300,none,1,0,1,0,0,253,0.26166007905138317,0.6988142292490128,0.4624505928853755,0.5375494071146245,15.715415019762846,0.28063241106719367,0.0,0.0,0.3030832805809011
res35_free_n0.5_stiff,2,random,can,3,300,none,1,0,1,0,0,233,0.45493562231759654,0.5021459227467804,0.6137339055793991,0.38626609442060084,51.1931330472103,0.721030042918455,0.19313304721030042,0.0,0.3030914002643497
res35_free_n0.5_stiff,2,voa,can,3,300,none,1,0,1,0,0,200,0.417,0.5329999999999993,0.59,0.41,30.24,0.49,0.05,0.0,0.3030843791605437
res35_free_n0.5_stiff,2,oracle,can,3,300,none,1,0,1,0,0,200,0.42349999999999993,0.5264999999999993,0.595,0.405,36.12,0.6,0.045,0.0,0.3030856025513265
res35_free_n4.0_std,0,centralized,exact,3,300,none,1,0,1,0,0,123,0.9227642276422764,-0.10569105691056913,1.0,0.0,2.0,0.0,0.0,0.0,0.30158503696694505
res35_free_n4.0_std,0,never,exact,3,300,none,1,0,1,0,0,261,0.38084291187739455,0.5827586206896552,0.5517241379310345,0.4482758620689655,0.0,0.0,0.0,0.0,0.3015928786234273
res35_free_n4.0_std,0,always,exact,3,300,none,1,0,1,0,0,123,0.9227642276422764,-0.10569105691056913,1.0,0.0,2.0,1.0,1.0,0.0,0.30158503696694505
res35_free_n4.0_std,0,event,exact,3,300,none,1,0,1,0,0,261,0.40076628352490407,0.5628352490421455,0.5670498084291188,0.4329501915708812,0.3448275862068966,0.3448275862068966,0.0,0.0,0.30159328977088806
res35_free_n4.0_std,0,random,exact,3,300,none,1,0,1,0,0,247,0.8457489878542511,0.11052631578947372,0.9109311740890689,0.08906882591093117,0.8704453441295547,0.7692307692307693,0.10121457489878542,0.0,0.30332490612454105
res35_free_n4.0_std,0,voa,exact,3,300,none,1,0,1,0,0,138,0.9217391304347826,-0.08478260869565218,0.9927536231884058,0.007246376811594203,1.7463768115942029,0.9492753623188406,0.7971014492753623,0.0,0.303304384499155
res35_free_n4.0_std,0,oracle,exact,3,300,none,1,0,1,0,0,200,0.9135000000000001,0.0,0.97,0.03,0.82,0.605,0.215,0.0,0.3016998591993831
res35_free_n4.0_std,0,always,can,3,300,none,1,0,1,0,0,226,0.5265486725663717,0.4314159292035393,0.668141592920354,0.33185840707964603,89.13274336283186,1.0,0.5176991150442478,0.0,0.3005460242416233
res35_free_n4.0_std,0,event,can,3,300,none,1,0,1,0,0,261,0.38084291187739455,0.5827586206896552,0.5517241379310345,0.4482758620689655,19.310344827586206,0.3448275862068966,0.0,0.0,0.3015928786234273
res35_free_n4.0_std,0,random,can,3,300,none,1,0,1,0,0,240,0.5054166666666666,0.45499999999999935,0.65,0.35,52.96666666666667,0.7541666666666667,0.19166666666666668,0.0,0.30180442959311343
res35_free_n4.0_std,0,voa,can,3,300,none,1,0,1,0,0,228,0.5192982456140351,0.43903508771929767,0.6622807017543859,0.33771929824561403,28.982456140350877,0.4473684210526316,0.07017543859649122,0.0,0.3015943599290032
res35_free_n4.0_std,0,oracle,can,3,300,none,1,0,1,0,0,228,0.525,0.43333333333333274,0.6666666666666666,0.3333333333333333,31.68421052631579,0.5087719298245614,0.05701754385964912,0.0,0.30180316782506356
res35_free_n4.0_std,1,centralized,exact,3,300,none,1,0,1,0,0,123,0.9227642276422764,-0.052845528455284556,1.0,0.0,2.0,0.0,0.0,0.0,0.30158503154745775
res35_free_n4.0_std,1,never,exact,3,300,none,1,0,1,0,0,267,0.36554307116104856,0.5988764044943824,0.5393258426966292,0.4606741573033708,0.0,0.0,0.0,0.0,0.30159298562537395
res35_free_n4.0_std,1,always,exact,3,300,none,1,0,1,0,0,123,0.9227642276422764,-0.052845528455284556,1.0,0.0,2.0,1.0,1.0,0.0,0.30158503154745775
res35_free_n4.0_std,1,event,exact,3,300,none,1,0,1,0,0,267,0.38988764044943813,0.5745318352059926,0.5580524344569289,0.4419475655430712,0.3445692883895131,0.3445692883895131,0.0,0.0,0.30159349245313033
res35_free_n4.0_std,1,random,exact,3,300,none,1,0,1,0,0,240,0.8358333333333335,0.1191666666666667,0.9041666666666667,0.09583333333333334,0.8833333333333333,0.7916666666666666,0.09166666666666666,0.0,0.3000003553341928
res35_free_n4.0_std,1,voa,exact,3,300,none,1,0,1,0,0,138,0.9217391304347826,-0.07536231884057971,0.9927536231884058,0.007246376811594203,1.7391304347826086,0.9420289855072463,0.7971014492753623,0.0,0.3032903353437193
res35_free_n4.0_std,1,oracle,exact,3,300,none,1,0,1,0,0,180,0.9183333333333334,0.0,0.9777777777777777,0.022222222222222223,0.8555555555555555,0.7111111111111111,0.14444444444444443,0.0,0.30119150310399123
res35_free_n4.0_std,1,always,can,3,300,none,1,0,1,0,0,225,0.4897777777777778,0.46799999999999936,0.64,0.36,90.41777777777777,1.0,0.5377777777777778,0.0,0.30054444150605
res35_free_n4.0_std,1,event,can,3,300,none,1,0,1,0,0,267,0.36554307116104856,0.5988764044943824,0.5393258426966292,0.4606741573033708,19.295880149812735,0.3445692883895131,0.0,0.0,0.30159298562537395
res35_free_n4.0_std,1,random,can,3,300,none,1,0,1,0,0,252,0.4928571428571428,0.4694444444444438,0.6388888888888888,0.3611111111111111,54.888888888888886,0.7777777777777778,0.20238095238095238,0.0,0.3016001091203261
res35_free_n4.0_std,1,voa,can,3,300,none,1,0,1,0,0,227,0.5,0.4581497797356822,0.6475770925110133,0.3524229074889868,29.356828193832598,0.4581497797356828,0.06607929515418502,0.0,0.3027441913016971
res35_free_n4.0_std,1,oracle,can,3,300,none,1,0,1,0,0,227,0.5,0.4581497797356822,0.6475770925110133,0.3524229074889868,31.823788546255507,0.5242290748898678,0.04405286343612335,0.0,0.3027441913016971
res35_free_n4.0_std,2,centralized,exact,3,300,none,1,0,1,0,0,124,0.9193548387096774,-0.09435483870967742,1.0,0.0,2.0,0.0,0.0,0.0,0.3015850372673458
res35_free_n4.0_std,2,never,exact,3,300,none,1,0,1,0,0,270,0.3755555555555554,0.5874074074074077,0.5481481481481482,0.45185185185185184,0.0,0.0,0.0,0.0,0.301592823555165
res35_free_n4.0_std,2,always,exact,3,300,none,1,0,1,0,0,124,0.9193548387096774,-0.09435483870967742,1.0,0.0,2.0,1.0,1.0,0.0,0.3015850372673458
res35_free_n4.0_std,2,event,exact,3,300,none,1,0,1,0,0,269,0.40223048327137545,0.5605947955390335,0.5687732342007435,0.4312267657992565,0.37174721189591076,0.37174721189591076,0.0,0.0,0.3015924711764471
res35_free_n4.0_std,2,random,exact,3,300,none,1,0,1,0,0,255,0.7976470588235297,0.16313725490196074,0.8745098039215686,0.12549019607843137,0.8784313725490196,0.7333333333333333,0.1450980392156863,0.0,0.30333328384245667
res35_free_n4.0_std,2,voa,exact,3,300,none,1,0,1,0,0,139,0.918705035971223,-0.11223021582733815,0.9928057553956835,0.007194244604316547,1.7410071942446044,0.9424460431654677,0.7985611510791367,0.0,0.30329183388142494
res35_free_n4.0_std,2,oracle,exact,3,300,none,1,0,1,0,0,195,0.9153846153846154,0.0,0.9743589743589743,0.02564102564102564,0.8205128205128205,0.6564102564102564,0.1641025641025641,0.0,0.3001681455519462
res35_free_n4.0_std,2,always,can,3,300,none,1,0,1,0,0,223,0.5237668161434977,0.4255605381165914,0.6681614349775785,0.33183856502242154,88.14349775784753,1.0,0.5022421524663677,0.0,0.3005448589905473
res35_free_n4.0_std,2,event,can,3,300,none,1,0,1,0,0,269,0.36840148698884745,0.5944237918215617,0.5427509293680297,0.45724907063197023,20.817843866171003,0.37174721189591076,0.0,0.0,0.30159167053046276
res35_free_n4.0_std,2,random,can,3,300,none,1,0,1,0,0,260,0.5015384615384616,0.4599999999999993,0.6461538461538462,0.35384615384615387,49.10769230769231,0.7346153846153847,0.1423076923076923,0.0,0.3032976994371169
res35_free_n4.0_std,2,voa,can,3,300,none,1,0,1,0,0,225,0.5106666666666667,0.4448888888888883,0.6577777777777778,0.3422222222222222,30.613333333333333,0.4888888888888889,0.057777777777777775,0.0,0.3015916566276418
res35_free_n4.0_std,2,oracle,can,3,300,none,1,0,1,0,0,225,0.5106666666666667,0.4448888888888883,0.6577777777777778,0.3422222222222222,31.857777777777777,0.5377777777777778,0.03111111111111111,0.0,0.3015916566276418
res35_free_n4.0_stiff,0,centralized,exact,3,300,none,1,0,1,0,0,106,0.910377358490566,-0.11037735849056604,1.0,0.0,2.0,0.0,0.0,0.0,0.3030776571366807
res35_free_n4.0_stiff,0,never,exact,3,300,none,1,0,1,0,0,277,0.4119133574007219,0.5537906137184117,0.5740072202166066,0.4259927797833935,0.0,0.0,0.0,0.0,0.3027631956107486
res35_free_n4.0_stiff,0,always,exact,3,300,none,1,0,1,0,0,106,0.910377358490566,-0.11037735849056604,1.0,0.0,2.0,1.0,1.0,0.0,0.3030776571366807
res35_free_n4.0_stiff,0,event,exact,3,300,none,1,0,1,0,0,244,0.3590163934426228,0.6020491803278688,0.5368852459016393,0.46311475409836067,0.29918032786885246,0.29918032786885246,0.0,0.0,0.3030859086911196
res35_free_n4.0_stiff,0,random,exact,3,300,none,1,0,1,0,0,247,0.8457489878542511,0.11052631578947372,0.9109311740890689,0.08906882591093117,0.8704453441295547,0.7692307692307693,0.10121457489878542,0.0,0.30257483622966086
res35_free_n4.0_stiff,0,voa,exact,3,300,none,1,0,1,0,0,138,0.9217391304347826,-0.12246376811594205,0.9927536231884058,0.007246376811594203,1.7463768115942029,0.9492753623188406,0.7971014492753623,0.0,0.3015392344669645
res35_free_n4.0_stiff,0,oracle,exact,3,300,none,1,0,1,0,0,219,0.9150684931506851,0.0,0.9680365296803652,0.0319634703196347,0.7853881278538812,0.5068493150684932,0.2785388127853881,0.0,0.3018709542905216
res35_free_n4.0_stiff,0,always,can,3,300,none,1,0,1,0,0,210,0.49047619047619045,0.4642857142857137,0.6428571428571429,0.35714285714285715,91.65714285714286,1.0,0.5571428571428572,0.0,0.3003049856104582
res35_free_n4.0_stiff,0,event,can,3,300,none,1,0,1,0,0,244,0.3377049180327868,0.623360655737705,0.5204918032786885,0.47950819672131145,16.75409836065574,0.29918032786885246,0.0,0.0,0.3030854975437127
res35_free_n4.0_stiff,0,random,can,3,300,none,1,0,1,0,0,254,0.5275590551181102,0.43503937007873955,0.6653543307086615,0.3346456692913386,52.91338582677165,0.7637795275590551,0.18110236220472442,0.0,0.3002200153610577
res35_free_n4.0_stiff,0,voa,can,3,300,none,1,0,1,0,0,211,0.48056872037914694,0.474407582938388,0.6350710900473934,0.36492890995260663,33.175355450236964,0.5165876777251185,0.07582938388625593,0.0,0.30308697884904506
res35_free_n4.0_stiff,0,oracle,can,3,300,none,1,0,1,0,0,211,0.48672985781990524,0.4682464454976297,0.6398104265402843,0.36018957345971564,34.23696682464455,0.5497630331753555,0.061611374407582936,0.0,0.30308918667386037
res35_free_n4.0_stiff,1,centralized,exact,3,300,none,1,0,1,0,0,106,0.910377358490566,-0.04905660377358491,1.0,0.0,2.0,0.0,0.0,0.0,0.30307765166173023
res35_free_n4.0_stiff,1,never,exact,3,300,none,1,0,1,0,0,250,0.32239999999999985,0.6396000000000004,0.508,0.492,0.0,0.0,0.0,0.0,0.3030856045457208
res35_free_n4.0_stiff,1,always,exact,3,300,none,1,0,1,0,0,106,0.910377358490566,-0.04905660377358491,1.0,0.0,2.0,1.0,1.0,0.0,0.30307765166173023
res35_free_n4.0_stiff,1,event,exact,3,300,none,1,0,1,0,0,250,0.34839999999999993,0.6136000000000001,0.528,0.472,0.308,0.308,0.0,0.0,0.3030861113734761
res35_free_n4.0_stiff,1,random,exact,3,300,none,1,0,1,0,0,205,0.820487804878049,0.12682926829268296,0.8975609756097561,0.1024390243902439,0.9219512195121952,0.8146341463414634,0.1073170731707317,0.0,0.3031063709242939
res35_free_n4.0_stiff,1,voa,exact,3,300,none,1,0,1,0,0,140,0.9135714285714286,-0.08357142857142857,0.9857142857142858,0.014285714285714285,1.7285714285714286,0.9357142857142857,0.7928571428571428,0.0,0.30275535144111526
res35_free_n4.0_stiff,1,oracle,exact,3,300,none,1,0,1,0,0,224,0.9169642857142859,0.0,0.96875,0.03125,0.7589285714285714,0.5714285714285714,0.1875,0.0,0.30132535311529807
res35_free_n4.0_stiff,1,always,can,3,300,none,1,0,1,0,0,210,0.45333333333333337,0.5014285714285708,0.6142857142857143,0.38571428571428573,92.26666666666667,1.0,0.5666666666666667,0.0,0.30308873771486566
res35_free_n4.0_stiff,1,event,can,3,300,none,1,0,1,0,0,250,0.32239999999999985,0.6396000000000004,0.508,0.492,17.248,0.308,0.0,0.0,0.3030856045457208
res35_free_n4.0_stiff,1,random,can,3,300,none,1,0,1,0,0,235,0.4561702127659574,0.5034042553191482,0.6127659574468085,0.3872340425531915,55.761702127659575,0.7787234042553192,0.2170212765957447,0.0,0.3030927280405275
res35_free_n4.0_stiff,1,voa,can,3,300,none,1,0,1,0,0,210,0.4595238095238095,0.4952380952380946,0.6190476190476191,0.38095238095238093,33.06666666666667,0.5190476190476191,0.07142857142857142,0.0,0.3030888510352721
res35_free_n4.0_stiff,1,oracle,can,3,300,none,1,0,1,0,0,210,0.4595238095238095,0.4952380952380946,0.6190476190476191,0.38095238095238093,34.666666666666664,0.5714285714285714,0.047619047619047616,0.0,0.3030888510352721
res35_free_n4.0_stiff,2,centralized,exact,3,300,none,1,0,1,0,0,107,0.9065420560747663,-0.06074766355140187,1.0,0.0,2.0,0.0,0.0,0.0,0.30307765716399393
res35_free_n4.0_stiff,2,never,exact,3,300,none,1,0,1,0,0,253,0.3335968379446639,0.6268774703557315,0.5177865612648221,0.48221343873517786,0.0,0.0,0.0,0.0,0.30308544247565067
res35_free_n4.0_stiff,2,always,exact,3,300,none,1,0,1,0,0,107,0.9065420560747663,-0.06074766355140187,1.0,0.0,2.0,1.0,1.0,0.0,0.30307765716399393
res35_free_n4.0_stiff,2,event,exact,3,300,none,1,0,1,0,0,252,0.36190476190476184,0.5984126984126985,0.5396825396825397,0.4603174603174603,0.3134920634920635,0.3134920634920635,0.0,0.0,0.3030850900969698
res35_free_n4.0_stiff,2,random,exact,3,300,none,1,0,1,0,0,255,0.7976470588235297,0.16313725490196074,0.8745098039215686,0.12549019607843137,0.8784313725490196,0.7333333333333333,0.1450980392156863,0.0,0.30156814965688156
res35_free_n4.0_stiff,2,voa,exact,3,300,none,1,0,1,0,0,107,0.9065420560747663,-0.06074766355140187,1.0,0.0,1.7102803738317758,0.9345794392523364,0.7757009345794392,0.0,0.30307765716399393
res35_free_n4.0_stiff,2,oracle,exact,3,300,none,1,0,1,0,0,198,0.9101010101010102,0.0,0.9696969696969697,0.030303030303030304,0.8232323232323232,0.5909090909090909,0.23232323232323232,0.0,0.30175161904234526
res35_free_n4.0_stiff,2,always,can,3,300,none,1,0,1,0,0,207,0.4869565217391304,0.4647342995169076,0.642512077294686,0.357487922705314,90.6280193236715,1.0,0.5410628019323671,0.0,0.30030383960406704
res35_free_n4.0_stiff,2,event,can,3,300,none,1,0,1,0,0,252,0.32579365079365064,0.6345238095238099,0.5119047619047619,0.4880952380952381,17.555555555555557,0.3134920634920635,0.0,0.0,0.30308428945131477
res35_free_n4.0_stiff,2,random,can,3,300,none,1,0,1,0,0,261,0.503448275862069,0.45823754789271964,0.6475095785440613,0.3524904214559387,49.13409961685824,0.735632183908046,0.1417624521072797,0.0,0.30133877680758453
res35_free_n4.0_stiff,2,voa,can,3,300,none,1,0,1,0,0,208,0.47067307692307697,0.48124999999999934,0.6298076923076923,0.3701923076923077,32.57692307692308,0.5192307692307693,0.0625,0.0,0.30308427554805417
res35_free_n4.0_stiff,2,oracle,can,3,300,none,1,0,1,0,0,208,0.47067307692307697,0.48124999999999934,0.6298076923076923,0.3701923076923077,36.07692307692308,0.6105769230769231,0.03365384615384615,0.0,0.30308427554805417
res60_anch_n0.5_std,0,centralized,exact,3,300,none,1,0,1,0,0,149,0.825503355704698,-0.017449664429530203,0.9932885906040269,0.1342281879194631,1.2416107382550337,0.0,0.0,0.0,0.30294727466985855
res60_anch_n0.5_std,0,never,exact,3,300,none,0,0,0,0,0,299,0.33478260869565246,0.5826086956521747,0.5518394648829431,0.5117056856187291,0.0,0.0,0.0,0.0,0.00023829012327832074
res60_anch_n0.5_std,0,always,exact,3,300,none,1,0,1,0,0,151,0.8278145695364238,-0.03443708609271523,1.0,0.13245033112582782,1.2516556291390728,1.0,0.25165562913907286,0.0,0.30295082908683574
res60_anch_n0.5_std,0,event,exact,3,300,none,0,0,0,0,0,299,0.33478260869565246,0.5826086956521747,0.5518394648829431,0.5117056856187291,0.0,0.0,0.0,0.0,0.00023829012327832074
res60_anch_n0.5_std,0,random,exact,3,300,none,1,0,1,0,0,240,0.7887500000000002,0.1029166666666667,0.9166666666666666,0.1625,0.875,0.7708333333333334,0.10416666666666667,0.0,0.3029689801529796
res60_anch_n0.5_std,0,voa,exact,3,300,none,1,0,1,0,0,151,0.8278145695364238,-0.03443708609271523,1.0,0.13245033112582782,1.0794701986754967,0.9867549668874173,0.09271523178807947,0.0,0.30295082908683574
res60_anch_n0.5_std,0,oracle,exact,3,300,none,1,0,1,0,0,208,0.8500000000000001,0.0,0.9807692307692307,0.11538461538461539,0.5240384615384616,0.4567307692307692,0.0673076923076923,0.0,0.30298994512449334
res60_anch_n0.5_std,0,always,can,3,300,none,1,0,1,0,0,226,0.43628318584070774,0.45442477876106135,0.6504424778761062,0.4336283185840708,87.43362831858407,1.0,0.4911504424778761,0.0,0.30294565149980784
res60_anch_n0.5_std,0,event,can,3,300,none,0,0,0,0,0,299,0.33478260869565246,0.5826086956521747,0.5518394648829431,0.5117056856187291,0.0,0.0,0.0,0.0,0.00023829012327832074
res60_anch_n0.5_std,0,random,can,3,300,none,1,0,1,0,0,263,0.45133079847908725,0.4547528517110259,0.6501901140684411,0.4220532319391635,52.80608365019011,0.7566539923954373,0.18631178707224336,0.0,0.30294668347287035
res60_anch_n0.5_std,0,voa,can,3,300,none,1,0,1,0,0,220,0.43272727272727257,0.4549999999999994,0.65,0.43636363636363634,17.818181818181817,0.2727272727272727,0.045454545454545456,0.0,0.3029401505047521
res60_anch_n0.5_std,0,oracle,can,3,300,none,1,0,1,0,0,220,0.43863636363636344,0.4490909090909085,0.6545454545454545,0.4318181818181818,31.818181818181817,0.5227272727272727,0.045454545454545456,0.0,0.30294137389188486
res60_anch_n0.5_std,1,centralized,exact,3,300,none,1,0,1,0,0,149,0.825503355704698,-0.008724832214765102,0.9932885906040269,0.1342281879194631,1.2416107382550337,0.0,0.0,0.0,0.30294725554746216
res60_anch_n0.5_std,1,never,exact,3,300,none,0,0,0,0,0,299,0.33043478260869585,0.5869565217391312,0.5484949832775919,0.5150501672240803,0.0,0.0,0.0,0.0,0.00023642449310097094
res60_anch_n0.5_std,1,always,exact,3,300,none,1,0,1,0,0,152,0.8289473684210527,-0.034210526315789476,1.0,0.13157894736842105,1.256578947368421,1.0,0.2565789473684211,0.0,0.3029527391492472
res60_anch_n0.5_std,1,event,exact,3,300,none,0,0,0,0,0,299,0.33043478260869585,0.5869565217391312,0.5484949832775919,0.5150501672240803,0.0,0.0,0.0,0.0,0.00023642449310097094
res60_anch_n0.5_std,1,random,exact,3,300,none,1,0,1,0,0,229,0.77292576419214,0.11353711790393016,0.9082969432314411,0.17467248908296942,0.8908296943231441,0.7903930131004366,0.10043668122270742,0.0,0.3029632447435515
res60_anch_n0.5_std,1,voa,exact,3,300,none,1,0,1,0,0,151,0.8278145695364238,-0.025827814569536426,0.9933774834437086,0.13245033112582782,1.0662251655629138,0.9735099337748344,0.09271523178807947,0.0,0.3029508099661955
res60_anch_n0.5_std,1,oracle,exact,3,300,none,1,0,1,0,0,208,0.8500000000000001,0.0,0.9807692307692307,0.11538461538461539,0.5240384615384616,0.46634615384615385,0.057692307692307696,0.0,0.30298952073336344
res60_anch_n0.5_std,1,always,can,3,300,none,1,0,1,0,0,226,0.43628318584070774,0.45442477876106135,0.6504424778761062,0.4336283185840708,88.0,1.0,0.5,0.0,0.30294564627154347
res60_anch_n0.5_std,1,event,can,3,300,none,0,0,0,0,0,299,0.33043478260869585,0.5869565217391312,0.5484949832775919,0.5150501672240803,0.0,0.0,0.0,0.0,0.00023642449310097094
res60_anch_n0.5_std,1,random,can,3,300,none,1,0,1,0,0,232,0.4228448275862067,0.4706896551724131,0.6379310344827587,0.44396551724137934,54.310344827586206,0.7887931034482759,0.1810344827586207,0.0,0.3029409671699773
res60_anch_n0.5_std,1,voa,can,3,300,none,1,0,1,0,0,226,0.4132743362831856,0.4774336283185834,0.6327433628318584,0.45132743362831856,14.619469026548673,0.22123893805309736,0.03982300884955752,0.0,0.3029401613088081
res60_anch_n0.5_std,1,oracle,can,3,300,none,1,0,1,0,0,226,0.4190265486725661,0.4716814159292029,0.6371681415929203,0.4469026548672566,32.95575221238938,0.5353982300884956,0.05309734513274336,0.0,0.302941384707398
res60_anch_n0.5_std,2,centralized,exact,3,300,none,1,0,1,0,0,150,0.8180000000000001,-0.017333333333333333,0.9933333333333333,0.14,1.2466666666666666,0.0,0.0,0.0,0.30294727458380816
res60_anch_n0.5_std,2,never,exact,3,300,none,0,0,0,0,0,299,0.32173913043478286,0.5913043478260878,0.5451505016722408,0.5217391304347826,0.0,0.0,0.0,0.0,0.00023279980209947956
res60_anch_n0.5_std,2,always,exact,3,300,none,1,0,1,0,0,152,0.8203947368421053,-0.034210526315789476,1.0,0.13815789473684212,1.256578947368421,1.0,0.2565789473684211,0.0,0.302950828982936
res60_anch_n0.5_std,2,event,exact,3,300,none,0,0,0,0,0,299,0.32173913043478286,0.5913043478260878,0.5451505016722408,0.5217391304347826,0.0,0.0,0.0,0.0,0.00023279980209947956
res60_anch_n0.5_std,2,random,exact,3,300,none,1,0,1,0,0,252,0.7265873015873018,0.1702380952380952,0.8690476190476191,0.21031746031746032,0.876984126984127,0.7301587301587301,0.14682539682539683,0.0,0.30296175666988484
res60_anch_n0.5_std,2,voa,exact,3,300,none,1,0,1,0,0,152,0.8203947368421053,-0.034210526315789476,1.0,0.13815789473684212,1.0723684210526316,0.9736842105263158,0.09868421052631579,0.0,0.302950828982936
res60_anch_n0.5_std,2,oracle,exact,3,300,none,1,0,1,0,0,209,0.8444976076555024,0.0,0.9808612440191388,0.11961722488038277,0.5263157894736842,0.46411483253588515,0.06220095693779904,0.0,0.3029894426822923
res60_anch_n0.5_std,2,always,can,3,300,none,1,0,1,0,0,226,0.43628318584070774,0.4486725663716808,0.6548672566371682,0.4336283185840708,87.15044247787611,1.0,0.48672566371681414,0.0,0.3029456291210137
res60_anch_n0.5_std,2,event,can,3,300,none,0,0,0,0,0,299,0.32173913043478286,0.5913043478260878,0.5451505016722408,0.5217391304347826,0.0,0.0,0.0,0.0,0.00023279980209947956
res60_anch_n0.5_std,2,random,can,3,300,none,1,0,1,0,0,259,0.44787644787644765,0.45173745173745106,0.6525096525096525,0.4247104247104247,50.16216216216216,0.722007722007722,0.17374517374517376,0.0,0.30294717296996987
res60_anch_n0.5_std,2,voa,can,3,300,none,1,0,1,0,0,226,0.4132743362831856,0.4716814159292029,0.6371681415929203,0.45132743362831856,15.11504424778761,0.22566371681415928,0.04424778761061947,0.0,0.3029401518662179
res60_anch_n0.5_std,2,oracle,can,3,300,none,1,0,1,0,0,226,0.4190265486725661,0.46592920353982237,0.6415929203539823,0.4469026548672566,32.21238938053097,0.5353982300884956,0.03982300884955752,0.0,0.3029413752569862
res60_anch_n0.5_stiff,0,centralized,exact,3,300,none,1,0,1,0,0,151,0.8278145695364238,-0.017218543046357615,0.9933774834437086,0.13245033112582782,1.2384105960264902,0.0,0.0,0.0,0.30333629974280474
res60_anch_n0.5_stiff,0,never,exact,3,300,none,0,0,0,0,0,299,0.33478260869565246,0.5826086956521747,0.5518394648829431,0.5117056856187291,0.0,0.0,0.0,0.0,0.00023829012327832074
res60_anch_n0.5_stiff,0,always,exact,3,300,none,1,0,1,0,0,153,0.8300653594771242,-0.03398692810457517,1.0,0.13071895424836602,1.2483660130718954,1.0,0.24836601307189543,0.0,0.30333985415978193
res60_anch_n0.5_stiff,0,event,exact,3,300,none,0,0,0,0,0,299,0.33478260869565246,0.5826086956521747,0.5518394648829431,0.5117056856187291,0.0,0.0,0.0,0.0,0.00023829012327832074
res60_anch_n0.5_stiff,0,random,exact,3,300,none,1,0,1,0,0,242,0.7904958677685952,0.10206611570247937,0.9173553719008265,0.16115702479338842,0.8760330578512396,0.7727272727272727,0.10330578512396695,0.0,0.3033580052259122
res60_anch_n0.5_stiff,0,voa,exact,3,300,none,1,0,1,0,0,153,0.8300653594771242,-0.03398692810457517,1.0,0.13071895424836602,1.0784313725490196,0.9869281045751634,0.0915032679738562,0.0,0.30333985415978193
res60_anch_n0.5_stiff,0,oracle,exact,3,300,none,1,0,1,0,0,210,0.8514285714285715,0.0,0.9809523809523809,0.11428571428571428,0.5190476190476191,0.4523809523809524,0.06666666666666667,0.0,0.3033789701974285
res60_anch_n0.5_stiff,0,always,can,3,300,none,1,0,1,0,0,228,0.44122807017543836,0.45043859649122747,0.6535087719298246,0.4298245614035088,87.15789473684211,1.0,0.4868421052631579,0.0,0.3033346765727402
res60_anch_n0.5_stiff,0,event,can,3,300,none,0,0,0,0,0,299,0.33478260869565246,0.5826086956521747,0.5518394648829431,0.5117056856187291,0.0,0.0,0.0,0.0,0.00023829012327832074
res60_anch_n0.5_stiff,0,random,can,3,300,none,1,0,1,0,0,265,0.45547169811320737,0.45132075471698047,0.6528301886792452,0.4188679245283019,52.83018867924528,0.7584905660377359,0.18490566037735848,0.0,0.3033357085458026
res60_anch_n0.5_stiff,0,voa,can,3,300,none,1,0,1,0,0,222,0.43783783783783764,0.4509009009009003,0.6531531531531531,0.43243243243243246,11.855855855855856,0.16666666666666666,0.04504504504504504,0.0,0.30332917557768624
res60_anch_n0.5_stiff,0,oracle,can,3,300,none,1,0,1,0,0,222,0.4436936936936935,0.44504504504504444,0.6576576576576577,0.42792792792792794,31.53153153153153,0.5180180180180181,0.04504504504504504,0.0,0.3033303989648196
res60_anch_n0.5_stiff,1,centralized,exact,3,300,none,1,0,1,0,0,151,0.8278145695364238,-0.008609271523178808,0.9933774834437086,0.13245033112582782,1.2384105960264902,0.0,0.0,0.0,0.30333628062041007
res60_anch_n0.5_stiff,1,never,exact,3,300,none,0,0,0,0,0,299,0.33043478260869585,0.5869565217391312,0.5484949832775919,0.5150501672240803,0.0,0.0,0.0,0.0,0.00023642449310097094
res60_anch_n0.5_stiff,1,always,exact,3,300,none,1,0,1,0,0,154,0.8311688311688312,-0.03376623376623377,1.0,0.12987012987012986,1.2532467532467533,1.0,0.2532467532467532,0.0,0.3033417642221944
res60_anch_n0.5_stiff,1,event,exact,3,300,none,0,0,0,0,0,299,0.33043478260869585,0.5869565217391312,0.5484949832775919,0.5150501672240803,0.0,0.0,0.0,0.0,0.00023642449310097094
res60_anch_n0.5_stiff,1,random,exact,3,300,none,1,0,1,0,0,231,0.7748917748917752,0.11255411255411259,0.9090909090909091,0.17316017316017315,0.8874458874458875,0.7878787878787878,0.09956709956709957,0.0,0.30335226981648483
res60_anch_n0.5_stiff,1,voa,exact,3,300,none,1,0,1,0,0,153,0.8300653594771242,-0.025490196078431376,0.9934640522875817,0.13071895424836602,1.065359477124183,0.9738562091503268,0.0915032679738562,0.0,0.3033398350391414
res60_anch_n0.5_stiff,1,oracle,exact,3,300,none,1,0,1,0,0,210,0.8514285714285715,0.0,0.9809523809523809,0.11428571428571428,0.5190476190476191,0.46190476190476193,0.05714285714285714,0.0,0.3033785458062974
res60_anch_n0.5_stiff,1,always,can,3,300,none,1,0,1,0,0,228,0.44122807017543836,0.45043859649122747,0.6535087719298246,0.4298245614035088,87.71929824561404,1.0,0.4956140350877193,0.0,0.30333467134447645
res60_anch_n0.5_stiff,1,event,can,3,300,none,0,0,0,0,0,299,0.33043478260869585,0.5869565217391312,0.5484949832775919,0.5150501672240803,0.0,0.0,0.0,0.0,0.00023642449310097094
res60_anch_n0.5_stiff,1,random,can,3,300,none,1,0,1,0,0,234,0.4277777777777776,0.466666666666666,0.6410256410256411,0.44017094017094016,54.085470085470085,0.7863247863247863,0.1794871794871795,0.0,0.30332999224291163
res60_anch_n0.5_stiff,1,voa,can,3,300,none,1,0,1,0,0,228,0.41842105263157875,0.4732456140350871,0.6359649122807017,0.4473684210526316,10.070175438596491,0.14035087719298245,0.039473684210526314,0.0,0.3033291863817413
res60_anch_n0.5_stiff,1,oracle,can,3,300,none,1,0,1,0,0,228,0.4241228070175436,0.46754385964912215,0.6403508771929824,0.44298245614035087,32.666666666666664,0.5307017543859649,0.05263157894736842,0.0,0.3033304097803326
res60_anch_n0.5_stiff,2,centralized,exact,3,300,none,1,0,1,0,0,152,0.8203947368421053,-0.017105263157894738,0.993421052631579,0.13815789473684212,1.243421052631579,0.0,0.0,0.0,0.3033362996567512
res60_anch_n0.5_stiff,2,never,exact,3,300,none,0,0,0,0,0,299,0.32173913043478286,0.5913043478260878,0.5451505016722408,0.5217391304347826,0.0,0.0,0.0,0.0,0.00023279980209947956
res60_anch_n0.5_stiff,2,always,exact,3,300,none,1,0,1,0,0,154,0.8227272727272728,-0.03376623376623377,1.0,0.13636363636363635,1.2532467532467533,1.0,0.2532467532467532,0.0,0.30333985405587915
res60_anch_n0.5_stiff,2,event,exact,3,300,none,0,0,0,0,0,299,0.32173913043478286,0.5913043478260878,0.5451505016722408,0.5217391304347826,0.0,0.0,0.0,0.0,0.00023279980209947956
res60_anch_n0.5_stiff,2,random,exact,3,300,none,1,0,1,0,0,254,0.7287401574803152,0.16889763779527553,0.8700787401574803,0.20866141732283464,0.8779527559055118,0.7322834645669292,0.14566929133858267,0.0,0.3033507817428194
res60_anch_n0.5_stiff,2,voa,exact,3,300,none,1,0,1,0,0,154,0.8227272727272728,-0.03376623376623377,1.0,0.13636363636363635,1.0714285714285714,0.974025974025974,0.09740259740259741,0.0,0.30333985405587915
res60_anch_n0.5_stiff,2,oracle,exact,3,300,none,1,0,1,0,0,211,0.8459715639810427,0.0,0.981042654028436,0.11848341232227488,0.5213270142180095,0.4597156398104265,0.061611374407582936,0.0,0.3033784677552253
res60_anch_n0.5_stiff,2,always,can,3,300,none,1,0,1,0,0,228,0.44122807017543836,0.44473684210526254,0.6578947368421053,0.4298245614035088,86.87719298245614,1.0,0.4824561403508772,0.0,0.3033346541939476
res60_anch_n0.5_stiff,2,event,can,3,300,none,0,0,0,0,0,299,0.32173913043478286,0.5913043478260878,0.5451505016722408,0.5217391304347826,0.0,0.0,0.0,0.0,0.00023279980209947956
res60_anch_n0.5_stiff,2,random,can,3,300,none,1,0,1,0,0,261,0.45210727969348635,0.44827586206896486,0.6551724137931034,0.421455938697318,50.206896551724135,0.7241379310344828,0.1724137931034483,0.0,0.3033361980429063
res60_anch_n0.5_stiff,2,voa,can,3,300,none,1,0,1,0,0,228,0.41842105263157875,0.46754385964912215,0.6403508771929824,0.4473684210526316,10.31578947368421,0.14035087719298245,0.043859649122807015,0.0,0.30332917693915135
res60_anch_n0.5_stiff,2,oracle,can,3,300,none,1,0,1,0,0,228,0.4241228070175436,0.4618421052631573,0.6447368421052632,0.44298245614035087,31.92982456140351,0.5307017543859649,0.039473684210526314,0.0,0.3033304003299194
res60_anch_n4.0_std,0,centralized,exact,3,300,none,1,0,1,0,0,148,0.8243243243243243,-0.01756756756756757,0.9932432432432432,0.13513513513513514,1.2364864864864864,0.0,0.0,0.0,0.3029456494348799
res60_anch_n4.0_std,0,never,exact,3,300,none,0,0,0,0,0,299,0.4086956521739128,0.5086956521739131,0.6086956521739131,0.45484949832775917,0.0,0.0,0.0,0.0,0.00025143237648152456
res60_anch_n4.0_std,0,always,exact,3,300,none,1,0,1,0,0,152,0.8289473684210527,-0.04276315789473684,1.0,0.13157894736842105,1.256578947368421,1.0,0.2565789473684211,0.0,0.30295275826900225
res60_anch_n4.0_std,0,event,exact,3,300,none,0,0,0,0,0,299,0.4260869565217389,0.4913043478260869,0.6220735785953178,0.4414715719063545,0.023411371237458192,0.023411371237458192,0.0,0.0,0.000251843523904868
res60_anch_n4.0_std,0,random,exact,3,300,none,1,0,1,0,0,241,0.7842323651452283,0.10788381742738593,0.9128630705394191,0.16597510373443983,0.8713692946058091,0.7676348547717843,0.1037344398340249,0.0,0.3029678560746075
res60_anch_n4.0_std,0,voa,exact,3,300,none,1,0,1,0,0,151,0.8105960264900662,-0.008609271523178811,0.9801324503311258,0.1456953642384106,1.0066225165562914,0.9205298013245033,0.08609271523178808,0.0,0.3029472794552237
res60_anch_n4.0_std,0,oracle,exact,3,300,none,1,0,1,0,0,201,0.8447761194029851,0.0,0.9800995024875622,0.11940298507462686,0.5124378109452736,0.44776119402985076,0.06467661691542288,0.0,0.30298124142297594
res60_anch_n4.0_std,0,always,can,3,300,none,1,0,1,0,0,237,0.48438818565400826,0.4113924050632906,0.6835443037974683,0.39662447257383965,87.59493670886076,1.0,0.4936708860759494,0.0,0.302948724287094
res60_anch_n4.0_std,0,event,can,3,300,none,0,0,0,0,0,299,0.4086956521739128,0.5086956521739131,0.6086956521739131,0.45484949832775917,1.3110367892976589,0.023411371237458192,0.0,0.0,0.00025143237648152456
res60_anch_n4.0_std,0,random,can,3,300,none,1,0,1,0,0,249,0.46224899598393554,0.43855421686746926,0.6626506024096386,0.41365461847389556,53.07630522088353,0.7630522088353414,0.18473895582329317,0.0,0.30294622113882735
res60_anch_n4.0_std,0,voa,can,3,300,none,1,0,1,0,0,237,0.4734177215189872,0.4223628691983117,0.6751054852320675,0.4050632911392405,15.831223628691983,0.21518987341772153,0.06751054852320675,0.0,0.30294275155466743
res60_anch_n4.0_std,0,oracle,can,3,300,none,1,0,1,0,0,237,0.4789029535864977,0.4168776371308011,0.679324894514768,0.4008438818565401,33.31645569620253,0.540084388185654,0.05485232067510549,0.0,0.30294495937948074
res60_anch_n4.0_std,1,centralized,exact,3,300,none,1,0,1,0,0,149,0.825503355704698,0.0,0.9932885906040269,0.1342281879194631,1.2416107382550337,0.0,0.0,0.0,0.30294725554746216
res60_anch_n4.0_std,1,never,exact,3,300,none,0,0,0,0,0,299,0.382608695652174,0.5347826086956525,0.5886287625418061,0.47491638795986624,0.0,0.0,0.0,0.0,0.0002405956372960782
res60_anch_n4.0_std,1,always,exact,3,300,none,1,0,1,0,0,152,0.8289473684210527,-0.02565789473684211,1.0,0.13157894736842105,1.256578947368421,1.0,0.2565789473684211,0.0,0.3029527391492472
res60_anch_n4.0_std,1,event,exact,3,300,none,0,0,0,0,0,299,0.4043478260869563,0.5130434782608697,0.6053511705685619,0.45819397993311034,0.026755852842809364,0.026755852842809364,0.0,0.0,0.00024110246507842172
res60_anch_n4.0_std,1,random,exact,3,300,none,1,0,1,0,0,231,0.7748917748917752,0.11255411255411259,0.9090909090909091,0.17316017316017315,0.8874458874458875,0.7922077922077922,0.09523809523809523,0.0,0.30296212475696677
res60_anch_n4.0_std,1,voa,exact,3,300,none,1,0,1,0,0,151,0.8278145695364238,-0.017218543046357615,0.9933774834437086,0.13245033112582782,1.0264900662251655,0.9337748344370861,0.09271523178807947,0.0,0.3029508099661955
res60_anch_n4.0_std,1,oracle,exact,3,300,none,1,0,1,0,0,225,0.8555555555555555,0.0,0.9777777777777777,0.1111111111111111,0.5555555555555556,0.48444444444444446,0.07111111111111111,0.0,0.30300418227984716
res60_anch_n4.0_std,1,always,can,3,300,none,1,0,1,0,0,236,0.4491525423728811,0.4461864406779655,0.6567796610169492,0.423728813559322,88.27118644067797,1.0,0.5042372881355932,0.0,0.30294451042050013
res60_anch_n4.0_std,1,event,can,3,300,none,0,0,0,0,0,299,0.382608695652174,0.5347826086956525,0.5886287625418061,0.47491638795986624,1.4983277591973243,0.026755852842809364,0.0,0.0,0.0002405956372960782
res60_anch_n4.0_std,1,random,can,3,300,none,1,0,1,0,0,261,0.45210727969348635,0.45325670498084225,0.6513409961685823,0.421455938697318,54.71264367816092,0.7816091954022989,0.19540229885057472,0.0,0.30294850074616775
res60_anch_n4.0_std,1,voa,can,3,300,none,1,0,1,0,0,236,0.45466101694915234,0.4406779661016943,0.6610169491525424,0.4194915254237288,15.423728813559322,0.211864406779661,0.0635593220338983,0.0,0.30294462374090436
res60_anch_n4.0_std,1,oracle,can,3,300,none,1,0,1,0,0,236,0.45466101694915234,0.4406779661016943,0.6610169491525424,0.4194915254237288,32.983050847457626,0.5466101694915254,0.0423728813559322,0.0,0.30294462374090436
res60_anch_n4.0_std,2,centralized,exact,3,300,none,1,0,1,0,0,148,0.8155405405405406,0.0,0.9932432432432432,0.14189189189189189,1.2364864864864864,0.0,0.0,0.0,0.30294412544739285
res60_anch_n4.0_std,2,never,exact,3,300,none,0,0,0,0,0,299,0.38260869565217387,0.5304347826086959,0.5919732441471572,0.47491638795986624,0.0,0.0,0.0,0.0,0.00023496169668308376
res60_anch_n4.0_std,2,always,exact,3,300,none,1,0,1,0,0,153,0.8215686274509804,-0.042483660130718956,1.0,0.13725490196078433,1.261437908496732,1.0,0.26143790849673204,0.0,0.3029527581558944
res60_anch_n4.0_std,2,event,exact,3,300,none,0,0,0,0,0,299,0.4086956521739128,0.5043478260869566,0.6120401337792643,0.45484949832775917,0.046822742474916385,0.046822742474916385,0.0,0.0,0.0002364332748242562
res60_anch_n4.0_std,2,random,exact,3,300,none,1,0,1,0,0,249,0.7337349397590364,0.16184738955823288,0.8755020080321285,0.20481927710843373,0.8835341365461847,0.7349397590361446,0.14859437751004015,0.0,0.3029624868191323
res60_anch_n4.0_std,2,voa,exact,3,300,none,1,0,1,0,0,152,0.8032894736842104,0.0,0.9802631578947368,0.1513157894736842,1.006578947368421,0.9276315789473685,0.07894736842105263,0.0,0.3029472807816901
res60_anch_n4.0_std,2,oracle,exact,3,300,none,1,0,1,0,0,211,0.8459715639810427,0.0,0.981042654028436,0.11848341232227488,0.5308056872037915,0.4549763033175355,0.07582938388625593,0.0,0.30299218245385623
res60_anch_n4.0_std,2,always,can,3,300,none,1,0,1,0,0,234,0.4777777777777776,0.4111111111111106,0.6837606837606838,0.4017094017094017,86.63247863247864,1.0,0.47863247863247865,0.0,0.3029475758408424
res60_anch_n4.0_std,2,event,can,3,300,none,0,0,0,0,0,299,0.3782608695652174,0.5347826086956525,0.5886287625418061,0.4782608695652174,2.6220735785953178,0.046822742474916385,0.0,0.0,0.0002356326291688781
res60_anch_n4.0_std,2,random,can,3,300,none,1,0,1,0,0,254,0.43188976377952737,0.4657480314960623,0.6417322834645669,0.43700787401574803,49.16535433070866,0.7322834645669292,0.14566929133858267,0.0,0.30294078822716436
res60_anch_n4.0_std,2,voa,can,3,300,none,1,0,1,0,0,234,0.46111111111111097,0.4277777777777772,0.6709401709401709,0.41452991452991456,17.70940170940171,0.2606837606837607,0.05555555555555555,0.0,0.3029400482537151
res60_anch_n4.0_std,2,oracle,can,3,300,none,1,0,1,0,0,234,0.46111111111111097,0.4277777777777772,0.6709401709401709,0.41452991452991456,31.82905982905983,0.5384615384615384,0.029914529914529916,0.0,0.3029400482537151
res60_anch_n4.0_stiff,0,centralized,exact,3,300,none,1,0,1,0,0,150,0.8266666666666667,-0.017333333333333333,0.9933333333333333,0.13333333333333333,1.2333333333333334,0.0,0.0,0.0,0.30333467450782586
res60_anch_n4.0_stiff,0,never,exact,3,300,none,0,0,0,0,0,299,0.4086956521739128,0.5086956521739131,0.6086956521739131,0.45484949832775917,0.0,0.0,0.0,0.0,0.00025143237648152456
res60_anch_n4.0_stiff,0,always,exact,3,300,none,1,0,1,0,0,154,0.8311688311688312,-0.04220779220779221,1.0,0.12987012987012986,1.2532467532467533,1.0,0.2532467532467532,0.0,0.30334178334194867
res60_anch_n4.0_stiff,0,event,exact,3,300,none,0,0,0,0,0,299,0.4260869565217389,0.4913043478260869,0.6220735785953178,0.4414715719063545,0.023411371237458192,0.023411371237458192,0.0,0.0,0.000251843523904868
res60_anch_n4.0_stiff,0,random,exact,3,300,none,1,0,1,0,0,243,0.786008230452675,0.10699588477366258,0.9135802469135802,0.1646090534979424,0.8724279835390947,0.7695473251028807,0.102880658436214,0.0,0.3033568811475407
res60_anch_n4.0_stiff,0,voa,exact,3,300,none,1,0,1,0,0,153,0.8130718954248366,-0.008496732026143794,0.9803921568627451,0.1437908496732026,1.0130718954248366,0.9281045751633987,0.08496732026143791,0.0,0.3033363045281584
res60_anch_n4.0_stiff,0,oracle,exact,3,300,none,1,0,1,0,0,203,0.8463054187192118,0.0,0.9802955665024631,0.11822660098522167,0.49261083743842365,0.42857142857142855,0.06403940886699508,0.0,0.3033702664959101
res60_anch_n4.0_stiff,0,always,can,3,300,none,1,0,1,0,0,239,0.4887029288702927,0.40794979079497856,0.6861924686192469,0.39330543933054396,87.33054393305439,1.0,0.4895397489539749,0.0,0.3033377493600285
res60_anch_n4.0_stiff,0,event,can,3,300,none,0,0,0,0,0,299,0.4086956521739128,0.5086956521739131,0.6086956521739131,0.45484949832775917,1.3110367892976589,0.023411371237458192,0.0,0.0,0.00025143237648152456
res60_anch_n4.0_stiff,0,random,can,3,300,none,1,0,1,0,0,251,0.4665338645418325,0.4350597609561747,0.6653386454183267,0.4103585657370518,52.876494023904385,0.7609561752988048,0.18326693227091634,0.0,0.3033352462117603
res60_anch_n4.0_stiff,0,voa,can,3,300,none,1,0,1,0,0,239,0.4778242677824266,0.4188284518828446,0.6778242677824268,0.401673640167364,14.761506276150628,0.19665271966527198,0.06694560669456066,0.0,0.3033317766276014
res60_anch_n4.0_stiff,0,oracle,can,3,300,none,1,0,1,0,0,239,0.4832635983263597,0.4133891213389116,0.6820083682008368,0.39748953974895396,33.03765690376569,0.5355648535564853,0.05439330543933055,0.0,0.30333398445241583
res60_anch_n4.0_stiff,1,centralized,exact,3,300,none,1,0,1,0,0,151,0.8278145695364238,0.0,0.9933774834437086,0.13245033112582782,1.2384105960264902,0.0,0.0,0.0,0.30333628062041007
res60_anch_n4.0_stiff,1,never,exact,3,300,none,0,0,0,0,0,299,0.382608695652174,0.5347826086956525,0.5886287625418061,0.47491638795986624,0.0,0.0,0.0,0.0,0.0002405956372960782
res60_anch_n4.0_stiff,1,always,exact,3,300,none,1,0,1,0,0,154,0.8311688311688312,-0.025324675324675326,1.0,0.12987012987012986,1.2532467532467533,1.0,0.2532467532467532,0.0,0.3033417642221944
res60_anch_n4.0_stiff,1,event,exact,3,300,none,0,0,0,0,0,299,0.4043478260869563,0.5130434782608697,0.6053511705685619,0.45819397993311034,0.026755852842809364,0.026755852842809364,0.0,0.0,0.00024110246507842172
res60_anch_n4.0_stiff,1,random,exact,3,300,none,1,0,1,0,0,233,0.7768240343347642,0.11158798283261806,0.9098712446351931,0.17167381974248927,0.8841201716738197,0.7896995708154506,0.0944206008583691,0.0,0.3033511498299018
res60_anch_n4.0_stiff,1,voa,exact,3,300,none,1,0,1,0,0,153,0.8300653594771242,-0.016993464052287584,0.9934640522875817,0.13071895424836602,1.026143790849673,0.934640522875817,0.0915032679738562,0.0,0.3033398350391414
res60_anch_n4.0_stiff,1,oracle,exact,3,300,none,1,0,1,0,0,227,0.8568281938325991,0.0,0.9779735682819384,0.11013215859030837,0.5506607929515418,0.4801762114537445,0.07048458149779736,0.0,0.30339320735278075
res60_anch_n4.0_stiff,1,always,can,3,300,none,1,0,1,0,0,238,0.4537815126050418,0.44243697478991534,0.6596638655462185,0.42016806722689076,88.0,1.0,0.5,0.0,0.30333353549343295
res60_anch_n4.0_stiff,1,event,can,3,300,none,0,0,0,0,0,299,0.382608695652174,0.5347826086956525,0.5886287625418061,0.47491638795986624,1.4983277591973243,0.026755852842809364,0.0,0.0,0.0002405956372960782
res60_anch_n4.0_stiff,1,random,can,3,300,none,1,0,1,0,0,263,0.4562737642585549,0.4498098859315583,0.6539923954372624,0.41825095057034223,54.50950570342205,0.779467680608365,0.19391634980988592,0.0,0.30333752581910134
res60_anch_n4.0_stiff,1,voa,can,3,300,none,1,0,1,0,0,238,0.4592436974789914,0.4369747899159658,0.6638655462184874,0.41596638655462187,13.411764705882353,0.17647058823529413,0.06302521008403361,0.0,0.3033336488138375
res60_anch_n4.0_stiff,1,oracle,can,3,300,none,1,0,1,0,0,238,0.4592436974789914,0.4369747899159658,0.6638655462184874,0.41596638655462187,32.705882352941174,0.542016806722689,0.04201680672268908,0.0,0.3033336488138375
res60_anch_n4.0_stiff,2,centralized,exact,3,300,none,1,0,1,0,0,150,0.8180000000000001,0.0,0.9933333333333333,0.14,1.2333333333333334,0.0,0.0,0.0,0.30333315052033716
res60_anch_n4.0_stiff,2,never,exact,3,300,none,0,0,0,0,0,299,0.38260869565217387,0.5304347826086959,0.5919732441471572,0.47491638795986624,0.0,0.0,0.0,0.0,0.00023496169668308376
res60_anch_n4.0_stiff,2,always,exact,3,300,none,1,0,1,0,0,155,0.8238709677419355,-0.041935483870967745,1.0,0.13548387096774195,1.2580645161290323,1.0,0.25806451612903225,0.0,0.3033417832288388
res60_anch_n4.0_stiff,2,event,exact,3,300,none,0,0,0,0,0,299,0.4086956521739128,0.5043478260869566,0.6120401337792643,0.45484949832775917,0.046822742474916385,0.046822742474916385,0.0,0.0,0.0002364332748242562
res60_anch_n4.0_stiff,2,random,exact,3,300,none,1,0,1,0,0,251,0.7358565737051794,0.16055776892430276,0.8764940239043825,0.20318725099601595,0.8804780876494024,0.7330677290836654,0.14741035856573706,0.0,0.30335151189206705
res60_anch_n4.0_stiff,2,voa,exact,3,300,none,1,0,1,0,0,154,0.8058441558441558,0.0,0.9805194805194806,0.14935064935064934,1.0129870129870129,0.935064935064935,0.07792207792207792,0.0,0.30333630585462656
res60_anch_n4.0_stiff,2,oracle,exact,3,300,none,1,0,1,0,0,213,0.8474178403755869,0.0,0.9812206572769953,0.11737089201877934,0.5258215962441315,0.4507042253521127,0.07511737089201878,0.0,0.3033812075267906
res60_anch_n4.0_stiff,2,always,can,3,300,none,1,0,1,0,0,236,0.48220338983050826,0.40762711864406725,0.6864406779661016,0.3983050847457627,86.37288135593221,1.0,0.4745762711864407,0.0,0.30333660091377646
res60_anch_n4.0_stiff,2,event,can,3,300,none,0,0,0,0,0,299,0.3782608695652174,0.5347826086956525,0.5886287625418061,0.4782608695652174,2.6220735785953178,0.046822742474916385,0.0,0.0,0.0002356326291688781
res60_anch_n4.0_stiff,2,random,can,3,300,none,1,0,1,0,0,256,0.4363281249999998,0.4621093749999993,0.64453125,0.43359375,49.21875,0.734375,0.14453125,0.0,0.3033298133000987
res60_anch_n4.0_stiff,2,voa,can,3,300,none,1,0,1,0,0,236,0.46567796610169476,0.4241525423728808,0.673728813559322,0.4110169491525424,13.76271186440678,0.1906779661016949,0.05508474576271186,0.0,0.30332907332664716
res60_anch_n4.0_stiff,2,oracle,can,3,300,none,1,0,1,0,0,236,0.46567796610169476,0.4241525423728808,0.673728813559322,0.4110169491525424,31.559322033898304,0.5338983050847458,0.029661016949152543,0.0,0.30332907332664716
res60_free_n0.5_std,0,centralized,exact,3,300,none,1,0,1,0,0,149,0.9275167785234899,-0.017449664429530203,0.9932885906040269,0.006711409395973154,1.2416107382550337,0.0,0.0,0.0,0.3029472746516763
res60_free_n0.5_std,0,never,exact,3,300,none,0,0,0,0,0,299,0.3856187290969898,0.5826086956521747,0.5518394648829431,0.44816053511705684,0.0,0.0,0.0,0.0,0.00023829012328366032
res60_free_n0.5_std,0,always,exact,3,300,none,1,0,1,0,0,151,0.9284768211920529,-0.03443708609271523,1.0,0.006622516556291391,1.2516556291390728,1.0,0.25165562913907286,0.0,0.30295082906478177
res60_free_n0.5_std,0,event,exact,3,300,none,0,0,0,0,0,299,0.3856187290969898,0.5826086956521747,0.5518394648829431,0.44816053511705684,0.0,0.0,0.0,0.0,0.00023829012328366032
res60_free_n0.5_std,0,random,exact,3,300,none,1,0,1,0,0,240,0.8520833333333335,0.1029166666666667,0.9166666666666666,0.08333333333333333,0.875,0.7708333333333334,0.10416666666666667,0.0,0.30296896013053076
res60_free_n0.5_std,0,voa,exact,3,300,none,1,0,1,0,0,151,0.9284768211920529,-0.03443708609271523,1.0,0.006622516556291391,1.0794701986754967,0.9867549668874173,0.09271523178807947,0.0,0.30295082906478177
res60_free_n0.5_std,0,oracle,exact,3,300,none,1,0,1,0,0,208,0.9230769230769231,0.0,0.9807692307692307,0.02403846153846154,0.4326923076923077,0.36538461538461536,0.0673076923076923,0.0,0.30298994511887095
res60_free_n0.5_std,0,always,can,3,300,none,1,0,1,0,0,226,0.5035398230088495,0.45442477876106135,0.6504424778761062,0.3495575221238938,87.43362831858407,1.0,0.4911504424778761,0.0,0.3029456514998065
res60_free_n0.5_std,0,event,can,3,300,none,0,0,0,0,0,299,0.3856187290969898,0.5826086956521747,0.5518394648829431,0.44816053511705684,0.0,0.0,0.0,0.0,0.00023829012328366032
res60_free_n0.5_std,0,random,can,3,300,none,1,0,1,0,0,263,0.509125475285171,0.4547528517110259,0.6501901140684411,0.34980988593155893,52.80608365019011,0.7566539923954373,0.18631178707224336,0.0,0.30294668347287
res60_free_n0.5_std,0,voa,can,3,300,none,1,0,1,0,0,220,0.5018181818181818,0.4549999999999994,0.65,0.35,17.818181818181817,0.2727272727272727,0.045454545454545456,0.0,0.30294015050475237
res60_free_n0.5_std,0,oracle,can,3,300,none,1,0,1,0,0,220,0.5077272727272727,0.4490909090909085,0.6545454545454545,0.34545454545454546,26.98181818181818,0.43636363636363634,0.045454545454545456,0.0,0.3029413738918853
res60_free_n0.5_std,1,centralized,exact,3,300,none,1,0,1,0,0,149,0.9275167785234899,-0.008724832214765102,0.9932885906040269,0.006711409395973154,1.2416107382550337,0.0,0.0,0.0,0.3029472691847552
res60_free_n0.5_std,1,never,exact,3,300,none,0,0,0,0,0,299,0.38127090301003325,0.5869565217391312,0.5484949832775919,0.451505016722408,0.0,0.0,0.0,0.0,0.00023642449307588627
res60_free_n0.5_std,1,always,exact,3,300,none,1,0,1,0,0,152,0.9289473684210525,-0.034210526315789476,1.0,0.006578947368421052,1.256578947368421,1.0,0.2565789473684211,0.0,0.3029527527825011
res60_free_n0.5_std,1,event,exact,3,300,none,0,0,0,0,0,299,0.38127090301003325,0.5869565217391312,0.5484949832775919,0.451505016722408,0.0,0.0,0.0,0.0,0.00023642449307588627
res60_free_n0.5_std,1,random,exact,3,300,none,1,0,1,0,0,229,0.8393013100436684,0.11353711790393016,0.9082969432314411,0.09170305676855896,0.8908296943231441,0.7903930131004366,0.10043668122270742,0.0,0.3029632636165089
res60_free_n0.5_std,1,voa,exact,3,300,none,1,0,1,0,0,151,0.9284768211920529,-0.025827814569536426,0.9933774834437086,0.006622516556291391,1.0662251655629138,0.9735099337748344,0.09271523178807947,0.0,0.3029508236008174
res60_free_n0.5_std,1,oracle,exact,3,300,none,1,0,1,0,0,208,0.9230769230769231,0.0,0.9807692307692307,0.02403846153846154,0.4326923076923077,0.375,0.057692307692307696,0.0,0.3029895343793304
res60_free_n0.5_std,1,always,can,3,300,none,1,0,1,0,0,226,0.5035398230088495,0.45442477876106135,0.6504424778761062,0.3495575221238938,88.0,1.0,0.5,0.0,0.3029456462715432
res60_free_n0.5_std,1,event,can,3,300,none,0,0,0,0,0,299,0.38127090301003325,0.5869565217391312,0.5484949832775919,0.451505016722408,0.0,0.0,0.0,0.0,0.00023642449307588627
res60_free_n0.5_std,1,random,can,3,300,none,1,0,1,0,0,232,0.48836206896551715,0.4706896551724131,0.6379310344827587,0.3620689655172414,54.310344827586206,0.7887931034482759,0.1810344827586207,0.0,0.30294096716997637
res60_free_n0.5_std,1,voa,can,3,300,none,1,0,1,0,0,226,0.4805309734513274,0.4774336283185834,0.6327433628318584,0.3672566371681416,14.619469026548673,0.22123893805309736,0.03982300884955752,0.0,0.3029401613088071
res60_free_n0.5_std,1,oracle,can,3,300,none,1,0,1,0,0,226,0.48628318584070795,0.4716814159292029,0.6371681415929203,0.36283185840707965,28.24778761061947,0.45132743362831856,0.05309734513274336,0.0,0.30294138470739773
res60_free_n0.5_std,2,centralized,exact,3,300,none,1,0,1,0,0,150,0.9246666666666666,-0.017333333333333333,0.9933333333333333,0.006666666666666667,1.2466666666666666,0.0,0.0,0.0,0.3029472745684587
res60_free_n0.5_std,2,never,exact,3,300,none,0,0,0,0,0,299,0.37525083612040117,0.5913043478260878,0.5451505016722408,0.45484949832775917,0.0,0.0,0.0,0.0,0.00023279980206605572
res60_free_n0.5_std,2,always,exact,3,300,none,1,0,1,0,0,152,0.925657894736842,-0.034210526315789476,1.0,0.006578947368421052,1.256578947368421,1.0,0.2565789473684211,0.0,0.30295082896434883
res60_free_n0.5_std,2,event,exact,3,300,none,0,0,0,0,0,299,0.37525083612040117,0.5913043478260878,0.5451505016722408,0.45484949832775917,0.0,0.0,0.0,0.0,0.00023279980206605572
res60_free_n0.5_std,2,random,exact,3,300,none,1,0,1,0,0,252,0.7900793650793654,0.1702380952380952,0.8690476190476191,0.13095238095238096,0.876984126984127,0.7301587301587301,0.14682539682539683,0.0,0.3029616846687397
res60_free_n0.5_std,2,voa,exact,3,300,none,1,0,1,0,0,152,0.925657894736842,-0.034210526315789476,1.0,0.006578947368421052,1.0723684210526316,0.9736842105263158,0.09868421052631579,0.0,0.30295082896434883
res60_free_n0.5_std,2,oracle,exact,3,300,none,1,0,1,0,0,209,0.9210526315789473,0.0,0.9808612440191388,0.023923444976076555,0.430622009569378,0.3684210526315789,0.06220095693779904,0.0,0.3029894426777937
res60_free_n0.5_std,2,always,can,3,300,none,1,0,1,0,0,226,0.5070796460176991,0.4486725663716808,0.6548672566371682,0.34513274336283184,87.15044247787611,1.0,0.48672566371681414,0.0,0.30294562912101347
res60_free_n0.5_std,2,event,can,3,300,none,0,0,0,0,0,299,0.37525083612040117,0.5913043478260878,0.5451505016722408,0.45484949832775917,0.0,0.0,0.0,0.0,0.00023279980206605572
res60_free_n0.5_std,2,random,can,3,300,none,1,0,1,0,0,259,0.5096525096525096,0.45173745173745106,0.6525096525096525,0.3474903474903475,50.16216216216216,0.722007722007722,0.17374517374517376,0.0,0.3029471729699705
res60_free_n0.5_std,2,voa,can,3,300,none,1,0,1,0,0,226,0.484070796460177,0.4716814159292029,0.6371681415929203,0.36283185840707965,15.11504424778761,0.22566371681415928,0.04424778761061947,0.0,0.30294015186621814
res60_free_n0.5_std,2,oracle,can,3,300,none,1,0,1,0,0,226,0.4898230088495575,0.46592920353982237,0.6415929203539823,0.3584070796460177,27.256637168141594,0.4469026548672566,0.03982300884955752,0.0,0.30294137525698656
res60_free_n0.5_stiff,0,centralized,exact,3,300,none,1,0,1,0,0,151,0.9284768211920529,-0.017218543046357615,0.9933774834437086,0.006622516556291391,1.2384105960264902,0.0,0.0,0.0,0.30333630151148755
res60_free_n0.5_stiff,0,never,exact,3,300,none,0,0,0,0,0,299,0.3856187290969898,0.5826086956521747,0.5518394648829431,0.44816053511705684,0.0,0.0,0.0,0.0,0.00023829012328366032
res60_free_n0.5_stiff,0,always,exact,3,300,none,1,0,1,0,0,153,0.9294117647058823,-0.03398692810457517,1.0,0.006535947712418301,1.2483660130718954,1.0,0.24836601307189543,0.0,0.30333985592458634
res60_free_n0.5_stiff,0,event,exact,3,300,none,0,0,0,0,0,299,0.3856187290969898,0.5826086956521747,0.5518394648829431,0.44816053511705684,0.0,0.0,0.0,0.0,0.00023829012328366032
res60_free_n0.5_stiff,0,random,exact,3,300,none,1,0,1,0,0,242,0.8533057851239672,0.10206611570247937,0.9173553719008265,0.08264462809917356,0.8760330578512396,0.7727272727272727,0.10330578512396695,0.0,0.3033579870122114
res60_free_n0.5_stiff,0,voa,exact,3,300,none,1,0,1,0,0,153,0.9294117647058823,-0.03398692810457517,1.0,0.006535947712418301,1.0784313725490196,0.9869281045751634,0.0915032679738562,0.0,0.30333985592458634
res60_free_n0.5_stiff,0,oracle,exact,3,300,none,1,0,1,0,0,210,0.9238095238095239,0.0,0.9809523809523809,0.023809523809523808,0.42857142857142855,0.3619047619047619,0.06666666666666667,0.0,0.30337897200047786
res60_free_n0.5_stiff,0,always,can,3,300,none,1,0,1,0,0,228,0.5078947368421052,0.45043859649122747,0.6535087719298246,0.34649122807017546,87.15789473684211,1.0,0.4868421052631579,0.0,0.3033346783815162
res60_free_n0.5_stiff,0,event,can,3,300,none,0,0,0,0,0,299,0.3856187290969898,0.5826086956521747,0.5518394648829431,0.44816053511705684,0.0,0.0,0.0,0.0,0.00023829012328366032
res60_free_n0.5_stiff,0,random,can,3,300,none,1,0,1,0,0,265,0.5128301886792452,0.45132075471698047,0.6528301886792452,0.3471698113207547,52.83018867924528,0.7584905660377359,0.18490566037735848,0.0,0.3033357103544994
res60_free_n0.5_stiff,0,voa,can,3,300,none,1,0,1,0,0,222,0.5063063063063062,0.4509009009009003,0.6531531531531531,0.34684684684684686,11.855855855855856,0.16666666666666666,0.04504504504504504,0.0,0.30332917738646176
res60_free_n0.5_stiff,0,oracle,can,3,300,none,1,0,1,0,0,222,0.5121621621621621,0.44504504504504444,0.6576576576576577,0.34234234234234234,26.73873873873874,0.43243243243243246,0.04504504504504504,0.0,0.30333040077360346
res60_free_n0.5_stiff,1,centralized,exact,3,300,none,1,0,1,0,0,151,0.9284768211920529,-0.008609271523178808,0.9933774834437086,0.006622516556291391,1.2384105960264902,0.0,0.0,0.0,0.30333629604383644
res60_free_n0.5_stiff,1,never,exact,3,300,none,0,0,0,0,0,299,0.38127090301003325,0.5869565217391312,0.5484949832775919,0.451505016722408,0.0,0.0,0.0,0.0,0.00023642449307588627
res60_free_n0.5_stiff,1,always,exact,3,300,none,1,0,1,0,0,154,0.9298701298701298,-0.03376623376623377,1.0,0.006493506493506494,1.2532467532467533,1.0,0.2532467532467532,0.0,0.3033417796415725
res60_free_n0.5_stiff,1,event,exact,3,300,none,0,0,0,0,0,299,0.38127090301003325,0.5869565217391312,0.5484949832775919,0.451505016722408,0.0,0.0,0.0,0.0,0.00023642449307588627
res60_free_n0.5_stiff,1,random,exact,3,300,none,1,0,1,0,0,231,0.8406926406926409,0.11255411255411259,0.9090909090909091,0.09090909090909091,0.8874458874458875,0.7878787878787878,0.09956709956709957,0.0,0.30335229049821766
res60_free_n0.5_stiff,1,voa,exact,3,300,none,1,0,1,0,0,153,0.9294117647058823,-0.025490196078431376,0.9934640522875817,0.006535947712418301,1.065359477124183,0.9738562091503268,0.0915032679738562,0.0,0.30333985045989253
res60_free_n0.5_stiff,1,oracle,exact,3,300,none,1,0,1,0,0,210,0.9238095238095239,0.0,0.9809523809523809,0.023809523809523808,0.42857142857142855,0.37142857142857144,0.05714285714285714,0.0,0.30337856126094553
res60_free_n0.5_stiff,1,always,can,3,300,none,1,0,1,0,0,228,0.5078947368421052,0.45043859649122747,0.6535087719298246,0.34649122807017546,87.71929824561404,1.0,0.4956140350877193,0.0,0.30333467315309154
res60_free_n0.5_stiff,1,event,can,3,300,none,0,0,0,0,0,299,0.38127090301003325,0.5869565217391312,0.5484949832775919,0.451505016722408,0.0,0.0,0.0,0.0,0.00023642449307588627
res60_free_n0.5_stiff,1,random,can,3,300,none,1,0,1,0,0,234,0.49273504273504265,0.466666666666666,0.6410256410256411,0.358974358974359,54.085470085470085,0.7863247863247863,0.1794871794871795,0.0,0.3033299940516839
res60_free_n0.5_stiff,1,voa,can,3,300,none,1,0,1,0,0,228,0.48508771929824557,0.4732456140350871,0.6359649122807017,0.36403508771929827,10.070175438596491,0.14035087719298245,0.039473684210526314,0.0,0.3033291881905148
res60_free_n0.5_stiff,1,oracle,can,3,300,none,1,0,1,0,0,228,0.4907894736842105,0.46754385964912215,0.6403508771929824,0.35964912280701755,28.0,0.4473684210526316,0.05263157894736842,0.0,0.3033304115891065
res60_free_n0.5_stiff,2,centralized,exact,3,300,none,1,0,1,0,0,152,0.925657894736842,-0.017105263157894738,0.993421052631579,0.006578947368421052,1.243421052631579,0.0,0.0,0.0,0.30333630143250534
res60_free_n0.5_stiff,2,never,exact,3,300,none,0,0,0,0,0,299,0.37525083612040117,0.5913043478260878,0.5451505016722408,0.45484949832775917,0.0,0.0,0.0,0.0,0.00023279980206605572
res60_free_n0.5_stiff,2,always,exact,3,300,none,1,0,1,0,0,154,0.9266233766233766,-0.03376623376623377,1.0,0.006493506493506494,1.2532467532467533,1.0,0.2532467532467532,0.0,0.3033398558283874
res60_free_n0.5_stiff,2,event,exact,3,300,none,0,0,0,0,0,299,0.37525083612040117,0.5913043478260878,0.5451505016722408,0.45484949832775917,0.0,0.0,0.0,0.0,0.00023279980206605572
res60_free_n0.5_stiff,2,random,exact,3,300,none,1,0,1,0,0,254,0.7917322834645673,0.16889763779527553,0.8700787401574803,0.12992125984251968,0.8779527559055118,0.7322834645669292,0.14566929133858267,0.0,0.3033507115503673
res60_free_n0.5_stiff,2,voa,exact,3,300,none,1,0,1,0,0,154,0.9266233766233766,-0.03376623376623377,1.0,0.006493506493506494,1.0714285714285714,0.974025974025974,0.09740259740259741,0.0,0.3033398558283874
res60_free_n0.5_stiff,2,oracle,exact,3,300,none,1,0,1,0,0,211,0.9218009478672986,0.0,0.981042654028436,0.023696682464454975,0.4265402843601896,0.36492890995260663,0.061611374407582936,0.0,0.303378469559408
res60_free_n0.5_stiff,2,always,can,3,300,none,1,0,1,0,0,228,0.5114035087719297,0.44473684210526254,0.6578947368421053,0.34210526315789475,86.87719298245614,1.0,0.4824561403508772,0.0,0.3033346560027232
res60_free_n0.5_stiff,2,event,can,3,300,none,0,0,0,0,0,299,0.37525083612040117,0.5913043478260878,0.5451505016722408,0.45484949832775917,0.0,0.0,0.0,0.0,0.00023279980206605572
res60_free_n0.5_stiff,2,random,can,3,300,none,1,0,1,0,0,261,0.5134099616858238,0.44827586206896486,0.6551724137931034,0.3448275862068966,50.206896551724135,0.7241379310344828,0.1724137931034483,0.0,0.30333619985163324
res60_free_n0.5_stiff,2,voa,can,3,300,none,1,0,1,0,0,228,0.48859649122807014,0.46754385964912215,0.6403508771929824,0.35964912280701755,10.31578947368421,0.14035087719298245,0.043859649122807015,0.0,0.30332917874792364
res60_free_n0.5_stiff,2,oracle,can,3,300,none,1,0,1,0,0,228,0.494298245614035,0.4618421052631573,0.6447368421052632,0.35526315789473684,27.017543859649123,0.44298245614035087,0.039473684210526314,0.0,0.3033304021386907
res60_free_n4.0_std,0,centralized,exact,3,300,none,1,0,1,0,0,148,0.927027027027027,-0.01756756756756757,0.9932432432432432,0.006756756756756757,1.2364864864864864,0.0,0.0,0.0,0.30294564941857516
res60_free_n4.0_std,0,never,exact,3,300,none,0,0,0,0,0,299,0.45953177257525074,0.5086956521739131,0.6086956521739131,0.391304347826087,0.0,0.0,0.0,0.0,0.0002514323764895535
res60_free_n4.0_std,0,always,exact,3,300,none,1,0,1,0,0,152,0.9289473684210525,-0.04276315789473684,1.0,0.006578947368421052,1.256578947368421,1.0,0.2565789473684211,0.0,0.30295275824496626
res60_free_n4.0_std,0,event,exact,3,300,none,0,0,0,0,0,299,0.4769230769230768,0.4913043478260869,0.6220735785953178,0.3779264214046823,0.023411371237458192,0.023411371237458192,0.0,0.0,0.0002518435239192172
res60_free_n4.0_std,0,random,exact,3,300,none,1,0,1,0,0,241,0.8473029045643156,0.10788381742738593,0.9128630705394191,0.08713692946058091,0.8713692946058091,0.7676348547717843,0.1037344398340249,0.0,0.30296783605215877
res60_free_n4.0_std,0,voa,exact,3,300,none,1,0,1,0,0,151,0.9112582781456954,-0.008609271523178811,0.9801324503311258,0.019867549668874173,1.0066225165562914,0.9205298013245033,0.08609271523178808,0.0,0.3029472797411095
res60_free_n4.0_std,0,oracle,exact,3,300,none,1,0,1,0,0,201,0.9203980099502488,0.0,0.9800995024875622,0.024875621890547265,0.417910447761194,0.35323383084577115,0.06467661691542288,0.0,0.3029812415227863
res60_free_n4.0_std,0,always,can,3,300,none,1,0,1,0,0,237,0.5485232067510548,0.4113924050632906,0.6835443037974683,0.31645569620253167,87.59493670886076,1.0,0.4936708860759494,0.0,0.30294872428709346
res60_free_n4.0_std,0,event,can,3,300,none,0,0,0,0,0,299,0.45953177257525074,0.5086956521739131,0.6086956521739131,0.391304347826087,1.3110367892976589,0.023411371237458192,0.0,0.0,0.0002514323764895535
res60_free_n4.0_std,0,random,can,3,300,none,1,0,1,0,0,249,0.5232931726907631,0.43855421686746926,0.6626506024096386,0.3373493975903614,53.07630522088353,0.7630522088353414,0.18473895582329317,0.0,0.30294622113882613
res60_free_n4.0_std,0,voa,can,3,300,none,1,0,1,0,0,237,0.5375527426160338,0.4223628691983117,0.6751054852320675,0.32489451476793246,15.831223628691983,0.21518987341772153,0.06751054852320675,0.0,0.3029427515546681
res60_free_n4.0_std,0,oracle,can,3,300,none,1,0,1,0,0,237,0.5430379746835443,0.4168776371308011,0.679324894514768,0.3206751054852321,28.827004219409282,0.459915611814346,0.05485232067510549,0.0,0.30294495937948174
res60_free_n4.0_std,1,centralized,exact,3,300,none,1,0,1,0,0,149,0.9275167785234899,0.0,0.9932885906040269,0.006711409395973154,1.2416107382550337,0.0,0.0,0.0,0.3029472691847552
res60_free_n4.0_std,1,never,exact,3,300,none,0,0,0,0,0,299,0.4334448160535116,0.5347826086956525,0.5886287625418061,0.411371237458194,0.0,0.0,0.0,0.0,0.00024059563729304765
res60_free_n4.0_std,1,always,exact,3,300,none,1,0,1,0,0,152,0.9289473684210525,-0.02565789473684211,1.0,0.006578947368421052,1.256578947368421,1.0,0.2565789473684211,0.0,0.3029527527825011
res60_free_n4.0_std,1,event,exact,3,300,none,0,0,0,0,0,299,0.4551839464882942,0.5130434782608697,0.6053511705685619,0.39464882943143814,0.026755852842809364,0.026755852842809364,0.0,0.0,0.00024110246500490205
res60_free_n4.0_std,1,random,exact,3,300,none,1,0,1,0,0,231,0.8406926406926409,0.11255411255411259,0.9090909090909091,0.09090909090909091,0.8874458874458875,0.7922077922077922,0.09523809523809523,0.0,0.30296214362992135
res60_free_n4.0_std,1,voa,exact,3,300,none,1,0,1,0,0,151,0.9284768211920529,-0.017218543046357615,0.9933774834437086,0.006622516556291391,1.0264900662251655,0.9337748344370861,0.09271523178807947,0.0,0.3029508236008174
res60_free_n4.0_std,1,oracle,exact,3,300,none,1,0,1,0,0,225,0.9231111111111112,0.0,0.9777777777777777,0.02666666666666667,0.4711111111111111,0.4,0.07111111111111111,0.0,0.30300419592585653
res60_free_n4.0_std,1,always,can,3,300,none,1,0,1,0,0,236,0.5135593220338983,0.4461864406779655,0.6567796610169492,0.3432203389830508,88.27118644067797,1.0,0.5042372881355932,0.0,0.3029445104204995
res60_free_n4.0_std,1,event,can,3,300,none,0,0,0,0,0,299,0.4334448160535116,0.5347826086956525,0.5886287625418061,0.411371237458194,1.4983277591973243,0.026755852842809364,0.0,0.0,0.00024059563729304765
res60_free_n4.0_std,1,random,can,3,300,none,1,0,1,0,0,261,0.5103448275862068,0.45325670498084225,0.6513409961685823,0.3486590038314176,54.71264367816092,0.7816091954022989,0.19540229885057472,0.0,0.30294850074616736
res60_free_n4.0_std,1,voa,can,3,300,none,1,0,1,0,0,236,0.5190677966101694,0.4406779661016943,0.6610169491525424,0.3389830508474576,15.423728813559322,0.211864406779661,0.0635593220338983,0.0,0.3029446237409049
res60_free_n4.0_std,1,oracle,can,3,300,none,1,0,1,0,0,236,0.5190677966101694,0.4406779661016943,0.6610169491525424,0.3389830508474576,28.47457627118644,0.4661016949152542,0.0423728813559322,0.0,0.3029446237409049
res60_free_n4.0_std,2,centralized,exact,3,300,none,1,0,1,0,0,148,0.9236486486486486,0.0,0.9932432432432432,0.006756756756756757,1.2364864864864864,0.0,0.0,0.0,0.30294412543514443
res60_free_n4.0_std,2,never,exact,3,300,none,0,0,0,0,0,299,0.43612040133779256,0.5304347826086959,0.5919732441471572,0.4080267558528428,0.0,0.0,0.0,0.0,0.00023496169667012404
res60_free_n4.0_std,2,always,exact,3,300,none,1,0,1,0,0,153,0.9261437908496731,-0.042483660130718956,1.0,0.006535947712418301,1.261437908496732,1.0,0.26143790849673204,0.0,0.3029527581356535
res60_free_n4.0_std,2,event,exact,3,300,none,0,0,0,0,0,299,0.4622073578595317,0.5043478260869566,0.6120401337792643,0.3879598662207358,0.046822742474916385,0.046822742474916385,0.0,0.0,0.000236433274803135
res60_free_n4.0_std,2,random,exact,3,300,none,1,0,1,0,0,249,0.7979919678714861,0.16184738955823288,0.8755020080321285,0.12449799196787148,0.8835341365461847,0.7349397590361446,0.14859437751004015,0.0,0.30296234668507444
res60_free_n4.0_std,2,voa,exact,3,300,none,1,0,1,0,0,152,0.9085526315789473,0.0,0.9802631578947368,0.019736842105263157,1.006578947368421,0.9276315789473685,0.07894736842105263,0.0,0.3029472810144082
res60_free_n4.0_std,2,oracle,exact,3,300,none,1,0,1,0,0,211,0.9218009478672986,0.0,0.981042654028436,0.023696682464454975,0.43601895734597157,0.36018957345971564,0.07582938388625593,0.0,0.3029921824493582
res60_free_n4.0_std,2,always,can,3,300,none,1,0,1,0,0,234,0.5461538461538461,0.4111111111111106,0.6837606837606838,0.3162393162393162,86.63247863247864,1.0,0.47863247863247865,0.0,0.30294757584084214
res60_free_n4.0_std,2,event,can,3,300,none,0,0,0,0,0,299,0.431772575250836,0.5347826086956525,0.5886287625418061,0.411371237458194,2.6220735785953178,0.046822742474916385,0.0,0.0,0.00023563262919656198
res60_free_n4.0_std,2,random,can,3,300,none,1,0,1,0,0,254,0.49488188976377956,0.4657480314960623,0.6417322834645669,0.35826771653543305,49.16535433070866,0.7322834645669292,0.14566929133858267,0.0,0.3029407882271637
res60_free_n4.0_std,2,voa,can,3,300,none,1,0,1,0,0,234,0.5294871794871795,0.4277777777777772,0.6709401709401709,0.32905982905982906,17.70940170940171,0.2606837606837607,0.05555555555555555,0.0,0.3029400482537142
res60_free_n4.0_std,2,oracle,can,3,300,none,1,0,1,0,0,234,0.5294871794871795,0.4277777777777772,0.6709401709401709,0.32905982905982906,27.042735042735043,0.452991452991453,0.029914529914529916,0.0,0.3029400482537142
res60_free_n4.0_stiff,0,centralized,exact,3,300,none,1,0,1,0,0,150,0.9279999999999999,-0.017333333333333333,0.9933333333333333,0.006666666666666667,1.2333333333333334,0.0,0.0,0.0,0.30333467627838734
res60_free_n4.0_stiff,0,never,exact,3,300,none,0,0,0,0,0,299,0.45953177257525074,0.5086956521739131,0.6086956521739131,0.391304347826087,0.0,0.0,0.0,0.0,0.0002514323764895535
res60_free_n4.0_stiff,0,always,exact,3,300,none,1,0,1,0,0,154,0.9298701298701298,-0.04220779220779221,1.0,0.006493506493506494,1.2532467532467533,1.0,0.2532467532467532,0.0,0.3033417851047707
res60_free_n4.0_stiff,0,event,exact,3,300,none,0,0,0,0,0,299,0.4769230769230768,0.4913043478260869,0.6220735785953178,0.3779264214046823,0.023411371237458192,0.023411371237458192,0.0,0.0,0.0002518435239192172
res60_free_n4.0_stiff,0,random,exact,3,300,none,1,0,1,0,0,243,0.8485596707818932,0.10699588477366258,0.9135802469135802,0.08641975308641975,0.8724279835390947,0.7695473251028807,0.102880658436214,0.0,0.30335686293383846
res60_free_n4.0_stiff,0,voa,exact,3,300,none,1,0,1,0,0,153,0.9124183006535947,-0.008496732026143794,0.9803921568627451,0.0196078431372549,1.0130718954248366,0.9281045751633987,0.08496732026143791,0.0,0.3033363066228193
res60_free_n4.0_stiff,0,oracle,exact,3,300,none,1,0,1,0,0,203,0.9211822660098522,0.0,0.9802955665024631,0.024630541871921183,0.39901477832512317,0.33497536945812806,0.06403940886699508,0.0,0.30337026840439335
res60_free_n4.0_stiff,0,always,can,3,300,none,1,0,1,0,0,239,0.5523012552301255,0.40794979079497856,0.6861924686192469,0.3138075313807531,87.33054393305439,1.0,0.4895397489539749,0.0,0.30333775116876943
res60_free_n4.0_stiff,0,event,can,3,300,none,0,0,0,0,0,299,0.45953177257525074,0.5086956521739131,0.6086956521739131,0.391304347826087,1.3110367892976589,0.023411371237458192,0.0,0.0,0.0002514323764895535
res60_free_n4.0_stiff,0,random,can,3,300,none,1,0,1,0,0,251,0.5270916334661355,0.4350597609561747,0.6653386454183267,0.3346613545816733,52.876494023904385,0.7609561752988048,0.18326693227091634,0.0,0.30333524802041256
res60_free_n4.0_stiff,0,voa,can,3,300,none,1,0,1,0,0,239,0.5414225941422595,0.4188284518828446,0.6778242677824268,0.32217573221757323,14.761506276150628,0.19665271966527198,0.06694560669456066,0.0,0.3033317784363319
res60_free_n4.0_stiff,0,oracle,can,3,300,none,1,0,1,0,0,239,0.5468619246861924,0.4133891213389116,0.6820083682008368,0.3179916317991632,28.585774058577407,0.4560669456066946,0.05439330543933055,0.0,0.30333398626114605
res60_free_n4.0_stiff,1,centralized,exact,3,300,none,1,0,1,0,0,151,0.9284768211920529,0.0,0.9933774834437086,0.006622516556291391,1.2384105960264902,0.0,0.0,0.0,0.30333629604383644
res60_free_n4.0_stiff,1,never,exact,3,300,none,0,0,0,0,0,299,0.4334448160535116,0.5347826086956525,0.5886287625418061,0.411371237458194,0.0,0.0,0.0,0.0,0.00024059563729304765
res60_free_n4.0_stiff,1,always,exact,3,300,none,1,0,1,0,0,154,0.9298701298701298,-0.025324675324675326,1.0,0.006493506493506494,1.2532467532467533,1.0,0.2532467532467532,0.0,0.3033417796415725
res60_free_n4.0_stiff,1,event,exact,3,300,none,0,0,0,0,0,299,0.4551839464882942,0.5130434782608697,0.6053511705685619,0.39464882943143814,0.026755852842809364,0.026755852842809364,0.0,0.0,0.00024110246500490205
res60_free_n4.0_stiff,1,random,exact,3,300,none,1,0,1,0,0,233,0.84206008583691,0.11158798283261806,0.9098712446351931,0.09012875536480687,0.8841201716738197,0.7896995708154506,0.0944206008583691,0.0,0.30335117051163063
res60_free_n4.0_stiff,1,voa,exact,3,300,none,1,0,1,0,0,153,0.9294117647058823,-0.016993464052287584,0.9934640522875817,0.006535947712418301,1.026143790849673,0.934640522875817,0.0915032679738562,0.0,0.30333985045989253
res60_free_n4.0_stiff,1,oracle,exact,3,300,none,1,0,1,0,0,227,0.9237885462555067,0.0,0.9779735682819384,0.02643171806167401,0.4669603524229075,0.3964757709251101,0.07048458149779736,0.0,0.30339322280747
res60_free_n4.0_stiff,1,always,can,3,300,none,1,0,1,0,0,238,0.5176470588235295,0.44243697478991534,0.6596638655462185,0.3403361344537815,88.0,1.0,0.5,0.0,0.3033335373022099
res60_free_n4.0_stiff,1,event,can,3,300,none,0,0,0,0,0,299,0.4334448160535116,0.5347826086956525,0.5886287625418061,0.411371237458194,1.4983277591973243,0.026755852842809364,0.0,0.0,0.00024059563729304765
res60_free_n4.0_stiff,1,random,can,3,300,none,1,0,1,0,0,263,0.5140684410646388,0.4498098859315583,0.6539923954372624,0.34600760456273766,54.50950570342205,0.779467680608365,0.19391634980988592,0.0,0.30333752762787547
res60_free_n4.0_stiff,1,voa,can,3,300,none,1,0,1,0,0,238,0.523109243697479,0.4369747899159658,0.6638655462184874,0.33613445378151263,13.411764705882353,0.17647058823529413,0.06302521008403361,0.0,0.30333365062261347
res60_free_n4.0_stiff,1,oracle,can,3,300,none,1,0,1,0,0,238,0.523109243697479,0.4369747899159658,0.6638655462184874,0.33613445378151263,28.235294117647058,0.46218487394957986,0.04201680672268908,0.0,0.30333365062261347
res60_free_n4.0_stiff,2,centralized,exact,3,300,none,1,0,1,0,0,150,0.9246666666666666,0.0,0.9933333333333333,0.006666666666666667,1.2333333333333334,0.0,0.0,0.0,0.30333315229919533
res60_free_n4.0_stiff,2,never,exact,3,300,none,0,0,0,0,0,299,0.43612040133779256,0.5304347826086959,0.5919732441471572,0.4080267558528428,0.0,0.0,0.0,0.0,0.00023496169667012404
res60_free_n4.0_stiff,2,always,exact,3,300,none,1,0,1,0,0,155,0.9270967741935483,-0.041935483870967745,1.0,0.0064516129032258064,1.2580645161290323,1.0,0.25806451612903225,0.0,0.3033417849996885
res60_free_n4.0_stiff,2,event,exact,3,300,none,0,0,0,0,0,299,0.4622073578595317,0.5043478260869566,0.6120401337792643,0.3879598662207358,0.046822742474916385,0.046822742474916385,0.0,0.0,0.000236433274803135
res60_free_n4.0_stiff,2,random,exact,3,300,none,1,0,1,0,0,251,0.7996015936254982,0.16055776892430276,0.8764940239043825,0.12350597609561753,0.8804780876494024,0.7330677290836654,0.14741035856573706,0.0,0.3033513735667417
res60_free_n4.0_stiff,2,voa,exact,3,300,none,1,0,1,0,0,154,0.9097402597402597,0.0,0.9805194805194806,0.01948051948051948,1.0129870129870129,0.935064935064935,0.07792207792207792,0.0,0.30333630789611804
res60_free_n4.0_stiff,2,oracle,exact,3,300,none,1,0,1,0,0,213,0.9225352112676056,0.0,0.9812206572769953,0.023474178403755867,0.431924882629108,0.3568075117370892,0.07511737089201878,0.0,0.3033812093309726
res60_free_n4.0_stiff,2,always,can,3,300,none,1,0,1,0,0,236,0.55,0.40762711864406725,0.6864406779661016,0.3135593220338983,86.37288135593221,1.0,0.4745762711864407,0.0,0.30333660272251073
res60_free_n4.0_stiff,2,event,can,3,300,none,0,0,0,0,0,299,0.431772575250836,0.5347826086956525,0.5886287625418061,0.411371237458194,2.6220735785953178,0.046822742474916385,0.0,0.0,0.00023563262919656198
res60_free_n4.0_stiff,2,random,can,3,300,none,1,0,1,0,0,256,0.498828125,0.4621093749999993,0.64453125,0.35546875,49.21875,0.734375,0.14453125,0.0,0.30332981510879403
res60_free_n4.0_stiff,2,voa,can,3,300,none,1,0,1,0,0,236,0.5334745762711864,0.4241525423728808,0.673728813559322,0.326271186440678,13.76271186440678,0.1906779661016949,0.05508474576271186,0.0,0.30332907513538176
res60_free_n4.0_stiff,2,oracle,can,3,300,none,1,0,1,0,0,236,0.5334745762711864,0.4241525423728808,0.673728813559322,0.326271186440678,26.8135593220339,0.4491525423728814,0.029661016949152543,0.0,0.30332907513538176
res85_anch_n0.5_std,0,centralized,exact,3,300,none,0,0,0,0,0,299,0.9130434782608695,-0.008695652173913044,0.9966555183946488,0.06688963210702341,1.120401337792642,0.0,0.0,0.0,0.000625569622421484
res85_anch_n0.5_std,0,never,exact,3,300,none,0,0,0,0,0,299,0.33478260869565246,0.5826086956521747,0.5518394648829431,0.5117056856187291,0.0,0.0,0.0,0.0,0.00023829012327832074
res85_anch_n0.5_std,0,always,exact,3,300,none,0,0,0,0,0,299,0.9130434782608695,-0.017391304347826087,1.0,0.06688963210702341,1.1270903010033444,1.0,0.12709030100334448,0.0,0.0006242601542346697
res85_anch_n0.5_std,0,event,exact,3,300,none,0,0,0,0,0,299,0.33478260869565246,0.5826086956521747,0.5518394648829431,0.5117056856187291,0.0,0.0,0.0,0.0,0.00023829012327832074
res85_anch_n0.5_std,0,random,exact,3,300,none,0,0,0,0,0,299,0.8304347826086957,0.08260869565217394,0.9331103678929766,0.13043478260869565,0.8361204013377926,0.7525083612040134,0.08361204013377926,0.0,0.00042596833251006265
res85_anch_n0.5_std,0,voa,exact,3,300,none,0,0,0,0,0,299,0.9130434782608695,-0.017391304347826087,1.0,0.06688963210702341,0.3979933110367893,0.3511705685618729,0.046822742474916385,0.0,0.0006242601542346697
res85_anch_n0.5_std,0,oracle,exact,3,300,none,0,0,0,0,0,299,0.8956521739130435,0.0,0.9866220735785953,0.0802675585284281,0.36454849498327757,0.3177257525083612,0.046822742474916385,0.0,0.000524755465538886
res85_anch_n0.5_std,0,always,can,3,300,none,0,0,0,0,0,299,0.5739130434782608,0.34347826086956473,0.7357859531772575,0.3277591973244147,79.75919732441471,1.0,0.3712374581939799,0.0,0.0004366868749514359
res85_anch_n0.5_std,0,event,can,3,300,none,0,0,0,0,0,299,0.33478260869565246,0.5826086956521747,0.5518394648829431,0.5117056856187291,0.0,0.0,0.0,0.0,0.00023829012327832074
res85_anch_n0.5_std,0,random,can,3,300,none,0,0,0,0,0,299,0.5173913043478259,0.3999999999999994,0.6923076923076923,0.3712374581939799,51.87959866220736,0.7625418060200669,0.16387959866220736,0.0,0.0003477369737422053
res85_anch_n0.5_std,0,voa,can,3,300,none,0,0,0,0,0,299,0.5826086956521738,0.33478260869565174,0.7424749163879598,0.3210702341137124,7.678929765886288,0.10367892976588629,0.033444816053511704,0.0,0.0004457775351897364
res85_anch_n0.5_std,0,oracle,can,3,300,none,0,0,0,0,0,299,0.5869565217391303,0.3304347826086952,0.745819397993311,0.3177257525083612,23.411371237458194,0.38461538461538464,0.033444816053511704,0.0,0.0004470009223319376
res85_anch_n0.5_std,1,centralized,exact,3,300,none,0,0,0,0,0,299,0.9130434782608695,-0.004347826086956522,0.9966555183946488,0.06688963210702341,1.120401337792642,0.0,0.0,0.0,0.0006255504999648633
res85_anch_n0.5_std,1,never,exact,3,300,none,0,0,0,0,0,299,0.33043478260869585,0.5869565217391312,0.5484949832775919,0.5150501672240803,0.0,0.0,0.0,0.0,0.00023642449310097094
res85_anch_n0.5_std,1,always,exact,3,300,none,0,0,0,0,0,299,0.9130434782608695,-0.017391304347826087,1.0,0.06688963210702341,1.1304347826086956,1.0,0.13043478260869565,0.0,0.0006237382741699198
res85_anch_n0.5_std,1,event,exact,3,300,none,0,0,0,0,0,299,0.33043478260869585,0.5869565217391312,0.5484949832775919,0.5150501672240803,0.0,0.0,0.0,0.0,0.00023642449310097094
res85_anch_n0.5_std,1,random,exact,3,300,none,0,0,0,0,0,299,0.8260869565217394,0.08695652173913046,0.9297658862876255,0.13377926421404682,0.8394648829431438,0.7625418060200669,0.07692307692307693,0.0,0.0004469842910592251
res85_anch_n0.5_std,1,voa,exact,3,300,none,0,0,0,0,0,299,0.9130434782608695,-0.013043478260869566,0.9966555183946488,0.06688963210702341,0.391304347826087,0.34448160535117056,0.046822742474916385,0.0,0.0006242410336584397
res85_anch_n0.5_std,1,oracle,exact,3,300,none,0,0,0,0,0,299,0.8956521739130435,0.0,0.9866220735785953,0.0802675585284281,0.36454849498327757,0.32441471571906355,0.04013377926421405,0.0,0.0005243310743920074
res85_anch_n0.5_std,1,always,can,3,300,none,0,0,0,0,0,299,0.5739130434782608,0.34347826086956473,0.7357859531772575,0.3277591973244147,80.18729096989966,1.0,0.3779264214046823,0.0,0.0004366816466963523
res85_anch_n0.5_std,1,event,can,3,300,none,0,0,0,0,0,299,0.33043478260869585,0.5869565217391312,0.5484949832775919,0.5150501672240803,0.0,0.0,0.0,0.0,0.00023642449310097094
res85_anch_n0.5_std,1,random,can,3,300,none,0,0,0,0,0,299,0.5521739130434782,0.3652173913043473,0.7190635451505016,0.34448160535117056,51.130434782608695,0.7725752508361204,0.14046822742474915,0.0,0.0004174108898753281
res85_anch_n0.5_std,1,voa,can,3,300,none,0,0,0,0,0,299,0.5565217391304346,0.3608695652173908,0.7224080267558528,0.3411371237458194,7.304347826086956,0.10033444816053512,0.030100334448160536,0.0,0.00043119668393762746
res85_anch_n0.5_std,1,oracle,can,3,300,none,0,0,0,0,0,299,0.5608695652173911,0.3565217391304343,0.725752508361204,0.3377926421404682,24.909698996655518,0.40468227424749165,0.04013377926421405,0.0,0.0004324200825633314
res85_anch_n0.5_std,2,centralized,exact,3,300,none,0,0,0,0,0,299,0.908695652173913,-0.008695652173913044,0.9966555183946488,0.07023411371237458,1.1237458193979932,0.0,0.0,0.0,0.0006231375935666745
res85_anch_n0.5_std,2,never,exact,3,300,none,0,0,0,0,0,299,0.32173913043478286,0.5913043478260878,0.5451505016722408,0.5217391304347826,0.0,0.0,0.0,0.0,0.00023279980209947956
res85_anch_n0.5_std,2,always,exact,3,300,none,0,0,0,0,0,299,0.908695652173913,-0.017391304347826087,1.0,0.07023411371237458,1.1304347826086956,1.0,0.13043478260869565,0.0,0.0006218281075986722
res85_anch_n0.5_std,2,event,exact,3,300,none,0,0,0,0,0,299,0.32173913043478286,0.5913043478260878,0.5451505016722408,0.5217391304347826,0.0,0.0,0.0,0.0,0.00023279980209947956
res85_anch_n0.5_std,2,random,exact,3,300,none,0,0,0,0,0,299,0.7695652173913046,0.14347826086956517,0.8896321070234113,0.17725752508361203,0.8662207357859532,0.7424749163879598,0.12374581939799331,0.0,0.00038956153885350453
res85_anch_n0.5_std,2,voa,exact,3,300,none,0,0,0,0,0,299,0.908695652173913,-0.017391304347826087,1.0,0.07023411371237458,0.4013377926421405,0.3511705685618729,0.05016722408026756,0.0,0.0006218281075986722
res85_anch_n0.5_std,2,oracle,exact,3,300,none,0,0,0,0,0,299,0.8913043478260869,0.0,0.9866220735785953,0.08361204013377926,0.36789297658862874,0.32441471571906355,0.043478260869565216,0.0,0.0005218210807908216
res85_anch_n0.5_std,2,always,can,3,300,none,0,0,0,0,0,299,0.5739130434782608,0.33913043478260824,0.7391304347826086,0.3277591973244147,79.54515050167224,1.0,0.36789297658862874,0.0,0.0004366644961464711
res85_anch_n0.5_std,2,event,can,3,300,none,0,0,0,0,0,299,0.32173913043478286,0.5913043478260878,0.5451505016722408,0.5217391304347826,0.0,0.0,0.0,0.0,0.00023279980209947956
res85_anch_n0.5_std,2,random,can,3,300,none,0,0,0,0,0,299,0.5217391304347824,0.39130434782608636,0.6989966555183946,0.36789297658862874,49.25752508361204,0.7290969899665551,0.1505016722408027,0.0,0.0003579542410710171
res85_anch_n0.5_std,2,voa,can,3,300,none,0,0,0,0,0,299,0.5565217391304346,0.3565217391304343,0.725752508361204,0.3411371237458194,7.491638795986622,0.10033444816053512,0.033444816053511704,0.0,0.0004311872413691489
res85_anch_n0.5_std,2,oracle,can,3,300,none,0,0,0,0,0,299,0.5608695652173911,0.3521739130434778,0.7290969899665551,0.3377926421404682,24.347826086956523,0.40468227424749165,0.030100334448160536,0.0,0.00043241063208688754
res85_anch_n0.5_stiff,0,centralized,exact,3,300,none,0,0,0,0,0,299,0.9130434782608695,-0.008695652173913044,0.9966555183946488,0.06688963210702341,1.120401337792642,0.0,0.0,0.0,0.000625569622421484
res85_anch_n0.5_stiff,0,never,exact,3,300,none,0,0,0,0,0,299,0.33478260869565246,0.5826086956521747,0.5518394648829431,0.5117056856187291,0.0,0.0,0.0,0.0,0.00023829012327832074
res85_anch_n0.5_stiff,0,always,exact,3,300,none,0,0,0,0,0,299,0.9130434782608695,-0.017391304347826087,1.0,0.06688963210702341,1.1270903010033444,1.0,0.12709030100334448,0.0,0.0006242601542346697
res85_anch_n0.5_stiff,0,event,exact,3,300,none,0,0,0,0,0,299,0.33478260869565246,0.5826086956521747,0.5518394648829431,0.5117056856187291,0.0,0.0,0.0,0.0,0.00023829012327832074
res85_anch_n0.5_stiff,0,random,exact,3,300,none,0,0,0,0,0,299,0.8304347826086957,0.08260869565217394,0.9331103678929766,0.13043478260869565,0.8361204013377926,0.7525083612040134,0.08361204013377926,0.0,0.00042596833251006265
res85_anch_n0.5_stiff,0,voa,exact,3,300,none,0,0,0,0,0,299,0.9130434782608695,-0.017391304347826087,1.0,0.06688963210702341,0.3979933110367893,0.3511705685618729,0.046822742474916385,0.0,0.0006242601542346697
res85_anch_n0.5_stiff,0,oracle,exact,3,300,none,0,0,0,0,0,299,0.8956521739130435,0.0,0.9866220735785953,0.0802675585284281,0.36454849498327757,0.3177257525083612,0.046822742474916385,0.0,0.000524755465538886
res85_anch_n0.5_stiff,0,always,can,3,300,none,0,0,0,0,0,299,0.5739130434782608,0.34347826086956473,0.7357859531772575,0.3277591973244147,79.75919732441471,1.0,0.3712374581939799,0.0,0.0004366868749514359
res85_anch_n0.5_stiff,0,event,can,3,300,none,0,0,0,0,0,299,0.33478260869565246,0.5826086956521747,0.5518394648829431,0.5117056856187291,0.0,0.0,0.0,0.0,0.00023829012327832074
res85_anch_n0.5_stiff,0,random,can,3,300,none,0,0,0,0,0,299,0.5173913043478259,0.3999999999999994,0.6923076923076923,0.3712374581939799,51.87959866220736,0.7625418060200669,0.16387959866220736,0.0,0.0003477369737422053
res85_anch_n0.5_stiff,0,voa,can,3,300,none,0,0,0,0,0,299,0.5826086956521738,0.33478260869565174,0.7424749163879598,0.3210702341137124,7.678929765886288,0.10367892976588629,0.033444816053511704,0.0,0.0004457775351897364
res85_anch_n0.5_stiff,0,oracle,can,3,300,none,0,0,0,0,0,299,0.5869565217391303,0.3304347826086952,0.745819397993311,0.3177257525083612,23.411371237458194,0.38461538461538464,0.033444816053511704,0.0,0.0004470009223319376
res85_anch_n0.5_stiff,1,centralized,exact,3,300,none,0,0,0,0,0,299,0.9130434782608695,-0.004347826086956522,0.9966555183946488,0.06688963210702341,1.120401337792642,0.0,0.0,0.0,0.0006255504999648633
res85_anch_n0.5_stiff,1,never,exact,3,300,none,0,0,0,0,0,299,0.33043478260869585,0.5869565217391312,0.5484949832775919,0.5150501672240803,0.0,0.0,0.0,0.0,0.00023642449310097094
res85_anch_n0.5_stiff,1,always,exact,3,300,none,0,0,0,0,0,299,0.9130434782608695,-0.017391304347826087,1.0,0.06688963210702341,1.1304347826086956,1.0,0.13043478260869565,0.0,0.0006237382741699198
res85_anch_n0.5_stiff,1,event,exact,3,300,none,0,0,0,0,0,299,0.33043478260869585,0.5869565217391312,0.5484949832775919,0.5150501672240803,0.0,0.0,0.0,0.0,0.00023642449310097094
res85_anch_n0.5_stiff,1,random,exact,3,300,none,0,0,0,0,0,299,0.8260869565217394,0.08695652173913046,0.9297658862876255,0.13377926421404682,0.8394648829431438,0.7625418060200669,0.07692307692307693,0.0,0.0004469842910592251
res85_anch_n0.5_stiff,1,voa,exact,3,300,none,0,0,0,0,0,299,0.9130434782608695,-0.013043478260869566,0.9966555183946488,0.06688963210702341,0.391304347826087,0.34448160535117056,0.046822742474916385,0.0,0.0006242410336584397
res85_anch_n0.5_stiff,1,oracle,exact,3,300,none,0,0,0,0,0,299,0.8956521739130435,0.0,0.9866220735785953,0.0802675585284281,0.36454849498327757,0.32441471571906355,0.04013377926421405,0.0,0.0005243310743920074
res85_anch_n0.5_stiff,1,always,can,3,300,none,0,0,0,0,0,299,0.5739130434782608,0.34347826086956473,0.7357859531772575,0.3277591973244147,80.18729096989966,1.0,0.3779264214046823,0.0,0.0004366816466963523
res85_anch_n0.5_stiff,1,event,can,3,300,none,0,0,0,0,0,299,0.33043478260869585,0.5869565217391312,0.5484949832775919,0.5150501672240803,0.0,0.0,0.0,0.0,0.00023642449310097094
res85_anch_n0.5_stiff,1,random,can,3,300,none,0,0,0,0,0,299,0.5521739130434782,0.3652173913043473,0.7190635451505016,0.34448160535117056,51.130434782608695,0.7725752508361204,0.14046822742474915,0.0,0.0004174108898753281
res85_anch_n0.5_stiff,1,voa,can,3,300,none,0,0,0,0,0,299,0.5565217391304346,0.3608695652173908,0.7224080267558528,0.3411371237458194,7.304347826086956,0.10033444816053512,0.030100334448160536,0.0,0.00043119668393762746
res85_anch_n0.5_stiff,1,oracle,can,3,300,none,0,0,0,0,0,299,0.5608695652173911,0.3565217391304343,0.725752508361204,0.3377926421404682,24.909698996655518,0.40468227424749165,0.04013377926421405,0.0,0.0004324200825633314
res85_anch_n0.5_stiff,2,centralized,exact,3,300,none,0,0,0,0,0,299,0.908695652173913,-0.008695652173913044,0.9966555183946488,0.07023411371237458,1.1237458193979932,0.0,0.0,0.0,0.0006231375935666745
res85_anch_n0.5_stiff,2,never,exact,3,300,none,0,0,0,0,0,299,0.32173913043478286,0.5913043478260878,0.5451505016722408,0.5217391304347826,0.0,0.0,0.0,0.0,0.00023279980209947956
res85_anch_n0.5_stiff,2,always,exact,3,300,none,0,0,0,0,0,299,0.908695652173913,-0.017391304347826087,1.0,0.07023411371237458,1.1304347826086956,1.0,0.13043478260869565,0.0,0.0006218281075986722
res85_anch_n0.5_stiff,2,event,exact,3,300,none,0,0,0,0,0,299,0.32173913043478286,0.5913043478260878,0.5451505016722408,0.5217391304347826,0.0,0.0,0.0,0.0,0.00023279980209947956
res85_anch_n0.5_stiff,2,random,exact,3,300,none,0,0,0,0,0,299,0.7695652173913046,0.14347826086956517,0.8896321070234113,0.17725752508361203,0.8662207357859532,0.7424749163879598,0.12374581939799331,0.0,0.00038956153885350453
res85_anch_n0.5_stiff,2,voa,exact,3,300,none,0,0,0,0,0,299,0.908695652173913,-0.017391304347826087,1.0,0.07023411371237458,0.4013377926421405,0.3511705685618729,0.05016722408026756,0.0,0.0006218281075986722
res85_anch_n0.5_stiff,2,oracle,exact,3,300,none,0,0,0,0,0,299,0.8913043478260869,0.0,0.9866220735785953,0.08361204013377926,0.36789297658862874,0.32441471571906355,0.043478260869565216,0.0,0.0005218210807908216
res85_anch_n0.5_stiff,2,always,can,3,300,none,0,0,0,0,0,299,0.5739130434782608,0.33913043478260824,0.7391304347826086,0.3277591973244147,79.54515050167224,1.0,0.36789297658862874,0.0,0.0004366644961464711
res85_anch_n0.5_stiff,2,event,can,3,300,none,0,0,0,0,0,299,0.32173913043478286,0.5913043478260878,0.5451505016722408,0.5217391304347826,0.0,0.0,0.0,0.0,0.00023279980209947956
res85_anch_n0.5_stiff,2,random,can,3,300,none,0,0,0,0,0,299,0.5217391304347824,0.39130434782608636,0.6989966555183946,0.36789297658862874,49.25752508361204,0.7290969899665551,0.1505016722408027,0.0,0.0003579542410710171
res85_anch_n0.5_stiff,2,voa,can,3,300,none,0,0,0,0,0,299,0.5565217391304346,0.3565217391304343,0.725752508361204,0.3411371237458194,7.491638795986622,0.10033444816053512,0.033444816053511704,0.0,0.0004311872413691489
res85_anch_n0.5_stiff,2,oracle,can,3,300,none,0,0,0,0,0,299,0.5608695652173911,0.3521739130434778,0.7290969899665551,0.3377926421404682,24.347826086956523,0.40468227424749165,0.030100334448160536,0.0,0.00043241063208688754
res85_anch_n4.0_std,0,centralized,exact,3,300,none,0,0,0,0,0,299,0.9130434782608695,-0.008695652173913044,0.9966555183946488,0.06688963210702341,1.117056856187291,0.0,0.0,0.0,0.000626376329935348
res85_anch_n4.0_std,0,never,exact,3,300,none,0,0,0,0,0,299,0.4086956521739128,0.5086956521739131,0.6086956521739131,0.45484949832775917,0.0,0.0,0.0,0.0,0.00025143237648152456
res85_anch_n4.0_std,0,always,exact,3,300,none,0,0,0,0,0,299,0.9130434782608695,-0.021739130434782608,1.0,0.06688963210702341,1.1304347826086956,1.0,0.13043478260869565,0.0,0.0006237573938857725
res85_anch_n4.0_std,0,event,exact,3,300,none,0,0,0,0,0,299,0.4260869565217389,0.4913043478260869,0.6220735785953178,0.4414715719063545,0.023411371237458192,0.023411371237458192,0.0,0.0,0.000251843523904868
res85_anch_n4.0_std,0,random,exact,3,300,none,0,0,0,0,0,299,0.8260869565217392,0.08695652173913046,0.9297658862876255,0.13377926421404682,0.8361204013377926,0.7525083612040134,0.08361204013377926,0.0,0.0004224123115038715
res85_anch_n4.0_std,0,voa,exact,3,300,none,0,0,0,0,0,299,0.9043478260869564,-0.0043478260869565235,0.9899665551839465,0.07357859531772576,0.3779264214046823,0.33444816053511706,0.043478260869565216,0.0,0.0006207105215149816
res85_anch_n4.0_std,0,oracle,exact,3,300,none,0,0,0,0,0,299,0.8956521739130435,0.0,0.9866220735785953,0.0802675585284281,0.33444816053511706,0.2909698996655518,0.043478260869565216,0.0,0.0005330753618694469
res85_anch_n4.0_std,0,always,can,3,300,none,0,0,0,0,0,299,0.5913043478260868,0.3260869565217387,0.7491638795986622,0.31438127090301005,81.04347826086956,1.0,0.391304347826087,0.0,0.00041300829423043963
res85_anch_n4.0_std,0,event,can,3,300,none,0,0,0,0,0,299,0.4086956521739128,0.5086956521739131,0.6086956521739131,0.45484949832775917,1.3110367892976589,0.023411371237458192,0.0,0.0,0.00025143237648152456
res85_anch_n4.0_std,0,random,can,3,300,none,0,0,0,0,0,299,0.5521739130434782,0.3652173913043473,0.7190635451505016,0.34448160535117056,51.50501672240803,0.7658862876254181,0.15384615384615385,0.0,0.0003813218354006001
res85_anch_n4.0_std,0,voa,can,3,300,none,0,0,0,0,0,299,0.5826086956521738,0.33478260869565174,0.7424749163879598,0.3210702341137124,11.424749163879598,0.1505016722408027,0.05351170568561873,0.0,0.0004070355618593417
res85_anch_n4.0_std,0,oracle,can,3,300,none,0,0,0,0,0,299,0.5869565217391303,0.3304347826086952,0.745819397993311,0.3177257525083612,26.40802675585284,0.4280936454849498,0.043478260869565216,0.0,0.0004092433866189441
res85_anch_n4.0_std,1,centralized,exact,3,300,none,0,0,0,0,0,299,0.9130434782608695,0.0,0.9966555183946488,0.06688963210702341,1.120401337792642,0.0,0.0,0.0,0.0006255504999648633
res85_anch_n4.0_std,1,never,exact,3,300,none,0,0,0,0,0,299,0.382608695652174,0.5347826086956525,0.5886287625418061,0.47491638795986624,0.0,0.0,0.0,0.0,0.0002405956372960782
res85_anch_n4.0_std,1,always,exact,3,300,none,0,0,0,0,0,299,0.9130434782608695,-0.013043478260869566,1.0,0.06688963210702341,1.1304347826086956,1.0,0.13043478260869565,0.0,0.0006237382741699198
res85_anch_n4.0_std,1,event,exact,3,300,none,0,0,0,0,0,299,0.4043478260869563,0.5130434782608697,0.6053511705685619,0.45819397993311034,0.026755852842809364,0.026755852842809364,0.0,0.0,0.00024110246507842172
res85_anch_n4.0_std,1,random,exact,3,300,none,0,0,0,0,0,299,0.8260869565217394,0.08695652173913046,0.9297658862876255,0.13377926421404682,0.8394648829431438,0.7658862876254181,0.07357859531772576,0.0,0.000441000419354885
res85_anch_n4.0_std,1,voa,exact,3,300,none,0,0,0,0,0,299,0.9130434782608695,-0.008695652173913044,0.9966555183946488,0.06688963210702341,0.391304347826087,0.34448160535117056,0.046822742474916385,0.0,0.0006242410336584397
res85_anch_n4.0_std,1,oracle,exact,3,300,none,0,0,0,0,0,299,0.8913043478260869,0.0,0.9832775919732442,0.08361204013377926,0.4180602006688963,0.36454849498327757,0.05351170568561873,0.0,0.0004976495975924609
res85_anch_n4.0_std,1,always,can,3,300,none,0,0,0,0,0,299,0.5652173913043477,0.3521739130434778,0.7290969899665551,0.33444816053511706,81.47157190635451,1.0,0.3979933110367893,0.0,0.0004112263701781308
res85_anch_n4.0_std,1,event,can,3,300,none,0,0,0,0,0,299,0.382608695652174,0.5347826086956525,0.5886287625418061,0.47491638795986624,1.4983277591973243,0.026755852842809364,0.0,0.0,0.0002405956372960782
res85_anch_n4.0_std,1,random,can,3,300,none,0,0,0,0,0,299,0.5217391304347824,0.3956521739130429,0.6956521739130435,0.36789297658862874,52.62876254180602,0.7692307692307693,0.1705685618729097,0.0,0.00035441813214349174
res85_anch_n4.0_std,1,voa,can,3,300,none,0,0,0,0,0,299,0.5695652173913042,0.3478260869565213,0.7324414715719063,0.3311036789297659,10.488294314381271,0.13712374581939799,0.05016722408026756,0.0,0.0004113396905720907
res85_anch_n4.0_std,1,oracle,can,3,300,none,0,0,0,0,0,299,0.5695652173913042,0.3478260869565213,0.7324414715719063,0.3311036789297659,26.03344481605351,0.431438127090301,0.033444816053511704,0.0,0.0004113396905720907
res85_anch_n4.0_std,2,centralized,exact,3,300,none,0,0,0,0,0,299,0.908695652173913,0.0,0.9966555183946488,0.07023411371237458,1.117056856187291,0.0,0.0,0.0,0.0006248523421906264
res85_anch_n4.0_std,2,never,exact,3,300,none,0,0,0,0,0,299,0.38260869565217387,0.5304347826086959,0.5919732441471572,0.47491638795986624,0.0,0.0,0.0,0.0,0.00023496169668308376
res85_anch_n4.0_std,2,always,exact,3,300,none,0,0,0,0,0,299,0.908695652173913,-0.021739130434782608,1.0,0.07023411371237458,1.1337792642140467,1.0,0.13377926421404682,0.0,0.0006213253380262734
res85_anch_n4.0_std,2,event,exact,3,300,none,0,0,0,0,0,299,0.4086956521739128,0.5043478260869566,0.6120401337792643,0.45484949832775917,0.046822742474916385,0.046822742474916385,0.0,0.0,0.0002364332748242562
res85_anch_n4.0_std,2,random,exact,3,300,none,0,0,0,0,0,299,0.7782608695652176,0.13478260869565215,0.8963210702341137,0.1705685618729097,0.8662207357859532,0.7424749163879598,0.12374581939799331,0.0,0.00039758751568182745
res85_anch_n4.0_std,2,voa,exact,3,300,none,0,0,0,0,0,299,0.9,0.0,0.9899665551839465,0.07692307692307693,0.36789297658862874,0.3277591973244147,0.04013377926421405,0.0,0.0006182799055023506
res85_anch_n4.0_std,2,oracle,exact,3,300,none,0,0,0,0,0,299,0.8913043478260869,0.0,0.9866220735785953,0.08361204013377926,0.3745819397993311,0.3210702341137124,0.05351170568561873,0.0,0.0005196969672614242
res85_anch_n4.0_std,2,always,can,3,300,none,0,0,0,0,0,299,0.5913043478260868,0.3217391304347822,0.7525083612040134,0.31438127090301005,79.97324414715719,1.0,0.3745819397993311,0.0,0.00041915567560792165
res85_anch_n4.0_std,2,event,can,3,300,none,0,0,0,0,0,299,0.3782608695652174,0.5347826086956525,0.5886287625418061,0.4782608695652174,2.6220735785953178,0.046822742474916385,0.0,0.0,0.0002356326291688781
res85_anch_n4.0_std,2,random,can,3,300,none,0,0,0,0,0,299,0.5173913043478259,0.3956521739130429,0.6956521739130435,0.3712374581939799,48.508361204013376,0.7424749163879598,0.12374581939799331,0.0,0.0003637292109732166
res85_anch_n4.0_std,2,voa,can,3,300,none,0,0,0,0,0,299,0.5782608695652173,0.33478260869565174,0.7424749163879598,0.32441471571906355,10.301003344481606,0.14046822742474915,0.043478260869565216,0.0,0.00041162808849945953
res85_anch_n4.0_std,2,oracle,can,3,300,none,0,0,0,0,0,299,0.5782608695652173,0.33478260869565174,0.7424749163879598,0.32441471571906355,24.909698996655518,0.4214046822742475,0.023411371237458192,0.0,0.00041162808849945953
res85_anch_n4.0_stiff,0,centralized,exact,3,300,none,0,0,0,0,0,299,0.9130434782608695,-0.008695652173913044,0.9966555183946488,0.06688963210702341,1.117056856187291,0.0,0.0,0.0,0.000626376329935348
res85_anch_n4.0_stiff,0,never,exact,3,300,none,0,0,0,0,0,299,0.4086956521739128,0.5086956521739131,0.6086956521739131,0.45484949832775917,0.0,0.0,0.0,0.0,0.00025143237648152456
res85_anch_n4.0_stiff,0,always,exact,3,300,none,0,0,0,0,0,299,0.9130434782608695,-0.021739130434782608,1.0,0.06688963210702341,1.1304347826086956,1.0,0.13043478260869565,0.0,0.0006237573938857725
res85_anch_n4.0_stiff,0,event,exact,3,300,none,0,0,0,0,0,299,0.4260869565217389,0.4913043478260869,0.6220735785953178,0.4414715719063545,0.023411371237458192,0.023411371237458192,0.0,0.0,0.000251843523904868
res85_anch_n4.0_stiff,0,random,exact,3,300,none,0,0,0,0,0,299,0.8260869565217392,0.08695652173913046,0.9297658862876255,0.13377926421404682,0.8361204013377926,0.7525083612040134,0.08361204013377926,0.0,0.0004224123115038715
res85_anch_n4.0_stiff,0,voa,exact,3,300,none,0,0,0,0,0,299,0.9043478260869564,-0.0043478260869565235,0.9899665551839465,0.07357859531772576,0.3779264214046823,0.33444816053511706,0.043478260869565216,0.0,0.0006207105215149816
res85_anch_n4.0_stiff,0,oracle,exact,3,300,none,0,0,0,0,0,299,0.8956521739130435,0.0,0.9866220735785953,0.0802675585284281,0.33444816053511706,0.2909698996655518,0.043478260869565216,0.0,0.0005330753618694469
res85_anch_n4.0_stiff,0,always,can,3,300,none,0,0,0,0,0,299,0.5913043478260868,0.3260869565217387,0.7491638795986622,0.31438127090301005,81.04347826086956,1.0,0.391304347826087,0.0,0.00041300829423043963
res85_anch_n4.0_stiff,0,event,can,3,300,none,0,0,0,0,0,299,0.4086956521739128,0.5086956521739131,0.6086956521739131,0.45484949832775917,1.3110367892976589,0.023411371237458192,0.0,0.0,0.00025143237648152456
res85_anch_n4.0_stiff,0,random,can,3,300,none,0,0,0,0,0,299,0.5521739130434782,0.3652173913043473,0.7190635451505016,0.34448160535117056,51.50501672240803,0.7658862876254181,0.15384615384615385,0.0,0.0003813218354006001
res85_anch_n4.0_stiff,0,voa,can,3,300,none,0,0,0,0,0,299,0.5826086956521738,0.33478260869565174,0.7424749163879598,0.3210702341137124,11.424749163879598,0.1505016722408027,0.05351170568561873,0.0,0.0004070355618593417
res85_anch_n4.0_stiff,0,oracle,can,3,300,none,0,0,0,0,0,299,0.5869565217391303,0.3304347826086952,0.745819397993311,0.3177257525083612,26.40802675585284,0.4280936454849498,0.043478260869565216,0.0,0.0004092433866189441
res85_anch_n4.0_stiff,1,centralized,exact,3,300,none,0,0,0,0,0,299,0.9130434782608695,0.0,0.9966555183946488,0.06688963210702341,1.120401337792642,0.0,0.0,0.0,0.0006255504999648633
res85_anch_n4.0_stiff,1,never,exact,3,300,none,0,0,0,0,0,299,0.382608695652174,0.5347826086956525,0.5886287625418061,0.47491638795986624,0.0,0.0,0.0,0.0,0.0002405956372960782
res85_anch_n4.0_stiff,1,always,exact,3,300,none,0,0,0,0,0,299,0.9130434782608695,-0.013043478260869566,1.0,0.06688963210702341,1.1304347826086956,1.0,0.13043478260869565,0.0,0.0006237382741699198
res85_anch_n4.0_stiff,1,event,exact,3,300,none,0,0,0,0,0,299,0.4043478260869563,0.5130434782608697,0.6053511705685619,0.45819397993311034,0.026755852842809364,0.026755852842809364,0.0,0.0,0.00024110246507842172
res85_anch_n4.0_stiff,1,random,exact,3,300,none,0,0,0,0,0,299,0.8260869565217394,0.08695652173913046,0.9297658862876255,0.13377926421404682,0.8394648829431438,0.7658862876254181,0.07357859531772576,0.0,0.000441000419354885
res85_anch_n4.0_stiff,1,voa,exact,3,300,none,0,0,0,0,0,299,0.9130434782608695,-0.008695652173913044,0.9966555183946488,0.06688963210702341,0.391304347826087,0.34448160535117056,0.046822742474916385,0.0,0.0006242410336584397
res85_anch_n4.0_stiff,1,oracle,exact,3,300,none,0,0,0,0,0,299,0.8913043478260869,0.0,0.9832775919732442,0.08361204013377926,0.4180602006688963,0.36454849498327757,0.05351170568561873,0.0,0.0004976495975924609
res85_anch_n4.0_stiff,1,always,can,3,300,none,0,0,0,0,0,299,0.5652173913043477,0.3521739130434778,0.7290969899665551,0.33444816053511706,81.47157190635451,1.0,0.3979933110367893,0.0,0.0004112263701781308
res85_anch_n4.0_stiff,1,event,can,3,300,none,0,0,0,0,0,299,0.382608695652174,0.5347826086956525,0.5886287625418061,0.47491638795986624,1.4983277591973243,0.026755852842809364,0.0,0.0,0.0002405956372960782
res85_anch_n4.0_stiff,1,random,can,3,300,none,0,0,0,0,0,299,0.5217391304347824,0.3956521739130429,0.6956521739130435,0.36789297658862874,52.62876254180602,0.7692307692307693,0.1705685618729097,0.0,0.00035441813214349174
res85_anch_n4.0_stiff,1,voa,can,3,300,none,0,0,0,0,0,299,0.5695652173913042,0.3478260869565213,0.7324414715719063,0.3311036789297659,10.488294314381271,0.13712374581939799,0.05016722408026756,0.0,0.0004113396905720907
res85_anch_n4.0_stiff,1,oracle,can,3,300,none,0,0,0,0,0,299,0.5695652173913042,0.3478260869565213,0.7324414715719063,0.3311036789297659,26.03344481605351,0.431438127090301,0.033444816053511704,0.0,0.0004113396905720907
res85_anch_n4.0_stiff,2,centralized,exact,3,300,none,0,0,0,0,0,299,0.908695652173913,0.0,0.9966555183946488,0.07023411371237458,1.117056856187291,0.0,0.0,0.0,0.0006248523421906264
res85_anch_n4.0_stiff,2,never,exact,3,300,none,0,0,0,0,0,299,0.38260869565217387,0.5304347826086959,0.5919732441471572,0.47491638795986624,0.0,0.0,0.0,0.0,0.00023496169668308376
res85_anch_n4.0_stiff,2,always,exact,3,300,none,0,0,0,0,0,299,0.908695652173913,-0.021739130434782608,1.0,0.07023411371237458,1.1337792642140467,1.0,0.13377926421404682,0.0,0.0006213253380262734
res85_anch_n4.0_stiff,2,event,exact,3,300,none,0,0,0,0,0,299,0.4086956521739128,0.5043478260869566,0.6120401337792643,0.45484949832775917,0.046822742474916385,0.046822742474916385,0.0,0.0,0.0002364332748242562
res85_anch_n4.0_stiff,2,random,exact,3,300,none,0,0,0,0,0,299,0.7782608695652176,0.13478260869565215,0.8963210702341137,0.1705685618729097,0.8662207357859532,0.7424749163879598,0.12374581939799331,0.0,0.00039758751568182745
res85_anch_n4.0_stiff,2,voa,exact,3,300,none,0,0,0,0,0,299,0.9,0.0,0.9899665551839465,0.07692307692307693,0.36789297658862874,0.3277591973244147,0.04013377926421405,0.0,0.0006182799055023506
res85_anch_n4.0_stiff,2,oracle,exact,3,300,none,0,0,0,0,0,299,0.8913043478260869,0.0,0.9866220735785953,0.08361204013377926,0.3745819397993311,0.3210702341137124,0.05351170568561873,0.0,0.0005196969672614242
res85_anch_n4.0_stiff,2,always,can,3,300,none,0,0,0,0,0,299,0.5913043478260868,0.3217391304347822,0.7525083612040134,0.31438127090301005,79.97324414715719,1.0,0.3745819397993311,0.0,0.00041915567560792165
res85_anch_n4.0_stiff,2,event,can,3,300,none,0,0,0,0,0,299,0.3782608695652174,0.5347826086956525,0.5886287625418061,0.4782608695652174,2.6220735785953178,0.046822742474916385,0.0,0.0,0.0002356326291688781
res85_anch_n4.0_stiff,2,random,can,3,300,none,0,0,0,0,0,299,0.5173913043478259,0.3956521739130429,0.6956521739130435,0.3712374581939799,48.508361204013376,0.7424749163879598,0.12374581939799331,0.0,0.0003637292109732166
res85_anch_n4.0_stiff,2,voa,can,3,300,none,0,0,0,0,0,299,0.5782608695652173,0.33478260869565174,0.7424749163879598,0.32441471571906355,10.301003344481606,0.14046822742474915,0.043478260869565216,0.0,0.00041162808849945953
res85_anch_n4.0_stiff,2,oracle,can,3,300,none,0,0,0,0,0,299,0.5782608695652173,0.33478260869565174,0.7424749163879598,0.32441471571906355,24.909698996655518,0.4214046822742475,0.023411371237458192,0.0,0.00041162808849945953
res85_free_n0.5_std,0,centralized,exact,3,300,none,0,0,0,0,0,299,0.9638795986622073,-0.008695652173913044,0.9966555183946488,0.0033444816053511705,1.120401337792642,0.0,0.0,0.0,0.0006255696041656756
res85_free_n0.5_std,0,never,exact,3,300,none,0,0,0,0,0,299,0.3856187290969898,0.5826086956521747,0.5518394648829431,0.44816053511705684,0.0,0.0,0.0,0.0,0.00023829012328366032
res85_free_n0.5_std,0,always,exact,3,300,none,0,0,0,0,0,299,0.9638795986622073,-0.017391304347826087,1.0,0.0033444816053511705,1.1270903010033444,1.0,0.12709030100334448,0.0,0.0006242601321502361
res85_free_n0.5_std,0,event,exact,3,300,none,0,0,0,0,0,299,0.3856187290969898,0.5826086956521747,0.5518394648829431,0.44816053511705684,0.0,0.0,0.0,0.0,0.00023829012328366032
res85_free_n0.5_std,0,random,exact,3,300,none,0,0,0,0,0,299,0.8812709030100336,0.08260869565217394,0.9331103678929766,0.06688963210702341,0.8361204013377926,0.7525083612040134,0.08361204013377926,0.0,0.0004259483100510897
res85_free_n0.5_std,0,voa,exact,3,300,none,0,0,0,0,0,299,0.9638795986622073,-0.017391304347826087,1.0,0.0033444816053511705,0.3979933110367893,0.3511705685618729,0.046822742474916385,0.0,0.0006242601321502361
res85_free_n0.5_std,0,oracle,exact,3,300,none,0,0,0,0,0,299,0.9464882943143813,0.0,0.9866220735785953,0.016722408026755852,0.3010033444816054,0.25418060200668896,0.046822742474916385,0.0,0.0005247554599174327
res85_free_n0.5_std,0,always,can,3,300,none,0,0,0,0,0,299,0.6247491638795986,0.34347826086956473,0.7357859531772575,0.26421404682274247,79.75919732441471,1.0,0.3712374581939799,0.0,0.00043668687496227477
res85_free_n0.5_std,0,event,can,3,300,none,0,0,0,0,0,299,0.3856187290969898,0.5826086956521747,0.5518394648829431,0.44816053511705684,0.0,0.0,0.0,0.0,0.00023829012328366032
res85_free_n0.5_std,0,random,can,3,300,none,0,0,0,0,0,299,0.5682274247491638,0.3999999999999994,0.6923076923076923,0.3076923076923077,51.87959866220736,0.7625418060200669,0.16387959866220736,0.0,0.00034773697372241896
res85_free_n0.5_std,0,voa,can,3,300,none,0,0,0,0,0,299,0.6334448160535117,0.33478260869565174,0.7424749163879598,0.25752508361204013,7.678929765886288,0.10367892976588629,0.033444816053511704,0.0,0.0004457775352185663
res85_free_n0.5_std,0,oracle,can,3,300,none,0,0,0,0,0,299,0.6377926421404682,0.3304347826086952,0.745819397993311,0.25418060200668896,19.85284280936455,0.3210702341137124,0.033444816053511704,0.0,0.0004470009223911759
res85_free_n0.5_std,1,centralized,exact,3,300,none,0,0,0,0,0,299,0.9638795986622073,-0.004347826086956522,0.9966555183946488,0.0033444816053511705,1.120401337792642,0.0,0.0,0.0,0.0006255641372676801
res85_free_n0.5_std,1,never,exact,3,300,none,0,0,0,0,0,299,0.38127090301003325,0.5869565217391312,0.5484949832775919,0.451505016722408,0.0,0.0,0.0,0.0,0.00023642449307588627
res85_free_n0.5_std,1,always,exact,3,300,none,0,0,0,0,0,299,0.9638795986622073,-0.017391304347826087,1.0,0.0033444816053511705,1.1304347826086956,1.0,0.13043478260869565,0.0,0.00062375190741478
res85_free_n0.5_std,1,event,exact,3,300,none,0,0,0,0,0,299,0.38127090301003325,0.5869565217391312,0.5484949832775919,0.451505016722408,0.0,0.0,0.0,0.0,0.00023642449307588627
res85_free_n0.5_std,1,random,exact,3,300,none,0,0,0,0,0,299,0.876923076923077,0.08695652173913046,0.9297658862876255,0.07023411371237458,0.8394648829431438,0.7625418060200669,0.07692307692307693,0.0,0.0004470031640210093
res85_free_n0.5_std,1,voa,exact,3,300,none,0,0,0,0,0,299,0.9638795986622073,-0.013043478260869566,0.9966555183946488,0.0033444816053511705,0.391304347826087,0.34448160535117056,0.046822742474916385,0.0,0.0006242546681883793
res85_free_n0.5_std,1,oracle,exact,3,300,none,0,0,0,0,0,299,0.9464882943143813,0.0,0.9866220735785953,0.016722408026755852,0.3010033444816054,0.2608695652173913,0.04013377926421405,0.0,0.0005243447203527864
res85_free_n0.5_std,1,always,can,3,300,none,0,0,0,0,0,299,0.6247491638795986,0.34347826086956473,0.7357859531772575,0.26421404682274247,80.18729096989966,1.0,0.3779264214046823,0.0,0.0004366816467061004
res85_free_n0.5_std,1,event,can,3,300,none,0,0,0,0,0,299,0.38127090301003325,0.5869565217391312,0.5484949832775919,0.451505016722408,0.0,0.0,0.0,0.0,0.00023642449307588627
res85_free_n0.5_std,1,random,can,3,300,none,0,0,0,0,0,299,0.603010033444816,0.3652173913043473,0.7190635451505016,0.2809364548494983,51.130434782608695,0.7725752508361204,0.14046822742474915,0.0,0.00041741088983898874
res85_free_n0.5_std,1,voa,can,3,300,none,0,0,0,0,0,299,0.6073578595317726,0.3608695652173908,0.7224080267558528,0.27759197324414714,7.304347826086956,0.10033444816053512,0.030100334448160536,0.0,0.00043119668394858197
res85_free_n0.5_std,1,oracle,can,3,300,none,0,0,0,0,0,299,0.6117056856187291,0.3565217391304343,0.725752508361204,0.27424749163879597,21.351170568561873,0.3411371237458194,0.04013377926421405,0.0,0.00043242008251255374
res85_free_n0.5_std,2,centralized,exact,3,300,none,0,0,0,0,0,299,0.9622073578595317,-0.008695652173913044,0.9966555183946488,0.0033444816053511705,1.1237458193979932,0.0,0.0,0.0,0.0006231375781924312
res85_free_n0.5_std,2,never,exact,3,300,none,0,0,0,0,0,299,0.37525083612040117,0.5913043478260878,0.5451505016722408,0.45484949832775917,0.0,0.0,0.0,0.0,0.00023279980206605572
res85_free_n0.5_std,2,always,exact,3,300,none,0,0,0,0,0,299,0.9622073578595317,-0.017391304347826087,1.0,0.0033444816053511705,1.1304347826086956,1.0,0.13043478260869565,0.0,0.0006218280889791823
res85_free_n0.5_std,2,event,exact,3,300,none,0,0,0,0,0,299,0.37525083612040117,0.5913043478260878,0.5451505016722408,0.45484949832775917,0.0,0.0,0.0,0.0,0.00023279980206605572
res85_free_n0.5_std,2,random,exact,3,300,none,0,0,0,0,0,299,0.8230769230769234,0.14347826086956517,0.8896321070234113,0.11036789297658862,0.8662207357859532,0.7424749163879598,0.12374581939799331,0.0,0.00038948953771911725
res85_free_n0.5_std,2,voa,exact,3,300,none,0,0,0,0,0,299,0.9622073578595317,-0.017391304347826087,1.0,0.0033444816053511705,0.4013377926421405,0.3511705685618729,0.05016722408026756,0.0,0.0006218280889791823
res85_free_n0.5_std,2,oracle,exact,3,300,none,0,0,0,0,0,299,0.9448160535117057,0.0,0.9866220735785953,0.016722408026755852,0.3010033444816054,0.25752508361204013,0.043478260869565216,0.0,0.0005218210763247746
res85_free_n0.5_std,2,always,can,3,300,none,0,0,0,0,0,299,0.6274247491638796,0.33913043478260824,0.7391304347826086,0.2608695652173913,79.54515050167224,1.0,0.36789297658862874,0.0,0.0004366644961228598
res85_free_n0.5_std,2,event,can,3,300,none,0,0,0,0,0,299,0.37525083612040117,0.5913043478260878,0.5451505016722408,0.45484949832775917,0.0,0.0,0.0,0.0,0.00023279980206605572
res85_free_n0.5_std,2,random,can,3,300,none,0,0,0,0,0,299,0.5752508361204013,0.39130434782608636,0.6989966555183946,0.3010033444816054,49.25752508361204,0.7290969899665551,0.1505016722408027,0.0,0.0003579542410535124
res85_free_n0.5_std,2,voa,can,3,300,none,0,0,0,0,0,299,0.6100334448160535,0.3565217391304343,0.725752508361204,0.27424749163879597,7.491638795986622,0.10033444816053512,0.033444816053511704,0.0,0.00043118724137406204
res85_free_n0.5_std,2,oracle,can,3,300,none,0,0,0,0,0,299,0.61438127090301,0.3521739130434778,0.7290969899665551,0.2709030100334448,20.60200668896321,0.3377926421404682,0.030100334448160536,0.0,0.00043241063211875127
res85_free_n0.5_stiff,0,centralized,exact,3,300,none,0,0,0,0,0,299,0.9638795986622073,-0.008695652173913044,0.9966555183946488,0.0033444816053511705,1.120401337792642,0.0,0.0,0.0,0.0006255696041656756
res85_free_n0.5_stiff,0,never,exact,3,300,none,0,0,0,0,0,299,0.3856187290969898,0.5826086956521747,0.5518394648829431,0.44816053511705684,0.0,0.0,0.0,0.0,0.00023829012328366032
res85_free_n0.5_stiff,0,always,exact,3,300,none,0,0,0,0,0,299,0.9638795986622073,-0.017391304347826087,1.0,0.0033444816053511705,1.1270903010033444,1.0,0.12709030100334448,0.0,0.0006242601321502361
res85_free_n0.5_stiff,0,event,exact,3,300,none,0,0,0,0,0,299,0.3856187290969898,0.5826086956521747,0.5518394648829431,0.44816053511705684,0.0,0.0,0.0,0.0,0.00023829012328366032
res85_free_n0.5_stiff,0,random,exact,3,300,none,0,0,0,0,0,299,0.8812709030100336,0.08260869565217394,0.9331103678929766,0.06688963210702341,0.8361204013377926,0.7525083612040134,0.08361204013377926,0.0,0.0004259483100510897
res85_free_n0.5_stiff,0,voa,exact,3,300,none,0,0,0,0,0,299,0.9638795986622073,-0.017391304347826087,1.0,0.0033444816053511705,0.3979933110367893,0.3511705685618729,0.046822742474916385,0.0,0.0006242601321502361
res85_free_n0.5_stiff,0,oracle,exact,3,300,none,0,0,0,0,0,299,0.9464882943143813,0.0,0.9866220735785953,0.016722408026755852,0.3010033444816054,0.25418060200668896,0.046822742474916385,0.0,0.0005247554599174327
res85_free_n0.5_stiff,0,always,can,3,300,none,0,0,0,0,0,299,0.6247491638795986,0.34347826086956473,0.7357859531772575,0.26421404682274247,79.75919732441471,1.0,0.3712374581939799,0.0,0.00043668687496227477
res85_free_n0.5_stiff,0,event,can,3,300,none,0,0,0,0,0,299,0.3856187290969898,0.5826086956521747,0.5518394648829431,0.44816053511705684,0.0,0.0,0.0,0.0,0.00023829012328366032
res85_free_n0.5_stiff,0,random,can,3,300,none,0,0,0,0,0,299,0.5682274247491638,0.3999999999999994,0.6923076923076923,0.3076923076923077,51.87959866220736,0.7625418060200669,0.16387959866220736,0.0,0.00034773697372241896
res85_free_n0.5_stiff,0,voa,can,3,300,none,0,0,0,0,0,299,0.6334448160535117,0.33478260869565174,0.7424749163879598,0.25752508361204013,7.678929765886288,0.10367892976588629,0.033444816053511704,0.0,0.0004457775352185663
res85_free_n0.5_stiff,0,oracle,can,3,300,none,0,0,0,0,0,299,0.6377926421404682,0.3304347826086952,0.745819397993311,0.25418060200668896,19.85284280936455,0.3210702341137124,0.033444816053511704,0.0,0.0004470009223911759
res85_free_n0.5_stiff,1,centralized,exact,3,300,none,0,0,0,0,0,299,0.9638795986622073,-0.004347826086956522,0.9966555183946488,0.0033444816053511705,1.120401337792642,0.0,0.0,0.0,0.0006255641372676801
res85_free_n0.5_stiff,1,never,exact,3,300,none,0,0,0,0,0,299,0.38127090301003325,0.5869565217391312,0.5484949832775919,0.451505016722408,0.0,0.0,0.0,0.0,0.00023642449307588627
res85_free_n0.5_stiff,1,always,exact,3,300,none,0,0,0,0,0,299,0.9638795986622073,-0.017391304347826087,1.0,0.0033444816053511705,1.1304347826086956,1.0,0.13043478260869565,0.0,0.00062375190741478
res85_free_n0.5_stiff,1,event,exact,3,300,none,0,0,0,0,0,299,0.38127090301003325,0.5869565217391312,0.5484949832775919,0.451505016722408,0.0,0.0,0.0,0.0,0.00023642449307588627
res85_free_n0.5_stiff,1,random,exact,3,300,none,0,0,0,0,0,299,0.876923076923077,0.08695652173913046,0.9297658862876255,0.07023411371237458,0.8394648829431438,0.7625418060200669,0.07692307692307693,0.0,0.0004470031640210093
res85_free_n0.5_stiff,1,voa,exact,3,300,none,0,0,0,0,0,299,0.9638795986622073,-0.013043478260869566,0.9966555183946488,0.0033444816053511705,0.391304347826087,0.34448160535117056,0.046822742474916385,0.0,0.0006242546681883793
res85_free_n0.5_stiff,1,oracle,exact,3,300,none,0,0,0,0,0,299,0.9464882943143813,0.0,0.9866220735785953,0.016722408026755852,0.3010033444816054,0.2608695652173913,0.04013377926421405,0.0,0.0005243447203527864
res85_free_n0.5_stiff,1,always,can,3,300,none,0,0,0,0,0,299,0.6247491638795986,0.34347826086956473,0.7357859531772575,0.26421404682274247,80.18729096989966,1.0,0.3779264214046823,0.0,0.0004366816467061004
res85_free_n0.5_stiff,1,event,can,3,300,none,0,0,0,0,0,299,0.38127090301003325,0.5869565217391312,0.5484949832775919,0.451505016722408,0.0,0.0,0.0,0.0,0.00023642449307588627
res85_free_n0.5_stiff,1,random,can,3,300,none,0,0,0,0,0,299,0.603010033444816,0.3652173913043473,0.7190635451505016,0.2809364548494983,51.130434782608695,0.7725752508361204,0.14046822742474915,0.0,0.00041741088983898874
res85_free_n0.5_stiff,1,voa,can,3,300,none,0,0,0,0,0,299,0.6073578595317726,0.3608695652173908,0.7224080267558528,0.27759197324414714,7.304347826086956,0.10033444816053512,0.030100334448160536,0.0,0.00043119668394858197
res85_free_n0.5_stiff,1,oracle,can,3,300,none,0,0,0,0,0,299,0.6117056856187291,0.3565217391304343,0.725752508361204,0.27424749163879597,21.351170568561873,0.3411371237458194,0.04013377926421405,0.0,0.00043242008251255374
res85_free_n0.5_stiff,2,centralized,exact,3,300,none,0,0,0,0,0,299,0.9622073578595317,-0.008695652173913044,0.9966555183946488,0.0033444816053511705,1.1237458193979932,0.0,0.0,0.0,0.0006231375781924312
res85_free_n0.5_stiff,2,never,exact,3,300,none,0,0,0,0,0,299,0.37525083612040117,0.5913043478260878,0.5451505016722408,0.45484949832775917,0.0,0.0,0.0,0.0,0.00023279980206605572
res85_free_n0.5_stiff,2,always,exact,3,300,none,0,0,0,0,0,299,0.9622073578595317,-0.017391304347826087,1.0,0.0033444816053511705,1.1304347826086956,1.0,0.13043478260869565,0.0,0.0006218280889791823
res85_free_n0.5_stiff,2,event,exact,3,300,none,0,0,0,0,0,299,0.37525083612040117,0.5913043478260878,0.5451505016722408,0.45484949832775917,0.0,0.0,0.0,0.0,0.00023279980206605572
res85_free_n0.5_stiff,2,random,exact,3,300,none,0,0,0,0,0,299,0.8230769230769234,0.14347826086956517,0.8896321070234113,0.11036789297658862,0.8662207357859532,0.7424749163879598,0.12374581939799331,0.0,0.00038948953771911725
res85_free_n0.5_stiff,2,voa,exact,3,300,none,0,0,0,0,0,299,0.9622073578595317,-0.017391304347826087,1.0,0.0033444816053511705,0.4013377926421405,0.3511705685618729,0.05016722408026756,0.0,0.0006218280889791823
res85_free_n0.5_stiff,2,oracle,exact,3,300,none,0,0,0,0,0,299,0.9448160535117057,0.0,0.9866220735785953,0.016722408026755852,0.3010033444816054,0.25752508361204013,0.043478260869565216,0.0,0.0005218210763247746
res85_free_n0.5_stiff,2,always,can,3,300,none,0,0,0,0,0,299,0.6274247491638796,0.33913043478260824,0.7391304347826086,0.2608695652173913,79.54515050167224,1.0,0.36789297658862874,0.0,0.0004366644961228598
res85_free_n0.5_stiff,2,event,can,3,300,none,0,0,0,0,0,299,0.37525083612040117,0.5913043478260878,0.5451505016722408,0.45484949832775917,0.0,0.0,0.0,0.0,0.00023279980206605572
res85_free_n0.5_stiff,2,random,can,3,300,none,0,0,0,0,0,299,0.5752508361204013,0.39130434782608636,0.6989966555183946,0.3010033444816054,49.25752508361204,0.7290969899665551,0.1505016722408027,0.0,0.0003579542410535124
res85_free_n0.5_stiff,2,voa,can,3,300,none,0,0,0,0,0,299,0.6100334448160535,0.3565217391304343,0.725752508361204,0.27424749163879597,7.491638795986622,0.10033444816053512,0.033444816053511704,0.0,0.00043118724137406204
res85_free_n0.5_stiff,2,oracle,can,3,300,none,0,0,0,0,0,299,0.61438127090301,0.3521739130434778,0.7290969899665551,0.2709030100334448,20.60200668896321,0.3377926421404682,0.030100334448160536,0.0,0.00043241063211875127
res85_free_n4.0_std,0,centralized,exact,3,300,none,0,0,0,0,0,299,0.9638795986622073,-0.008695652173913044,0.9966555183946488,0.0033444816053511705,1.117056856187291,0.0,0.0,0.0,0.0006263763135479169
res85_free_n4.0_std,0,never,exact,3,300,none,0,0,0,0,0,299,0.45953177257525074,0.5086956521739131,0.6086956521739131,0.391304347826087,0.0,0.0,0.0,0.0,0.0002514323764895535
res85_free_n4.0_std,0,always,exact,3,300,none,0,0,0,0,0,299,0.9638795986622073,-0.021739130434782608,1.0,0.0033444816053511705,1.1304347826086956,1.0,0.13043478260869565,0.0,0.0006237573697990565
res85_free_n4.0_std,0,event,exact,3,300,none,0,0,0,0,0,299,0.4769230769230768,0.4913043478260869,0.6220735785953178,0.3779264214046823,0.023411371237458192,0.023411371237458192,0.0,0.0,0.0002518435239192172
res85_free_n4.0_std,0,random,exact,3,300,none,0,0,0,0,0,299,0.876923076923077,0.08695652173913046,0.9297658862876255,0.07023411371237458,0.8361204013377926,0.7525083612040134,0.08361204013377926,0.0,0.0004223922890887502
res85_free_n4.0_std,0,voa,exact,3,300,none,0,0,0,0,0,299,0.9551839464882944,-0.0043478260869565235,0.9899665551839465,0.010033444816053512,0.3779264214046823,0.33444816053511706,0.043478260869565216,0.0,0.0006207108074044739
res85_free_n4.0_std,0,oracle,exact,3,300,none,0,0,0,0,0,299,0.9464882943143813,0.0,0.9866220735785953,0.016722408026755852,0.2709030100334448,0.22742474916387959,0.043478260869565216,0.0,0.0005330754617310956
res85_free_n4.0_std,0,always,can,3,300,none,0,0,0,0,0,299,0.6421404682274248,0.3260869565217387,0.7491638795986622,0.2508361204013378,81.04347826086956,1.0,0.391304347826087,0.0,0.000413008294258157
res85_free_n4.0_std,0,event,can,3,300,none,0,0,0,0,0,299,0.45953177257525074,0.5086956521739131,0.6086956521739131,0.391304347826087,1.3110367892976589,0.023411371237458192,0.0,0.0,0.0002514323764895535
res85_free_n4.0_std,0,random,can,3,300,none,0,0,0,0,0,299,0.6030100334448161,0.3652173913043473,0.7190635451505016,0.2809364548494983,51.50501672240803,0.7658862876254181,0.15384615384615385,0.0,0.00038132183537644955
res85_free_n4.0_std,0,voa,can,3,300,none,0,0,0,0,0,299,0.6334448160535118,0.33478260869565174,0.7424749163879598,0.25752508361204013,11.424749163879598,0.1505016722408027,0.05351170568561873,0.0,0.0004070355618158253
res85_free_n4.0_std,0,oracle,can,3,300,none,0,0,0,0,0,299,0.6377926421404682,0.3304347826086952,0.745819397993311,0.25418060200668896,22.849498327759196,0.36454849498327757,0.043478260869565216,0.0,0.00040924338664664206
res85_free_n4.0_std,1,centralized,exact,3,300,none,0,0,0,0,0,299,0.9638795986622073,0.0,0.9966555183946488,0.0033444816053511705,1.120401337792642,0.0,0.0,0.0,0.0006255641372676801
res85_free_n4.0_std,1,never,exact,3,300,none,0,0,0,0,0,299,0.4334448160535116,0.5347826086956525,0.5886287625418061,0.411371237458194,0.0,0.0,0.0,0.0,0.00024059563729304765
res85_free_n4.0_std,1,always,exact,3,300,none,0,0,0,0,0,299,0.9638795986622073,-0.013043478260869566,1.0,0.0033444816053511705,1.1304347826086956,1.0,0.13043478260869565,0.0,0.00062375190741478
res85_free_n4.0_std,1,event,exact,3,300,none,0,0,0,0,0,299,0.4551839464882942,0.5130434782608697,0.6053511705685619,0.39464882943143814,0.026755852842809364,0.026755852842809364,0.0,0.0,0.00024110246500490205
res85_free_n4.0_std,1,random,exact,3,300,none,0,0,0,0,0,299,0.876923076923077,0.08695652173913046,0.9297658862876255,0.07023411371237458,0.8394648829431438,0.7658862876254181,0.07357859531772576,0.0,0.0004410192922845262
res85_free_n4.0_std,1,voa,exact,3,300,none,0,0,0,0,0,299,0.9638795986622073,-0.008695652173913044,0.9966555183946488,0.0033444816053511705,0.391304347826087,0.34448160535117056,0.046822742474916385,0.0,0.0006242546681883793
res85_free_n4.0_std,1,oracle,exact,3,300,none,0,0,0,0,0,299,0.9421404682274249,0.0,0.9832775919732442,0.020066889632107024,0.35451505016722407,0.3010033444816054,0.05351170568561873,0.0,0.0004976632436071348
res85_free_n4.0_std,1,always,can,3,300,none,0,0,0,0,0,299,0.6160535117056856,0.3521739130434778,0.7290969899665551,0.2709030100334448,81.47157190635451,1.0,0.3979933110367893,0.0,0.00041122637013483006
res85_free_n4.0_std,1,event,can,3,300,none,0,0,0,0,0,299,0.4334448160535116,0.5347826086956525,0.5886287625418061,0.411371237458194,1.4983277591973243,0.026755852842809364,0.0,0.0,0.00024059563729304765
res85_free_n4.0_std,1,random,can,3,300,none,0,0,0,0,0,299,0.5725752508361204,0.3956521739130429,0.6956521739130435,0.30434782608695654,52.62876254180602,0.7692307692307693,0.1705685618729097,0.0,0.0003544181321738528
res85_free_n4.0_std,1,voa,can,3,300,none,0,0,0,0,0,299,0.6204013377926422,0.3478260869565213,0.7324414715719063,0.26755852842809363,10.488294314381271,0.13712374581939799,0.05016722408026756,0.0,0.00041133969055138386
res85_free_n4.0_std,1,oracle,can,3,300,none,0,0,0,0,0,299,0.6204013377926422,0.3478260869565213,0.7324414715719063,0.26755852842809363,22.474916387959865,0.36789297658862874,0.033444816053511704,0.0,0.00041133969055138386
res85_free_n4.0_std,2,centralized,exact,3,300,none,0,0,0,0,0,299,0.9622073578595317,0.0,0.9966555183946488,0.0033444816053511705,1.117056856187291,0.0,0.0,0.0,0.0006248523299545218
res85_free_n4.0_std,2,never,exact,3,300,none,0,0,0,0,0,299,0.43612040133779256,0.5304347826086959,0.5919732441471572,0.4080267558528428,0.0,0.0,0.0,0.0,0.00023496169667012404
res85_free_n4.0_std,2,always,exact,3,300,none,0,0,0,0,0,299,0.9622073578595317,-0.021739130434782608,1.0,0.0033444816053511705,1.1337792642140467,1.0,0.13377926421404682,0.0,0.000621325317762272
res85_free_n4.0_std,2,event,exact,3,300,none,0,0,0,0,0,299,0.4622073578595317,0.5043478260869566,0.6120401337792643,0.3879598662207358,0.046822742474916385,0.046822742474916385,0.0,0.0,0.000236433274803135
res85_free_n4.0_std,2,random,exact,3,300,none,0,0,0,0,0,299,0.8317725752508363,0.13478260869565215,0.8963210702341137,0.10367892976588629,0.8662207357859532,0.7424749163879598,0.12374581939799331,0.0,0.0003974473816421542
res85_free_n4.0_std,2,voa,exact,3,300,none,0,0,0,0,0,299,0.9535117056856188,0.0,0.9899665551839465,0.010033444816053512,0.36789297658862874,0.3277591973244147,0.04013377926421405,0.0,0.0006182801381942507
res85_free_n4.0_std,2,oracle,exact,3,300,none,0,0,0,0,0,299,0.9448160535117057,0.0,0.9866220735785953,0.016722408026755852,0.3076923076923077,0.25418060200668896,0.05351170568561873,0.0,0.000519696962724981
res85_free_n4.0_std,2,always,can,3,300,none,0,0,0,0,0,299,0.6448160535117057,0.3217391304347822,0.7525083612040134,0.24749163879598662,79.97324414715719,1.0,0.3745819397993311,0.0,0.0004191556755947666
res85_free_n4.0_std,2,event,can,3,300,none,0,0,0,0,0,299,0.431772575250836,0.5347826086956525,0.5886287625418061,0.411371237458194,2.6220735785953178,0.046822742474916385,0.0,0.0,0.00023563262919656198
res85_free_n4.0_std,2,random,can,3,300,none,0,0,0,0,0,299,0.5709030100334448,0.3956521739130429,0.6956521739130435,0.30434782608695654,48.508361204013376,0.7424749163879598,0.12374581939799331,0.0,0.00036372921101554984
res85_free_n4.0_std,2,voa,can,3,300,none,0,0,0,0,0,299,0.6317725752508362,0.33478260869565174,0.7424749163879598,0.25752508361204013,10.301003344481606,0.14046822742474915,0.043478260869565216,0.0,0.0004116280884641951
res85_free_n4.0_std,2,oracle,can,3,300,none,0,0,0,0,0,299,0.6317725752508362,0.33478260869565174,0.7424749163879598,0.25752508361204013,21.163879598662206,0.35451505016722407,0.023411371237458192,0.0,0.0004116280884641951
res85_free_n4.0_stiff,0,centralized,exact,3,300,none,0,0,0,0,0,299,0.9638795986622073,-0.008695652173913044,0.9966555183946488,0.0033444816053511705,1.117056856187291,0.0,0.0,0.0,0.0006263763135479169
res85_free_n4.0_stiff,0,never,exact,3,300,none,0,0,0,0,0,299,0.45953177257525074,0.5086956521739131,0.6086956521739131,0.391304347826087,0.0,0.0,0.0,0.0,0.0002514323764895535
res85_free_n4.0_stiff,0,always,exact,3,300,none,0,0,0,0,0,299,0.9638795986622073,-0.021739130434782608,1.0,0.0033444816053511705,1.1304347826086956,1.0,0.13043478260869565,0.0,0.0006237573697990565
res85_free_n4.0_stiff,0,event,exact,3,300,none,0,0,0,0,0,299,0.4769230769230768,0.4913043478260869,0.6220735785953178,0.3779264214046823,0.023411371237458192,0.023411371237458192,0.0,0.0,0.0002518435239192172
res85_free_n4.0_stiff,0,random,exact,3,300,none,0,0,0,0,0,299,0.876923076923077,0.08695652173913046,0.9297658862876255,0.07023411371237458,0.8361204013377926,0.7525083612040134,0.08361204013377926,0.0,0.0004223922890887502
res85_free_n4.0_stiff,0,voa,exact,3,300,none,0,0,0,0,0,299,0.9551839464882944,-0.0043478260869565235,0.9899665551839465,0.010033444816053512,0.3779264214046823,0.33444816053511706,0.043478260869565216,0.0,0.0006207108074044739
res85_free_n4.0_stiff,0,oracle,exact,3,300,none,0,0,0,0,0,299,0.9464882943143813,0.0,0.9866220735785953,0.016722408026755852,0.2709030100334448,0.22742474916387959,0.043478260869565216,0.0,0.0005330754617310956
res85_free_n4.0_stiff,0,always,can,3,300,none,0,0,0,0,0,299,0.6421404682274248,0.3260869565217387,0.7491638795986622,0.2508361204013378,81.04347826086956,1.0,0.391304347826087,0.0,0.000413008294258157
res85_free_n4.0_stiff,0,event,can,3,300,none,0,0,0,0,0,299,0.45953177257525074,0.5086956521739131,0.6086956521739131,0.391304347826087,1.3110367892976589,0.023411371237458192,0.0,0.0,0.0002514323764895535
res85_free_n4.0_stiff,0,random,can,3,300,none,0,0,0,0,0,299,0.6030100334448161,0.3652173913043473,0.7190635451505016,0.2809364548494983,51.50501672240803,0.7658862876254181,0.15384615384615385,0.0,0.00038132183537644955
res85_free_n4.0_stiff,0,voa,can,3,300,none,0,0,0,0,0,299,0.6334448160535118,0.33478260869565174,0.7424749163879598,0.25752508361204013,11.424749163879598,0.1505016722408027,0.05351170568561873,0.0,0.0004070355618158253
res85_free_n4.0_stiff,0,oracle,can,3,300,none,0,0,0,0,0,299,0.6377926421404682,0.3304347826086952,0.745819397993311,0.25418060200668896,22.849498327759196,0.36454849498327757,0.043478260869565216,0.0,0.00040924338664664206
res85_free_n4.0_stiff,1,centralized,exact,3,300,none,0,0,0,0,0,299,0.9638795986622073,0.0,0.9966555183946488,0.0033444816053511705,1.120401337792642,0.0,0.0,0.0,0.0006255641372676801
res85_free_n4.0_stiff,1,never,exact,3,300,none,0,0,0,0,0,299,0.4334448160535116,0.5347826086956525,0.5886287625418061,0.411371237458194,0.0,0.0,0.0,0.0,0.00024059563729304765
res85_free_n4.0_stiff,1,always,exact,3,300,none,0,0,0,0,0,299,0.9638795986622073,-0.013043478260869566,1.0,0.0033444816053511705,1.1304347826086956,1.0,0.13043478260869565,0.0,0.00062375190741478
res85_free_n4.0_stiff,1,event,exact,3,300,none,0,0,0,0,0,299,0.4551839464882942,0.5130434782608697,0.6053511705685619,0.39464882943143814,0.026755852842809364,0.026755852842809364,0.0,0.0,0.00024110246500490205
res85_free_n4.0_stiff,1,random,exact,3,300,none,0,0,0,0,0,299,0.876923076923077,0.08695652173913046,0.9297658862876255,0.07023411371237458,0.8394648829431438,0.7658862876254181,0.07357859531772576,0.0,0.0004410192922845262
res85_free_n4.0_stiff,1,voa,exact,3,300,none,0,0,0,0,0,299,0.9638795986622073,-0.008695652173913044,0.9966555183946488,0.0033444816053511705,0.391304347826087,0.34448160535117056,0.046822742474916385,0.0,0.0006242546681883793
res85_free_n4.0_stiff,1,oracle,exact,3,300,none,0,0,0,0,0,299,0.9421404682274249,0.0,0.9832775919732442,0.020066889632107024,0.35451505016722407,0.3010033444816054,0.05351170568561873,0.0,0.0004976632436071348
res85_free_n4.0_stiff,1,always,can,3,300,none,0,0,0,0,0,299,0.6160535117056856,0.3521739130434778,0.7290969899665551,0.2709030100334448,81.47157190635451,1.0,0.3979933110367893,0.0,0.00041122637013483006
res85_free_n4.0_stiff,1,event,can,3,300,none,0,0,0,0,0,299,0.4334448160535116,0.5347826086956525,0.5886287625418061,0.411371237458194,1.4983277591973243,0.026755852842809364,0.0,0.0,0.00024059563729304765
res85_free_n4.0_stiff,1,random,can,3,300,none,0,0,0,0,0,299,0.5725752508361204,0.3956521739130429,0.6956521739130435,0.30434782608695654,52.62876254180602,0.7692307692307693,0.1705685618729097,0.0,0.0003544181321738528
res85_free_n4.0_stiff,1,voa,can,3,300,none,0,0,0,0,0,299,0.6204013377926422,0.3478260869565213,0.7324414715719063,0.26755852842809363,10.488294314381271,0.13712374581939799,0.05016722408026756,0.0,0.00041133969055138386
res85_free_n4.0_stiff,1,oracle,can,3,300,none,0,0,0,0,0,299,0.6204013377926422,0.3478260869565213,0.7324414715719063,0.26755852842809363,22.474916387959865,0.36789297658862874,0.033444816053511704,0.0,0.00041133969055138386
res85_free_n4.0_stiff,2,centralized,exact,3,300,none,0,0,0,0,0,299,0.9622073578595317,0.0,0.9966555183946488,0.0033444816053511705,1.117056856187291,0.0,0.0,0.0,0.0006248523299545218
res85_free_n4.0_stiff,2,never,exact,3,300,none,0,0,0,0,0,299,0.43612040133779256,0.5304347826086959,0.5919732441471572,0.4080267558528428,0.0,0.0,0.0,0.0,0.00023496169667012404
res85_free_n4.0_stiff,2,always,exact,3,300,none,0,0,0,0,0,299,0.9622073578595317,-0.021739130434782608,1.0,0.0033444816053511705,1.1337792642140467,1.0,0.13377926421404682,0.0,0.000621325317762272
res85_free_n4.0_stiff,2,event,exact,3,300,none,0,0,0,0,0,299,0.4622073578595317,0.5043478260869566,0.6120401337792643,0.3879598662207358,0.046822742474916385,0.046822742474916385,0.0,0.0,0.000236433274803135
res85_free_n4.0_stiff,2,random,exact,3,300,none,0,0,0,0,0,299,0.8317725752508363,0.13478260869565215,0.8963210702341137,0.10367892976588629,0.8662207357859532,0.7424749163879598,0.12374581939799331,0.0,0.0003974473816421542
res85_free_n4.0_stiff,2,voa,exact,3,300,none,0,0,0,0,0,299,0.9535117056856188,0.0,0.9899665551839465,0.010033444816053512,0.36789297658862874,0.3277591973244147,0.04013377926421405,0.0,0.0006182801381942507
res85_free_n4.0_stiff,2,oracle,exact,3,300,none,0,0,0,0,0,299,0.9448160535117057,0.0,0.9866220735785953,0.016722408026755852,0.3076923076923077,0.25418060200668896,0.05351170568561873,0.0,0.000519696962724981
res85_free_n4.0_stiff,2,always,can,3,300,none,0,0,0,0,0,299,0.6448160535117057,0.3217391304347822,0.7525083612040134,0.24749163879598662,79.97324414715719,1.0,0.3745819397993311,0.0,0.0004191556755947666
res85_free_n4.0_stiff,2,event,can,3,300,none,0,0,0,0,0,299,0.431772575250836,0.5347826086956525,0.5886287625418061,0.411371237458194,2.6220735785953178,0.046822742474916385,0.0,0.0,0.00023563262919656198
res85_free_n4.0_stiff,2,random,can,3,300,none,0,0,0,0,0,299,0.5709030100334448,0.3956521739130429,0.6956521739130435,0.30434782608695654,48.508361204013376,0.7424749163879598,0.12374581939799331,0.0,0.00036372921101554984
res85_free_n4.0_stiff,2,voa,can,3,300,none,0,0,0,0,0,299,0.6317725752508362,0.33478260869565174,0.7424749163879598,0.25752508361204013,10.301003344481606,0.14046822742474915,0.043478260869565216,0.0,0.0004116280884641951
res85_free_n4.0_stiff,2,oracle,can,3,300,none,0,0,0,0,0,299,0.6317725752508362,0.33478260869565174,0.7424749163879598,0.25752508361204013,21.163879598662206,0.35451505016722407,0.023411371237458192,0.0,0.0004116280884641951
