config,seed,controller,fuse,n,T,robustness,completed,violations,compliant,process_violations,force_violations,steps,util,regret,preserved,stops,messages,opened_base,opened_verifier,opened_head,drawer_open
res35_anch_n0.5_std,0,always,exact,2,300,none,1,0,1,0,0,239,0.26569037656903777,0.0,1.0,0.5648535564853556,1.0,0.0,1.0,0.0,0.3015850381371106
res35_anch_n0.5_std,0,voa,exact,2,300,none,1,0,1,0,0,243,0.2563786008230454,0.02139917695473251,0.9835390946502057,0.5720164609053497,0.42386831275720166,0.0,0.42386831275720166,0.0,0.30158503813044746
res35_anch_n0.5_std,0,always,can,2,300,none,1,0,1,0,0,244,0.2540983606557379,0.02663934426229508,0.9795081967213115,0.5737704918032787,56.0,0.0,1.0,0.0,0.301585042874005
res35_anch_n0.5_std,0,voa,can,2,300,none,1,0,1,0,0,243,0.2563786008230454,0.02139917695473251,0.9835390946502057,0.5720164609053497,23.736625514403293,0.0,0.42386831275720166,0.0,0.30158503813044746
res35_anch_n0.5_std,1,always,exact,2,300,none,1,0,1,0,0,238,0.2680672268907564,0.0,1.0,0.5630252100840336,1.0,0.0,1.0,0.0,0.30158504139259507
res35_anch_n0.5_std,1,voa,exact,2,300,none,1,0,1,0,0,242,0.25867768595041335,0.016115702479338846,0.987603305785124,0.5702479338842975,0.4256198347107438,0.0,0.4256198347107438,0.0,0.3015850236983681
res35_anch_n0.5_std,1,always,can,2,300,none,1,0,1,0,0,242,0.25867768595041335,0.016115702479338846,0.987603305785124,0.5702479338842975,56.0,0.0,1.0,0.0,0.3015850236983681
res35_anch_n0.5_std,1,voa,can,2,300,none,1,0,1,0,0,242,0.25867768595041335,0.016115702479338846,0.987603305785124,0.5702479338842975,23.834710743801654,0.0,0.4256198347107438,0.0,0.3015850236983681
res35_anch_n0.5_std,2,always,exact,2,300,none,1,0,1,0,0,236,0.2728813559322035,0.0,1.0,0.559322033898305,1.0,0.0,1.0,0.0,0.3015850250837677
res35_anch_n0.5_std,2,voa,exact,2,300,none,1,0,1,0,0,242,0.25867768595041335,0.016115702479338846,0.987603305785124,0.5702479338842975,0.4256198347107438,0.0,0.4256198347107438,0.0,0.30158502451073277
res35_anch_n0.5_std,2,always,can,2,300,none,1,0,1,0,0,245,0.25183673469387774,0.03183673469387755,0.9755102040816327,0.5755102040816327,56.0,0.0,1.0,0.0,0.3015850381273673
res35_anch_n0.5_std,2,voa,can,2,300,none,1,0,1,0,0,242,0.25867768595041335,0.016115702479338846,0.987603305785124,0.5702479338842975,23.60330578512397,0.0,0.4214876033057851,0.0,0.30158502451073277
res35_anch_n0.5_stiff,0,always,exact,2,300,none,1,0,1,0,0,222,0.2094594594594596,0.0,1.0,0.6081081081081081,1.0,0.0,1.0,0.0,0.3030776571493632
res35_anch_n0.5_stiff,0,voa,exact,2,300,none,1,0,1,0,0,226,0.20044247787610636,0.023008849557522124,0.9823008849557522,0.6150442477876106,0.3805309734513274,0.0,0.3805309734513274,0.0,0.3030776571452817
res35_anch_n0.5_stiff,0,always,can,2,300,none,1,0,1,0,0,245,0.24653061224489814,0.03183673469387755,0.9755102040816327,0.5795918367346938,36.57142857142857,0.0,0.6530612244897959,0.0,0.3040121754380036
res35_anch_n0.5_stiff,0,voa,can,2,300,none,1,0,1,0,0,243,0.24567901234567918,0.026748971193415638,0.9794238683127572,0.5802469135802469,3.9176954732510287,0.0,0.06995884773662552,0.0,0.3001377506253758
res35_anch_n0.5_stiff,1,always,exact,2,300,none,1,0,1,0,0,221,0.21176470588235305,0.0,1.0,0.6063348416289592,1.0,0.0,1.0,0.0,0.30307766040410866
res35_anch_n0.5_stiff,1,voa,exact,2,300,none,1,0,1,0,0,225,0.20266666666666683,0.017333333333333336,0.9866666666666667,0.6133333333333333,0.38222222222222224,0.0,0.38222222222222224,0.0,0.3030776427149272
res35_anch_n0.5_stiff,1,always,can,2,300,none,1,0,1,0,0,242,0.2479338842975208,0.021487603305785124,0.9834710743801653,0.5785123966942148,36.33057851239669,0.0,0.6487603305785123,0.0,0.30013773618059514
res35_anch_n0.5_stiff,1,voa,can,2,300,none,1,0,1,0,0,242,0.2479338842975208,0.021487603305785124,0.9834710743801653,0.5785123966942148,3.9338842975206614,0.0,0.07024793388429752,0.0,0.30013773618059514
res35_anch_n0.5_stiff,2,always,exact,2,300,none,1,0,1,0,0,219,0.21643835616438364,0.0,1.0,0.6027397260273972,1.0,0.0,1.0,0.0,0.3030776440959581
res35_anch_n0.5_stiff,2,voa,exact,2,300,none,1,0,1,0,0,225,0.20266666666666683,0.017333333333333336,0.9866666666666667,0.6133333333333333,0.38222222222222224,0.0,0.38222222222222224,0.0,0.3030776435270695
res35_anch_n0.5_stiff,2,always,can,2,300,none,1,0,1,0,0,247,0.2421052631578949,0.03684210526315789,0.97165991902834,0.582995951417004,36.502024291497975,0.0,0.6518218623481782,0.0,0.30401217068577335
res35_anch_n0.5_stiff,2,voa,can,2,300,none,1,0,1,0,0,244,0.24877049180327881,0.021311475409836068,0.9836065573770492,0.5778688524590164,3.901639344262295,0.0,0.06967213114754098,0.0,0.30401215705475265
res35_anch_n4.0_std,0,always,exact,2,300,none,1,0,1,0,0,258,0.3600775193798448,0.0,1.0,0.49224806201550386,1.0,0.0,1.0,0.0,0.3000927354916955
res35_anch_n4.0_std,0,voa,exact,2,300,none,1,0,1,0,0,258,0.3348837209302324,0.010077519379844961,0.9922480620155039,0.5116279069767442,0.4806201550387597,0.0,0.4806201550387597,0.0,0.30009067905290876
res35_anch_n4.0_std,0,always,can,2,300,none,1,0,1,0,0,274,0.3642335766423355,0.014233576642335767,0.9890510948905109,0.48905109489051096,35.56204379562044,0.0,0.635036496350365,0.0,0.3019286494713563
res35_anch_n4.0_std,0,voa,can,2,300,none,1,0,1,0,0,274,0.3642335766423355,0.014233576642335767,0.9890510948905109,0.48905109489051096,7.970802919708029,0.0,0.14233576642335766,0.0,0.3019286494713563
res35_anch_n4.0_std,1,always,exact,2,300,none,1,0,1,0,0,236,0.2838983050847458,0.0,1.0,0.5508474576271186,1.0,0.0,1.0,0.0,0.3015852408372283
res35_anch_n4.0_std,1,voa,exact,2,300,none,1,0,1,0,0,241,0.27717842323651465,0.016182572614107885,0.9875518672199171,0.5560165975103735,0.4315352697095436,0.0,0.4315352697095436,0.0,0.3015853421428245
res35_anch_n4.0_std,1,always,can,2,300,none,1,0,1,0,0,265,0.3132075471698114,0.024528301886792454,0.9811320754716981,0.5283018867924528,32.5433962264151,0.0,0.5811320754716981,0.0,0.30054442710785767
res35_anch_n4.0_std,1,voa,can,2,300,none,1,0,1,0,0,264,0.3155303030303031,0.0196969696969697,0.9848484848484849,0.5265151515151515,3.393939393939394,0.0,0.06060606060606061,0.0,0.30009068954553747
res35_anch_n4.0_std,2,always,exact,2,300,none,1,0,1,0,0,235,0.3085106382978722,0.0,1.0,0.5319148936170213,1.0,0.0,1.0,0.0,0.30158592393074785
res35_anch_n4.0_std,2,voa,exact,2,300,none,1,0,1,0,0,251,0.31115537848605557,0.01553784860557769,0.9880478087649402,0.5298804780876494,0.44223107569721115,0.0,0.44223107569721115,0.0,0.3015871661910684
res35_anch_n4.0_std,2,always,can,2,300,none,1,0,1,0,0,265,0.3279245283018868,0.02943396226415094,0.9773584905660377,0.5169811320754717,56.0,0.0,1.0,0.0,0.3005450359740531
res35_anch_n4.0_std,2,voa,can,2,300,none,1,0,1,0,0,268,0.33059701492537313,0.024253731343283583,0.9813432835820896,0.5149253731343284,4.388059701492537,0.0,0.07835820895522388,0.0,0.3005454405263424
res35_anch_n4.0_stiff,0,always,exact,2,300,none,1,0,1,0,0,226,0.2809734513274334,0.0,1.0,0.5530973451327433,1.0,0.0,1.0,0.0,0.30308072136770137
res35_anch_n4.0_stiff,0,voa,exact,2,300,none,1,0,1,0,0,226,0.2522123893805307,0.011504424778761062,0.9911504424778761,0.5752212389380531,0.415929203539823,0.0,0.415929203539823,0.0,0.3030786648007644
res35_anch_n4.0_stiff,0,always,can,2,300,none,1,0,1,0,0,277,0.36642599277978316,0.01407942238267148,0.9891696750902527,0.48736462093862815,31.133574007220215,0.0,0.555956678700361,0.0,0.3031304716150727
res35_anch_n4.0_stiff,0,voa,can,2,300,none,1,0,1,0,0,277,0.36642599277978316,0.01407942238267148,0.9891696750902527,0.48736462093862815,4.245487364620939,0.0,0.07581227436823104,0.0,0.3031304716150727
res35_anch_n4.0_stiff,1,always,exact,2,300,none,1,0,1,0,0,219,0.22831050228310507,0.0,1.0,0.593607305936073,1.0,0.0,1.0,0.0,0.30307785985587354
res35_anch_n4.0_stiff,1,voa,exact,2,300,none,1,0,1,0,0,224,0.2223214285714287,0.017410714285714286,0.9866071428571429,0.5982142857142857,0.38839285714285715,0.0,0.38839285714285715,0.0,0.30307796115017976
res35_anch_n4.0_stiff,1,always,can,2,300,none,1,0,1,0,0,249,0.26907630522088366,0.02610441767068273,0.9799196787148594,0.5622489959839357,34.63453815261044,0.0,0.6184738955823293,0.0,0.30030331511187563
res35_anch_n4.0_stiff,1,voa,can,2,300,none,1,0,1,0,0,249,0.2742971887550202,0.020883534136546186,0.9839357429718876,0.5582329317269076,3.5983935742971886,0.0,0.0642570281124498,0.0,0.3031492528223032
res35_anch_n4.0_stiff,2,always,exact,2,300,none,1,0,1,0,0,249,0.34216867469879503,0.0,1.0,0.5060240963855421,1.0,0.0,1.0,0.0,0.30220933131256417
res35_anch_n4.0_stiff,2,voa,exact,2,300,none,1,0,1,0,0,234,0.2611111111111109,0.01666666666666667,0.9871794871794872,0.5683760683760684,0.4017094017094017,0.0,0.4017094017094017,0.0,0.3030797851471024
res35_anch_n4.0_stiff,2,always,can,2,300,none,1,0,1,0,0,251,0.2904382470119522,0.031075697211155377,0.9760956175298805,0.545816733067729,37.2589641434263,0.0,0.6653386454183267,0.0,0.3040137920263946
res35_anch_n4.0_stiff,2,voa,can,2,300,none,1,0,1,0,0,251,0.300796812749004,0.025896414342629483,0.9800796812749004,0.5378486055776892,5.577689243027889,0.0,0.099601593625498,0.0,0.3040141973615021
res35_free_n0.5_std,0,always,exact,2,300,none,1,0,1,0,0,239,0.32928870292887014,0.0,1.0,0.48535564853556484,1.0,0.0,1.0,0.0,0.3015850381371114
res35_free_n0.5_std,0,voa,exact,2,300,none,1,0,1,0,0,243,0.3189300411522632,0.02139917695473251,0.9835390946502057,0.49382716049382713,0.42386831275720166,0.0,0.42386831275720166,0.0,0.30158503813044896
res35_free_n0.5_std,0,always,can,2,300,none,1,0,1,0,0,244,0.31639344262295066,0.02663934426229508,0.9795081967213115,0.4959016393442623,56.0,0.0,1.0,0.0,0.3015850428740059
res35_free_n0.5_std,0,voa,can,2,300,none,1,0,1,0,0,243,0.3189300411522632,0.02139917695473251,0.9835390946502057,0.49382716049382713,23.736625514403293,0.0,0.42386831275720166,0.0,0.30158503813044896
res35_free_n0.5_std,1,always,exact,2,300,none,1,0,1,0,0,238,0.3319327731092436,0.0,1.0,0.4831932773109244,1.0,0.0,1.0,0.0,0.30158504139259557
res35_free_n0.5_std,1,voa,exact,2,300,none,1,0,1,0,0,242,0.32148760330578496,0.016115702479338846,0.987603305785124,0.49173553719008267,0.4256198347107438,0.0,0.4256198347107438,0.0,0.3015850236983683
res35_free_n0.5_std,1,always,can,2,300,none,1,0,1,0,0,242,0.32148760330578496,0.016115702479338846,0.987603305785124,0.49173553719008267,56.0,0.0,1.0,0.0,0.3015850236983683
res35_free_n0.5_std,1,voa,can,2,300,none,1,0,1,0,0,242,0.32148760330578496,0.016115702479338846,0.987603305785124,0.49173553719008267,23.834710743801654,0.0,0.4256198347107438,0.0,0.3015850236983683
res35_free_n0.5_std,2,always,exact,2,300,none,1,0,1,0,0,236,0.34067796610169476,0.0,1.0,0.4745762711864407,1.0,0.0,1.0,0.0,0.3015850250837682
res35_free_n0.5_std,2,voa,exact,2,300,none,1,0,1,0,0,242,0.3247933884297519,0.016115702479338846,0.987603305785124,0.48760330578512395,0.4256198347107438,0.0,0.4256198347107438,0.0,0.30158502451073105
res35_free_n0.5_std,2,always,can,2,300,none,1,0,1,0,0,245,0.317142857142857,0.03183673469387755,0.9755102040816327,0.49387755102040815,56.0,0.0,1.0,0.0,0.3015850381273686
res35_free_n0.5_std,2,voa,can,2,300,none,1,0,1,0,0,242,0.3247933884297519,0.016115702479338846,0.987603305785124,0.48760330578512395,23.60330578512397,0.0,0.4214876033057851,0.0,0.30158502451073105
res35_free_n0.5_stiff,0,always,exact,2,300,none,1,0,1,0,0,222,0.27792792792792775,0.0,1.0,0.5225225225225225,1.0,0.0,1.0,0.0,0.3030776571493626
res35_free_n0.5_stiff,0,voa,exact,2,300,none,1,0,1,0,0,226,0.2676991150442476,0.023008849557522124,0.9823008849557522,0.5309734513274337,0.3805309734513274,0.0,0.3805309734513274,0.0,0.3030776571452819
res35_free_n0.5_stiff,0,always,can,2,300,none,1,0,1,0,0,245,0.30857142857142844,0.03183673469387755,0.9755102040816327,0.5020408163265306,36.57142857142857,0.0,0.6530612244897959,0.0,0.30401120967280837
res35_free_n0.5_stiff,0,voa,can,2,300,none,1,0,1,0,0,243,0.30823045267489696,0.026748971193415638,0.9794238683127572,0.5020576131687243,3.9176954732510287,0.0,0.06995884773662552,0.0,0.30013726158378284
res35_free_n0.5_stiff,1,always,exact,2,300,none,1,0,1,0,0,221,0.2805429864253392,0.0,1.0,0.5203619909502263,1.0,0.0,1.0,0.0,0.3030776604041087
res35_free_n0.5_stiff,1,voa,exact,2,300,none,1,0,1,0,0,225,0.27022222222222203,0.017333333333333336,0.9866666666666667,0.5288888888888889,0.38222222222222224,0.0,0.38222222222222224,0.0,0.3030776427149255
res35_free_n0.5_stiff,1,always,can,2,300,none,1,0,1,0,0,242,0.3107438016528924,0.021487603305785124,0.9834710743801653,0.5,36.33057851239669,0.0,0.6487603305785123,0.0,0.3001372471440356
res35_free_n0.5_stiff,1,voa,can,2,300,none,1,0,1,0,0,242,0.3107438016528924,0.021487603305785124,0.9834710743801653,0.5,3.9338842975206614,0.0,0.07024793388429752,0.0,0.3001372471440356
res35_free_n0.5_stiff,2,always,exact,2,300,none,1,0,1,0,0,219,0.289497716894977,0.0,1.0,0.5114155251141552,1.0,0.0,1.0,0.0,0.3030776440959588
res35_free_n0.5_stiff,2,voa,exact,2,300,none,1,0,1,0,0,225,0.2737777777777776,0.017333333333333336,0.9866666666666667,0.5244444444444445,0.38222222222222224,0.0,0.38222222222222224,0.0,0.30307764352707034
res35_free_n0.5_stiff,2,always,can,2,300,none,1,0,1,0,0,247,0.3068825910931172,0.03684210526315789,0.97165991902834,0.5020242914979757,36.502024291497975,0.0,0.6518218623481782,0.0,0.30401120492590666
res35_free_n0.5_stiff,2,voa,can,2,300,none,1,0,1,0,0,244,0.3143442622950818,0.021311475409836068,0.9836065573770492,0.4959016393442623,3.901639344262295,0.0,0.06967213114754098,0.0,0.30401119130512855
res35_free_n4.0_std,0,always,exact,2,300,none,1,0,1,0,0,258,0.41899224806201535,0.0,1.0,0.4186046511627907,1.0,0.0,1.0,0.0,0.30009214899074765
res35_free_n4.0_std,0,voa,exact,2,300,none,1,0,1,0,0,258,0.39379844961240296,0.010077519379844961,0.9922480620155039,0.437984496124031,0.4806201550387597,0.0,0.4806201550387597,0.0,0.300090122533121
res35_free_n4.0_std,0,always,can,2,300,none,1,0,1,0,0,274,0.41970802919708017,0.014233576642335767,0.9890510948905109,0.4197080291970803,35.56204379562044,0.0,0.635036496350365,0.0,0.3019275372190636
res35_free_n4.0_std,0,voa,can,2,300,none,1,0,1,0,0,274,0.41970802919708017,0.014233576642335767,0.9890510948905109,0.4197080291970803,7.970802919708029,0.0,0.14233576642335766,0.0,0.3019275372190636
res35_free_n4.0_std,1,always,exact,2,300,none,1,0,1,0,0,236,0.34830508474576255,0.0,1.0,0.4703389830508475,1.0,0.0,1.0,0.0,0.301585240837229
res35_free_n4.0_std,1,voa,exact,2,300,none,1,0,1,0,0,241,0.34024896265560156,0.016182572614107885,0.9875518672199171,0.47717842323651455,0.4315352697095436,0.0,0.4315352697095436,0.0,0.3015853421428243
res35_free_n4.0_std,1,always,can,2,300,none,1,0,1,0,0,265,0.3705660377358489,0.024528301886792454,0.9811320754716981,0.45660377358490567,32.5433962264151,0.0,0.5811320754716981,0.0,0.3005439467555398
res35_free_n4.0_std,1,voa,can,2,300,none,1,0,1,0,0,264,0.3731060606060605,0.0196969696969697,0.9848484848484849,0.45454545454545453,3.393939393939394,0.0,0.06060606060606061,0.0,0.30009013395981265
res35_free_n4.0_std,2,always,exact,2,300,none,1,0,1,0,0,235,0.37659574468085094,0.0,1.0,0.44680851063829785,1.0,0.0,1.0,0.0,0.3015859239307482
res35_free_n4.0_std,2,voa,exact,2,300,none,1,0,1,0,0,251,0.37490039840637435,0.01553784860557769,0.9880478087649402,0.450199203187251,0.44223107569721115,0.0,0.44223107569721115,0.0,0.30158716619106724
res35_free_n4.0_std,2,always,can,2,300,none,1,0,1,0,0,265,0.3883018867924527,0.02943396226415094,0.9773584905660377,0.44150943396226416,56.0,0.0,1.0,0.0,0.30054455469666325
res35_free_n4.0_std,2,voa,can,2,300,none,1,0,1,0,0,268,0.39029850746268646,0.024253731343283583,0.9813432835820896,0.44029850746268656,4.388059701492537,0.0,0.07835820895522388,0.0,0.300544960164324
res35_free_n4.0_stiff,0,always,exact,2,300,none,1,0,1,0,0,226,0.34823008849557513,0.0,1.0,0.4690265486725664,1.0,0.0,1.0,0.0,0.3030806913874413
res35_free_n4.0_stiff,0,voa,exact,2,300,none,1,0,1,0,0,226,0.3194690265486724,0.011504424778761062,0.9911504424778761,0.4911504424778761,0.415929203539823,0.0,0.415929203539823,0.0,0.30307866480076445
res35_free_n4.0_stiff,0,always,can,2,300,none,1,0,1,0,0,277,0.42129963898916956,0.01407942238267148,0.9891696750902527,0.4187725631768953,31.133574007220215,0.0,0.555956678700361,0.0,0.303129108102315
res35_free_n4.0_stiff,0,voa,can,2,300,none,1,0,1,0,0,277,0.42129963898916956,0.01407942238267148,0.9891696750902527,0.4187725631768953,4.245487364620939,0.0,0.07581227436823104,0.0,0.303129108102315
res35_free_n4.0_stiff,1,always,exact,2,300,none,1,0,1,0,0,219,0.29771689497716874,0.0,1.0,0.5068493150684932,1.0,0.0,1.0,0.0,0.3030778598558747
res35_free_n4.0_stiff,1,voa,exact,2,300,none,1,0,1,0,0,224,0.2901785714285713,0.017410714285714286,0.9866071428571429,0.5133928571428571,0.38839285714285715,0.0,0.38839285714285715,0.0,0.3030779611501793
res35_free_n4.0_stiff,1,always,can,2,300,none,1,0,1,0,0,249,0.3301204819277107,0.02610441767068273,0.9799196787148594,0.4859437751004016,34.63453815261044,0.0,0.6184738955823293,0.0,0.30030293103490546
res35_free_n4.0_stiff,1,voa,can,2,300,none,1,0,1,0,0,249,0.3353413654618473,0.020883534136546186,0.9839357429718876,0.4819277108433735,3.5983935742971886,0.0,0.0642570281124498,0.0,0.3031488295279624
res35_free_n4.0_stiff,2,always,exact,2,300,none,1,0,1,0,0,249,0.4064257028112449,0.0,1.0,0.42570281124497994,1.0,0.0,1.0,0.0,0.3022081248750724
res35_free_n4.0_stiff,2,voa,exact,2,300,none,1,0,1,0,0,234,0.3294871794871793,0.01666666666666667,0.9871794871794872,0.4829059829059829,0.4017094017094017,0.0,0.4017094017094017,0.0,0.3030797851471015
res35_free_n4.0_stiff,2,always,can,2,300,none,1,0,1,0,0,251,0.35418326693227076,0.031075697211155377,0.9760956175298805,0.46613545816733065,37.2589641434263,0.0,0.6653386454183267,0.0,0.30401282626427123
res35_free_n4.0_stiff,2,voa,can,2,300,none,1,0,1,0,0,251,0.3645418326693226,0.025896414342629483,0.9800796812749004,0.4581673306772908,5.577689243027889,0.0,0.099601593625498,0.0,0.3040132315875559
res60_anch_n0.5_std,0,always,exact,2,300,none,1,0,1,0,0,270,0.33555555555555566,0.0,1.0,0.5111111111111111,0.5740740740740741,0.0,0.5740740740740741,0.0,0.30295275766257274
res60_anch_n0.5_std,0,voa,exact,2,300,none,1,0,1,0,0,272,0.3308823529411766,0.01911764705882353,0.9852941176470589,0.5147058823529411,0.06985294117647059,0.0,0.06985294117647059,0.0,0.30295275751254414
res60_anch_n0.5_std,0,always,can,2,300,none,1,0,1,0,0,270,0.3211111111111113,0.028888888888888888,0.9777777777777777,0.5222222222222223,32.56296296296296,0.0,0.5814814814814815,0.0,0.30294727881055206
res60_anch_n0.5_std,0,voa,can,2,300,none,1,0,1,0,0,270,0.3162962962962964,0.024074074074074074,0.9814814814814815,0.5259259259259259,2.903703703703704,0.0,0.05185185185185185,0.0,0.30294565146626173
res60_anch_n0.5_std,1,always,exact,2,300,none,1,0,1,0,0,269,0.337918215613383,0.0,1.0,0.5092936802973977,0.5724907063197026,0.0,0.5724907063197026,0.0,0.3029527609176042
res60_anch_n0.5_std,1,voa,exact,2,300,none,1,0,1,0,0,271,0.3332103321033212,0.014391143911439115,0.988929889298893,0.5129151291512916,0.07011070110701106,0.0,0.07011070110701106,0.0,0.3029527430826257
res60_anch_n0.5_std,1,always,can,2,300,none,1,0,1,0,0,269,0.31858736059479564,0.019330855018587362,0.9851301115241635,0.5241635687732342,32.059479553903344,0.0,0.5724907063197026,0.0,0.3029456370332177
res60_anch_n0.5_std,1,voa,can,2,300,none,1,0,1,0,0,269,0.31858736059479564,0.019330855018587362,0.9851301115241635,0.5241635687732342,2.9144981412639406,0.0,0.05204460966542751,0.0,0.3029456370332177
res60_anch_n0.5_std,2,always,exact,2,300,none,1,0,1,0,0,273,0.3285714285714286,0.0,1.0,0.5164835164835165,0.5567765567765568,0.0,0.5567765567765568,0.0,0.3029527446120913
res60_anch_n0.5_std,2,voa,exact,2,300,none,1,0,1,0,0,273,0.3285714285714287,0.014285714285714287,0.989010989010989,0.5164835164835165,0.0695970695970696,0.0,0.0695970695970696,0.0,0.3029527440390323
res60_anch_n0.5_std,2,always,can,2,300,none,1,0,1,0,0,273,0.3095238095238097,0.03333333333333333,0.9743589743589743,0.5311355311355311,32.205128205128204,0.0,0.575091575091575,0.0,0.3029456514650209
res60_anch_n0.5_std,2,voa,can,2,300,none,1,0,1,0,0,273,0.30952380952380965,0.01904761904761905,0.9853479853479854,0.5311355311355311,2.6666666666666665,0.0,0.047619047619047616,0.0,0.30294563784859074
res60_anch_n0.5_stiff,0,always,exact,2,300,none,1,0,1,0,0,272,0.3404411764705883,0.0,1.0,0.5073529411764706,0.5698529411764706,0.0,0.5698529411764706,0.0,0.30334178273550777
res60_anch_n0.5_stiff,0,voa,exact,2,300,none,1,0,1,0,0,274,0.3357664233576644,0.01897810218978102,0.9854014598540146,0.5109489051094891,0.06934306569343066,0.0,0.06934306569343066,0.0,0.3033417825854779
res60_anch_n0.5_stiff,0,always,can,2,300,none,1,0,1,0,0,272,0.32610294117647076,0.028676470588235293,0.9779411764705882,0.5183823529411765,32.3235294117647,0.0,0.5772058823529411,0.0,0.30333630388348565
res60_anch_n0.5_stiff,0,voa,can,2,300,none,1,0,1,0,0,272,0.32132352941176484,0.02389705882352941,0.9816176470588235,0.5220588235294118,2.8823529411764706,0.0,0.051470588235294115,0.0,0.30333467653919494
res60_anch_n0.5_stiff,1,always,exact,2,300,none,1,0,1,0,0,271,0.3428044280442805,0.0,1.0,0.5055350553505535,0.5682656826568265,0.0,0.5682656826568265,0.0,0.303341785990539
res60_anch_n0.5_stiff,1,voa,exact,2,300,none,1,0,1,0,0,273,0.3380952380952382,0.014285714285714287,0.989010989010989,0.5091575091575091,0.0695970695970696,0.0,0.0695970695970696,0.0,0.3033417681555591
res60_anch_n0.5_stiff,1,always,can,2,300,none,1,0,1,0,0,271,0.32361623616236174,0.01918819188191882,0.985239852398524,0.5202952029520295,31.822878228782287,0.0,0.5682656826568265,0.0,0.303334662106151
res60_anch_n0.5_stiff,1,voa,can,2,300,none,1,0,1,0,0,271,0.32361623616236174,0.01918819188191882,0.985239852398524,0.5202952029520295,2.892988929889299,0.0,0.05166051660516605,0.0,0.303334662106151
res60_anch_n0.5_stiff,2,always,exact,2,300,none,1,0,1,0,0,275,0.3334545454545455,0.0,1.0,0.5127272727272727,0.5527272727272727,0.0,0.5527272727272727,0.0,0.30334176968502374
res60_anch_n0.5_stiff,2,voa,exact,2,300,none,1,0,1,0,0,275,0.33345454545454556,0.014181818181818183,0.9890909090909091,0.5127272727272727,0.06909090909090909,0.0,0.06909090909090909,0.0,0.30334176911196603
res60_anch_n0.5_stiff,2,always,can,2,300,none,1,0,1,0,0,275,0.3145454545454547,0.03309090909090909,0.9745454545454545,0.5272727272727272,31.970909090909092,0.0,0.5709090909090909,0.0,0.3033346765379538
res60_anch_n0.5_stiff,2,voa,can,2,300,none,1,0,1,0,0,275,0.31454545454545463,0.01890909090909091,0.9854545454545455,0.5272727272727272,2.6472727272727274,0.0,0.04727272727272727,0.0,0.30333466292152567
res60_anch_n4.0_std,0,always,exact,2,300,none,1,0,1,0,0,272,0.39779411764705863,0.0,1.0,0.4632352941176471,0.5845588235294118,0.0,0.5845588235294118,0.0,0.3029558217235205
res60_anch_n4.0_std,0,voa,exact,2,300,none,1,0,1,0,0,272,0.3738970588235292,0.009558823529411765,0.9926470588235294,0.48161764705882354,0.09926470588235294,0.0,0.09926470588235294,0.0,0.3029537651669778
res60_anch_n4.0_std,0,always,can,2,300,none,1,0,1,0,0,270,0.3548148148148146,0.014444444444444446,0.9888888888888889,0.4962962962962963,31.94074074074074,0.0,0.5703703703703704,0.0,0.30294513771366977
res60_anch_n4.0_std,0,voa,can,2,300,none,1,0,1,0,0,270,0.3548148148148146,0.014444444444444446,0.9888888888888889,0.4962962962962963,4.355555555555555,0.0,0.07777777777777778,0.0,0.30294513771366977
res60_anch_n4.0_std,1,always,exact,2,300,none,1,0,1,0,0,276,0.3547101449275363,0.0,1.0,0.4963768115942029,0.5471014492753623,0.0,0.5471014492753623,0.0,0.3029518531291782
res60_anch_n4.0_std,1,voa,exact,2,300,none,1,0,1,0,0,276,0.3500000000000001,0.014130434782608697,0.9891304347826086,0.5,0.07246376811594203,0.0,0.07246376811594203,0.0,0.30295348542391204
res60_anch_n4.0_std,1,always,can,2,300,none,1,0,1,0,0,276,0.34057971014492766,0.02355072463768116,0.9818840579710145,0.5072463768115942,31.246376811594203,0.0,0.5579710144927537,0.0,0.30294666478898064
res60_anch_n4.0_std,1,voa,can,2,300,none,1,0,1,0,0,276,0.34528985507246385,0.01884057971014493,0.9855072463768116,0.5036231884057971,3.246376811594203,0.0,0.057971014492753624,0.0,0.30294828800411533
res60_anch_n4.0_std,2,always,exact,2,300,none,1,0,1,0,0,279,0.3523297491039425,0.0,1.0,0.4982078853046595,0.5376344086021505,0.0,0.5376344086021505,0.0,0.30295215371148093
res60_anch_n4.0_std,2,voa,exact,2,300,none,1,0,1,0,0,280,0.37785714285714267,0.013928571428571429,0.9892857142857143,0.4785714285714286,0.09642857142857143,0.0,0.09642857142857143,0.0,0.3029548855080021
res60_anch_n4.0_std,2,always,can,2,300,none,1,0,1,0,0,279,0.3523297491039427,0.02795698924731183,0.978494623655914,0.4982078853046595,32.91756272401434,0.0,0.5878136200716846,0.0,0.30294889601839436
res60_anch_n4.0_std,2,voa,can,2,300,none,1,0,1,0,0,279,0.3616487455197132,0.023297491039426525,0.982078853046595,0.4910394265232975,4.415770609318996,0.0,0.07885304659498207,0.0,0.30294930133860554
res60_anch_n4.0_stiff,0,always,exact,2,300,none,1,0,1,0,0,274,0.4021897810218976,0.0,1.0,0.45985401459854014,0.5802919708029197,0.0,0.5802919708029197,0.0,0.3033448467964552
res60_anch_n4.0_stiff,0,voa,exact,2,300,none,1,0,1,0,0,274,0.37846715328467134,0.00948905109489051,0.9927007299270073,0.4781021897810219,0.09854014598540146,0.0,0.09854014598540146,0.0,0.30334279023991206
res60_anch_n4.0_stiff,0,always,can,2,300,none,1,0,1,0,0,272,0.35955882352941154,0.014338235294117648,0.9889705882352942,0.49264705882352944,31.705882352941178,0.0,0.5661764705882353,0.0,0.30333416278660275
res60_anch_n4.0_stiff,0,voa,can,2,300,none,1,0,1,0,0,272,0.35955882352941154,0.014338235294117648,0.9889705882352942,0.49264705882352944,4.323529411764706,0.0,0.07720588235294118,0.0,0.30333416278660275
res60_anch_n4.0_stiff,1,always,exact,2,300,none,1,0,1,0,0,278,0.3593525179856115,0.0,1.0,0.49280575539568344,0.5431654676258992,0.0,0.5431654676258992,0.0,0.30334087820211114
res60_anch_n4.0_stiff,1,voa,exact,2,300,none,1,0,1,0,0,278,0.35467625899280586,0.014028776978417267,0.9892086330935251,0.49640287769784175,0.07194244604316546,0.0,0.07194244604316546,0.0,0.3033425104968455
res60_anch_n4.0_stiff,1,always,can,2,300,none,1,0,1,0,0,278,0.3453237410071944,0.023381294964028777,0.9820143884892086,0.5035971223021583,31.02158273381295,0.0,0.5539568345323741,0.0,0.30333568986191656
res60_anch_n4.0_stiff,1,voa,can,2,300,none,1,0,1,0,0,278,0.3500000000000001,0.018705035971223024,0.9856115107913669,0.5,3.223021582733813,0.0,0.05755395683453238,0.0,0.30333731307704814
res60_anch_n4.0_stiff,2,always,exact,2,300,none,1,0,1,0,0,281,0.3569395017793593,0.0,1.0,0.49466192170818507,0.5338078291814946,0.0,0.5338078291814946,0.0,0.30334117878441325
res60_anch_n4.0_stiff,2,voa,exact,2,300,none,1,0,1,0,0,282,0.3822695035460991,0.013829787234042554,0.9893617021276596,0.475177304964539,0.09574468085106383,0.0,0.09574468085106383,0.0,0.3033439105809328
res60_anch_n4.0_stiff,2,always,can,2,300,none,1,0,1,0,0,281,0.35693950177935946,0.02775800711743772,0.9786476868327402,0.49466192170818507,32.68327402135231,0.0,0.5836298932384342,0.0,0.30333792109132907
res60_anch_n4.0_stiff,2,voa,can,2,300,none,1,0,1,0,0,281,0.3661921708185053,0.023131672597864767,0.9822064056939501,0.4875444839857651,4.384341637010676,0.0,0.07829181494661921,0.0,0.30333832641153946
res60_free_n0.5_std,0,always,exact,2,300,none,1,0,1,0,0,270,0.39185185185185173,0.0,1.0,0.44074074074074077,0.5740740740740741,0.0,0.5740740740740741,0.0,0.302952757662574
res60_free_n0.5_std,0,voa,exact,2,300,none,1,0,1,0,0,272,0.3867647058823528,0.01911764705882353,0.9852941176470589,0.44485294117647056,0.06985294117647059,0.0,0.06985294117647059,0.0,0.30295275751254513
res60_free_n0.5_std,0,always,can,2,300,none,1,0,1,0,0,270,0.37740740740740725,0.028888888888888888,0.9777777777777777,0.45185185185185184,32.56296296296296,0.0,0.5814814814814815,0.0,0.30294727881055167
res60_free_n0.5_std,0,voa,can,2,300,none,1,0,1,0,0,270,0.3725925925925925,0.024074074074074074,0.9814814814814815,0.45555555555555555,2.903703703703704,0.0,0.05185185185185185,0.0,0.3029456514662608
res60_free_n0.5_std,1,always,exact,2,300,none,1,0,1,0,0,269,0.39442379182156123,0.0,1.0,0.43866171003717475,0.5724907063197026,0.0,0.5724907063197026,0.0,0.30295276091760404
res60_free_n0.5_std,1,voa,exact,2,300,none,1,0,1,0,0,271,0.3892988929889297,0.014391143911439115,0.988929889298893,0.44280442804428044,0.07011070110701106,0.0,0.07011070110701106,0.0,0.302952743082626
res60_free_n0.5_std,1,always,can,2,300,none,1,0,1,0,0,269,0.37509293680297384,0.019330855018587362,0.9851301115241635,0.45353159851301117,32.059479553903344,0.0,0.5724907063197026,0.0,0.30294563703321875
res60_free_n0.5_std,1,voa,can,2,300,none,1,0,1,0,0,269,0.37509293680297384,0.019330855018587362,0.9851301115241635,0.45353159851301117,2.9144981412639406,0.0,0.05204460966542751,0.0,0.30294563703321875
res60_free_n0.5_std,2,always,exact,2,300,none,1,0,1,0,0,273,0.387179487179487,0.0,1.0,0.4432234432234432,0.5567765567765568,0.0,0.5567765567765568,0.0,0.3029527446120907
res60_free_n0.5_std,2,voa,exact,2,300,none,1,0,1,0,0,273,0.387179487179487,0.014285714285714287,0.989010989010989,0.4432234432234432,0.0695970695970696,0.0,0.0695970695970696,0.0,0.3029527440390331
res60_free_n0.5_std,2,always,can,2,300,none,1,0,1,0,0,273,0.368131868131868,0.03333333333333333,0.9743589743589743,0.45787545787545786,32.205128205128204,0.0,0.575091575091575,0.0,0.30294565146501995
res60_free_n0.5_std,2,voa,can,2,300,none,1,0,1,0,0,273,0.368131868131868,0.01904761904761905,0.9853479853479854,0.45787545787545786,2.6666666666666665,0.0,0.047619047619047616,0.0,0.30294563784859124
res60_free_n0.5_stiff,0,always,exact,2,300,none,1,0,1,0,0,272,0.3963235294117646,0.0,1.0,0.4375,0.5698529411764706,0.0,0.5698529411764706,0.0,0.30334178454428357
res60_free_n0.5_stiff,0,voa,exact,2,300,none,1,0,1,0,0,274,0.39124087591240864,0.01897810218978102,0.9854014598540146,0.4416058394160584,0.06934306569343066,0.0,0.06934306569343066,0.0,0.30334178439409143
res60_free_n0.5_stiff,0,always,can,2,300,none,1,0,1,0,0,272,0.3819852941176469,0.028676470588235293,0.9779411764705882,0.4485294117647059,32.3235294117647,0.0,0.5772058823529411,0.0,0.3033363056921126
res60_free_n0.5_stiff,0,voa,can,2,300,none,1,0,1,0,0,272,0.37720588235294106,0.02389705882352941,0.9816176470588235,0.4522058823529412,2.8823529411764706,0.0,0.051470588235294115,0.0,0.30333467834797107
res60_free_n0.5_stiff,1,always,exact,2,300,none,1,0,1,0,0,271,0.39889298892988917,0.0,1.0,0.4354243542435424,0.5682656826568265,0.0,0.5682656826568265,0.0,0.30334178779931414
res60_free_n0.5_stiff,1,voa,exact,2,300,none,1,0,1,0,0,273,0.3937728937728936,0.014285714285714287,0.989010989010989,0.43956043956043955,0.0695970695970696,0.0,0.0695970695970696,0.0,0.3033417699641646
res60_free_n0.5_stiff,1,always,can,2,300,none,1,0,1,0,0,271,0.37970479704797033,0.01918819188191882,0.985239852398524,0.45018450184501846,31.822878228782287,0.0,0.5682656826568265,0.0,0.3033346639149264
res60_free_n0.5_stiff,1,voa,can,2,300,none,1,0,1,0,0,271,0.37970479704797033,0.01918819188191882,0.985239852398524,0.45018450184501846,2.892988929889299,0.0,0.05166051660516605,0.0,0.3033346639149264
res60_free_n0.5_stiff,2,always,exact,2,300,none,1,0,1,0,0,275,0.3916363636363635,0.0,1.0,0.44,0.5527272727272727,0.0,0.5527272727272727,0.0,0.3033417714937971
res60_free_n0.5_stiff,2,voa,exact,2,300,none,1,0,1,0,0,275,0.3916363636363635,0.014181818181818183,0.9890909090909091,0.44,0.06909090909090909,0.0,0.06909090909090909,0.0,0.30334177092074077
res60_free_n0.5_stiff,2,always,can,2,300,none,1,0,1,0,0,275,0.3727272727272726,0.03309090909090909,0.9745454545454545,0.45454545454545453,31.970909090909092,0.0,0.5709090909090909,0.0,0.3033346783467312
res60_free_n0.5_stiff,2,voa,can,2,300,none,1,0,1,0,0,275,0.3727272727272726,0.01890909090909091,0.9854545454545455,0.45454545454545453,2.6472727272727274,0.0,0.04727272727272727,0.0,0.3033346647302983
res60_free_n4.0_std,0,always,exact,2,300,none,1,0,1,0,0,272,0.45367647058823524,0.0,1.0,0.39338235294117646,0.5845588235294118,0.0,0.5845588235294118,0.0,0.3029557917432607
res60_free_n4.0_std,0,voa,exact,2,300,none,1,0,1,0,0,272,0.42977941176470574,0.009558823529411765,0.9926470588235294,0.4117647058823529,0.09926470588235294,0.0,0.09926470588235294,0.0,0.30295376516697786
res60_free_n4.0_std,0,always,can,2,300,none,1,0,1,0,0,270,0.411111111111111,0.014444444444444446,0.9888888888888889,0.42592592592592593,31.94074074074074,0.0,0.5703703703703704,0.0,0.30294513771367043
res60_free_n4.0_std,0,voa,can,2,300,none,1,0,1,0,0,270,0.411111111111111,0.014444444444444446,0.9888888888888889,0.42592592592592593,4.355555555555555,0.0,0.07777777777777778,0.0,0.30294513771367043
res60_free_n4.0_std,1,always,exact,2,300,none,1,0,1,0,0,276,0.40978260869565203,0.0,1.0,0.427536231884058,0.5471014492753623,0.0,0.5471014492753623,0.0,0.30295185312917733
res60_free_n4.0_std,1,voa,exact,2,300,none,1,0,1,0,0,276,0.40507246376811584,0.014130434782608697,0.9891304347826086,0.4311594202898551,0.07246376811594203,0.0,0.07246376811594203,0.0,0.30295348542391154
res60_free_n4.0_std,1,always,can,2,300,none,1,0,1,0,0,276,0.39565217391304336,0.02355072463768116,0.9818840579710145,0.4384057971014493,31.246376811594203,0.0,0.5579710144927537,0.0,0.30294666478898136
res60_free_n4.0_std,1,voa,can,2,300,none,1,0,1,0,0,276,0.4003623188405796,0.01884057971014493,0.9855072463768116,0.43478260869565216,3.246376811594203,0.0,0.057971014492753624,0.0,0.30294828800411516
res60_free_n4.0_std,2,always,exact,2,300,none,1,0,1,0,0,279,0.4096774193548386,0.0,1.0,0.4265232974910394,0.5376344086021505,0.0,0.5376344086021505,0.0,0.3029521537114819
res60_free_n4.0_std,2,voa,exact,2,300,none,1,0,1,0,0,280,0.4349999999999999,0.013928571428571429,0.9892857142857143,0.40714285714285714,0.09642857142857143,0.0,0.09642857142857143,0.0,0.30295488550800015
res60_free_n4.0_std,2,always,can,2,300,none,1,0,1,0,0,279,0.40967741935483853,0.02795698924731183,0.978494623655914,0.4265232974910394,32.91756272401434,0.0,0.5878136200716846,0.0,0.30294889601839536
res60_free_n4.0_std,2,voa,can,2,300,none,1,0,1,0,0,279,0.4189964157706092,0.023297491039426525,0.982078853046595,0.41935483870967744,4.415770609318996,0.0,0.07885304659498207,0.0,0.3029493013386065
res60_free_n4.0_stiff,0,always,exact,2,300,none,1,0,1,0,0,274,0.45766423357664227,0.0,1.0,0.3905109489051095,0.5802919708029197,0.0,0.5802919708029197,0.0,0.30334481862485885
res60_free_n4.0_stiff,0,voa,exact,2,300,none,1,0,1,0,0,274,0.43394160583941593,0.00948905109489051,0.9927007299270073,0.40875912408759124,0.09854014598540146,0.0,0.09854014598540146,0.0,0.30334279204849784
res60_free_n4.0_stiff,0,always,can,2,300,none,1,0,1,0,0,272,0.41544117647058815,0.014338235294117648,0.9889705882352942,0.4227941176470588,31.705882352941178,0.0,0.5661764705882353,0.0,0.3033341645953791
res60_free_n4.0_stiff,0,voa,can,2,300,none,1,0,1,0,0,272,0.41544117647058815,0.014338235294117648,0.9889705882352942,0.4227941176470588,4.323529411764706,0.0,0.07720588235294118,0.0,0.3033341645953791
res60_free_n4.0_stiff,1,always,exact,2,300,none,1,0,1,0,0,278,0.41402877697841717,0.0,1.0,0.4244604316546763,0.5431654676258992,0.0,0.5431654676258992,0.0,0.3033408800108073
res60_free_n4.0_stiff,1,voa,exact,2,300,none,1,0,1,0,0,278,0.4093525179856114,0.014028776978417267,0.9892086330935251,0.42805755395683454,0.07194244604316546,0.0,0.07194244604316546,0.0,0.3033425123055401
res60_free_n4.0_stiff,1,always,can,2,300,none,1,0,1,0,0,278,0.39999999999999986,0.023381294964028777,0.9820143884892086,0.4352517985611511,31.02158273381295,0.0,0.5539568345323741,0.0,0.30333569167061103
res60_free_n4.0_stiff,1,voa,can,2,300,none,1,0,1,0,0,278,0.4046762589928056,0.018705035971223024,0.9856115107913669,0.4316546762589928,3.223021582733813,0.0,0.05755395683453238,0.0,0.30333731488574345
res60_free_n4.0_stiff,2,always,exact,2,300,none,1,0,1,0,0,281,0.41387900355871876,0.0,1.0,0.4234875444839858,0.5338078291814946,0.0,0.5338078291814946,0.0,0.3033411805931997
res60_free_n4.0_stiff,2,voa,exact,2,300,none,1,0,1,0,0,282,0.4390070921985815,0.013829787234042554,0.9893617021276596,0.40425531914893614,0.09574468085106383,0.0,0.09574468085106383,0.0,0.30334391238955605
res60_free_n4.0_stiff,2,always,can,2,300,none,1,0,1,0,0,281,0.4138790035587187,0.02775800711743772,0.9786476868327402,0.4234875444839858,32.68327402135231,0.0,0.5836298932384342,0.0,0.3033379229001045
res60_free_n4.0_stiff,2,voa,can,2,300,none,1,0,1,0,0,281,0.42313167259786466,0.023131672597864767,0.9822064056939501,0.41637010676156583,4.384341637010676,0.0,0.07829181494661921,0.0,0.30333832822031476
res85_anch_n0.5_std,0,always,exact,2,300,none,0,0,0,0,0,299,0.4000000000000001,0.0,1.0,0.46153846153846156,0.5183946488294314,0.0,0.5183946488294314,0.0,0.00033678756560609274
res85_anch_n0.5_std,0,voa,exact,2,300,none,0,0,0,0,0,299,0.3913043478260871,0.017391304347826087,0.9866220735785953,0.4682274247491639,0.06354515050167224,0.0,0.06354515050167224,0.0,0.0003319235304727892
res85_anch_n0.5_std,0,always,can,2,300,none,0,0,0,0,0,299,0.3869565217391306,0.02608695652173913,0.979933110367893,0.47157190635451507,29.40468227424749,0.0,0.5250836120401338,0.0,0.00033130871354424294
res85_anch_n0.5_std,0,voa,can,2,300,none,0,0,0,0,0,299,0.38260869565217404,0.021739130434782608,0.9832775919732442,0.47491638795986624,2.6220735785953178,0.0,0.046822742474916385,0.0,0.00032968136929741515
res85_anch_n0.5_std,1,always,exact,2,300,none,0,0,0,0,0,299,0.4043478260869566,0.0,1.0,0.45819397993311034,0.5150501672240803,0.0,0.5150501672240803,0.0,0.00033922276312871395
res85_anch_n0.5_std,1,voa,exact,2,300,none,0,0,0,0,0,299,0.39565217391304364,0.013043478260869566,0.9899665551839465,0.46488294314381273,0.06354515050167224,0.0,0.06354515050167224,0.0,0.00033434104316669774
res85_anch_n0.5_std,1,always,can,2,300,none,0,0,0,0,0,299,0.38695652173913053,0.017391304347826087,0.9866220735785953,0.47157190635451507,28.842809364548494,0.0,0.5150501672240803,0.0,0.0003320988787581571
res85_anch_n0.5_std,1,voa,can,2,300,none,0,0,0,0,0,299,0.38695652173913053,0.017391304347826087,0.9866220735785953,0.47157190635451507,2.6220735785953178,0.0,0.046822742474916385,0.0,0.0003320988787581571
res85_anch_n0.5_std,2,always,exact,2,300,none,0,0,0,0,0,299,0.3869565217391305,0.0,1.0,0.47157190635451507,0.5083612040133779,0.0,0.5083612040133779,0.0,0.0003294786874889924
res85_anch_n0.5_std,2,voa,exact,2,300,none,0,0,0,0,0,299,0.38695652173913053,0.013043478260869566,0.9899665551839465,0.47157190635451507,0.06354515050167224,0.0,0.06354515050167224,0.0,0.00032947811440840676
res85_anch_n0.5_std,2,always,can,2,300,none,0,0,0,0,0,299,0.3695652173913045,0.03043478260869565,0.9765886287625418,0.48494983277591974,29.40468227424749,0.0,0.5250836120401338,0.0,0.00032238554040698686
res85_anch_n0.5_std,2,voa,can,2,300,none,0,0,0,0,0,299,0.36956521739130443,0.017391304347826087,0.9866220735785953,0.48494983277591974,2.4347826086956523,0.0,0.043478260869565216,0.0,0.0003223719239586232
res85_anch_n0.5_stiff,0,always,exact,2,300,none,0,0,0,0,0,299,0.4000000000000001,0.0,1.0,0.46153846153846156,0.5183946488294314,0.0,0.5183946488294314,0.0,0.00033678756560609274
res85_anch_n0.5_stiff,0,voa,exact,2,300,none,0,0,0,0,0,299,0.3913043478260871,0.017391304347826087,0.9866220735785953,0.4682274247491639,0.06354515050167224,0.0,0.06354515050167224,0.0,0.0003319235304727892
res85_anch_n0.5_stiff,0,always,can,2,300,none,0,0,0,0,0,299,0.3869565217391306,0.02608695652173913,0.979933110367893,0.47157190635451507,29.40468227424749,0.0,0.5250836120401338,0.0,0.00033130871354424294
res85_anch_n0.5_stiff,0,voa,can,2,300,none,0,0,0,0,0,299,0.38260869565217404,0.021739130434782608,0.9832775919732442,0.47491638795986624,2.6220735785953178,0.0,0.046822742474916385,0.0,0.00032968136929741515
res85_anch_n0.5_stiff,1,always,exact,2,300,none,0,0,0,0,0,299,0.4043478260869566,0.0,1.0,0.45819397993311034,0.5150501672240803,0.0,0.5150501672240803,0.0,0.00033922276312871395
res85_anch_n0.5_stiff,1,voa,exact,2,300,none,0,0,0,0,0,299,0.39565217391304364,0.013043478260869566,0.9899665551839465,0.46488294314381273,0.06354515050167224,0.0,0.06354515050167224,0.0,0.00033434104316669774
res85_anch_n0.5_stiff,1,always,can,2,300,none,0,0,0,0,0,299,0.38695652173913053,0.017391304347826087,0.9866220735785953,0.47157190635451507,28.842809364548494,0.0,0.5150501672240803,0.0,0.0003320988787581571
res85_anch_n0.5_stiff,1,voa,can,2,300,none,0,0,0,0,0,299,0.38695652173913053,0.017391304347826087,0.9866220735785953,0.47157190635451507,2.6220735785953178,0.0,0.046822742474916385,0.0,0.0003320988787581571
res85_anch_n0.5_stiff,2,always,exact,2,300,none,0,0,0,0,0,299,0.3869565217391305,0.0,1.0,0.47157190635451507,0.5083612040133779,0.0,0.5083612040133779,0.0,0.0003294786874889924
res85_anch_n0.5_stiff,2,voa,exact,2,300,none,0,0,0,0,0,299,0.38695652173913053,0.013043478260869566,0.9899665551839465,0.47157190635451507,0.06354515050167224,0.0,0.06354515050167224,0.0,0.00032947811440840676
res85_anch_n0.5_stiff,2,always,can,2,300,none,0,0,0,0,0,299,0.3695652173913045,0.03043478260869565,0.9765886287625418,0.48494983277591974,29.40468227424749,0.0,0.5250836120401338,0.0,0.00032238554040698686
res85_anch_n0.5_stiff,2,voa,can,2,300,none,0,0,0,0,0,299,0.36956521739130443,0.017391304347826087,0.9866220735785953,0.48494983277591974,2.4347826086956523,0.0,0.043478260869565216,0.0,0.0003223719239586232
res85_anch_n4.0_std,0,always,exact,2,300,none,0,0,0,0,0,299,0.45217391304347804,0.0,1.0,0.4214046822742475,0.5317725752508361,0.0,0.5317725752508361,0.0,0.0003349877414525163
res85_anch_n4.0_std,0,voa,exact,2,300,none,0,0,0,0,0,299,0.43043478260869544,0.008695652173913044,0.9933110367892977,0.43812709030100333,0.0903010033444816,0.0,0.0903010033444816,0.0,0.00033293118489715386
res85_anch_n4.0_std,0,always,can,2,300,none,0,0,0,0,0,299,0.4173913043478259,0.013043478260869566,0.9899665551839465,0.44816053511705684,28.842809364548494,0.0,0.5150501672240803,0.0,0.00032916761666099126
res85_anch_n4.0_std,0,voa,can,2,300,none,0,0,0,0,0,299,0.4173913043478259,0.013043478260869566,0.9899665551839465,0.44816053511705684,3.9331103678929766,0.0,0.07023411371237458,0.0,0.00032916761666099126
res85_anch_n4.0_std,1,always,exact,2,300,none,0,0,0,0,0,299,0.4043478260869565,0.0,1.0,0.45819397993311034,0.5050167224080268,0.0,0.5050167224080268,0.0,0.0003212913768787493
res85_anch_n4.0_std,1,voa,exact,2,300,none,0,0,0,0,0,299,0.4000000000000001,0.013043478260869566,0.9899665551839465,0.46153846153846156,0.06688963210702341,0.0,0.06688963210702341,0.0,0.00032292367161762184
res85_anch_n4.0_std,1,always,can,2,300,none,0,0,0,0,0,299,0.39130434782608703,0.021739130434782608,0.9832775919732442,0.4682274247491639,28.842809364548494,0.0,0.5150501672240803,0.0,0.0003161030366367686
res85_anch_n4.0_std,1,voa,can,2,300,none,0,0,0,0,0,299,0.3956521739130436,0.017391304347826087,0.9866220735785953,0.46488294314381273,2.9966555183946486,0.0,0.05351170568561873,0.0,0.00031772625178258187
res85_anch_n4.0_std,2,always,exact,2,300,none,0,0,0,0,0,299,0.3956521739130433,0.0,1.0,0.46488294314381273,0.5016722408026756,0.0,0.5016722408026756,0.0,0.0003142961315521448
res85_anch_n4.0_std,2,voa,exact,2,300,none,0,0,0,0,0,299,0.41739130434782595,0.013043478260869566,0.9899665551839465,0.44816053511705684,0.0903010033444816,0.0,0.0903010033444816,0.0,0.000314595985553798
res85_anch_n4.0_std,2,always,can,2,300,none,0,0,0,0,0,299,0.3956521739130435,0.02608695652173913,0.979933110367893,0.46488294314381273,30.71571906354515,0.0,0.5484949832775919,0.0,0.0003110384384789698
res85_anch_n4.0_std,2,voa,can,2,300,none,0,0,0,0,0,299,0.4043478260869565,0.021739130434782608,0.9832775919732442,0.45819397993311034,4.120401337792642,0.0,0.07357859531772576,0.0,0.0003114437586555129
res85_anch_n4.0_stiff,0,always,exact,2,300,none,0,0,0,0,0,299,0.45217391304347804,0.0,1.0,0.4214046822742475,0.5317725752508361,0.0,0.5317725752508361,0.0,0.0003349877414525163
res85_anch_n4.0_stiff,0,voa,exact,2,300,none,0,0,0,0,0,299,0.43043478260869544,0.008695652173913044,0.9933110367892977,0.43812709030100333,0.0903010033444816,0.0,0.0903010033444816,0.0,0.00033293118489715386
res85_anch_n4.0_stiff,0,always,can,2,300,none,0,0,0,0,0,299,0.4173913043478259,0.013043478260869566,0.9899665551839465,0.44816053511705684,28.842809364548494,0.0,0.5150501672240803,0.0,0.00032916761666099126
res85_anch_n4.0_stiff,0,voa,can,2,300,none,0,0,0,0,0,299,0.4173913043478259,0.013043478260869566,0.9899665551839465,0.44816053511705684,3.9331103678929766,0.0,0.07023411371237458,0.0,0.00032916761666099126
res85_anch_n4.0_stiff,1,always,exact,2,300,none,0,0,0,0,0,299,0.4043478260869565,0.0,1.0,0.45819397993311034,0.5050167224080268,0.0,0.5050167224080268,0.0,0.0003212913768787493
res85_anch_n4.0_stiff,1,voa,exact,2,300,none,0,0,0,0,0,299,0.4000000000000001,0.013043478260869566,0.9899665551839465,0.46153846153846156,0.06688963210702341,0.0,0.06688963210702341,0.0,0.00032292367161762184
res85_anch_n4.0_stiff,1,always,can,2,300,none,0,0,0,0,0,299,0.39130434782608703,0.021739130434782608,0.9832775919732442,0.4682274247491639,28.842809364548494,0.0,0.5150501672240803,0.0,0.0003161030366367686
res85_anch_n4.0_stiff,1,voa,can,2,300,none,0,0,0,0,0,299,0.3956521739130436,0.017391304347826087,0.9866220735785953,0.46488294314381273,2.9966555183946486,0.0,0.05351170568561873,0.0,0.00031772625178258187
res85_anch_n4.0_stiff,2,always,exact,2,300,none,0,0,0,0,0,299,0.3956521739130433,0.0,1.0,0.46488294314381273,0.5016722408026756,0.0,0.5016722408026756,0.0,0.0003142961315521448
res85_anch_n4.0_stiff,2,voa,exact,2,300,none,0,0,0,0,0,299,0.41739130434782595,0.013043478260869566,0.9899665551839465,0.44816053511705684,0.0903010033444816,0.0,0.0903010033444816,0.0,0.000314595985553798
res85_anch_n4.0_stiff,2,always,can,2,300,none,0,0,0,0,0,299,0.3956521739130435,0.02608695652173913,0.979933110367893,0.46488294314381273,30.71571906354515,0.0,0.5484949832775919,0.0,0.0003110384384789698
res85_anch_n4.0_stiff,2,voa,can,2,300,none,0,0,0,0,0,299,0.4043478260869565,0.021739130434782608,0.9832775919732442,0.45819397993311034,4.120401337792642,0.0,0.07357859531772576,0.0,0.0003114437586555129
res85_free_n0.5_std,0,always,exact,2,300,none,0,0,0,0,0,299,0.45083612040133764,0.0,1.0,0.3979933110367893,0.5183946488294314,0.0,0.5183946488294314,0.0,0.00033678756560164973
res85_free_n0.5_std,0,voa,exact,2,300,none,0,0,0,0,0,299,0.44214046822742464,0.017391304347826087,0.9866220735785953,0.40468227424749165,0.06354515050167224,0.0,0.06354515050167224,0.0,0.0003319235304760362
res85_free_n0.5_std,0,always,can,2,300,none,0,0,0,0,0,299,0.43779264214046815,0.02608695652173913,0.979933110367893,0.4080267558528428,29.40468227424749,0.0,0.5250836120401338,0.0,0.0003313087135618358
res85_free_n0.5_std,0,voa,can,2,300,none,0,0,0,0,0,299,0.4334448160535116,0.021739130434782608,0.9832775919732442,0.411371237458194,2.6220735785953178,0.0,0.046822742474916385,0.0,0.000329681369319468
res85_free_n0.5_std,1,always,exact,2,300,none,0,0,0,0,0,299,0.4551839464882942,0.0,1.0,0.39464882943143814,0.5150501672240803,0.0,0.5150501672240803,0.0,0.00033922276312080556
res85_free_n0.5_std,1,voa,exact,2,300,none,0,0,0,0,0,299,0.4464882943143811,0.013043478260869566,0.9899665551839465,0.4013377926421405,0.06354515050167224,0.0,0.06354515050167224,0.0,0.0003343410431371837
res85_free_n0.5_std,1,always,can,2,300,none,0,0,0,0,0,299,0.43779264214046815,0.017391304347826087,0.9866220735785953,0.4080267558528428,28.842809364548494,0.0,0.5150501672240803,0.0,0.0003320988788065386
res85_free_n0.5_std,1,voa,can,2,300,none,0,0,0,0,0,299,0.43779264214046815,0.017391304347826087,0.9866220735785953,0.4080267558528428,2.6220735785953178,0.0,0.046822742474916385,0.0,0.0003320988788065386
res85_free_n0.5_std,2,always,exact,2,300,none,0,0,0,0,0,299,0.440468227424749,0.0,1.0,0.40468227424749165,0.5083612040133779,0.0,0.5083612040133779,0.0,0.0003294786874567809
res85_free_n0.5_std,2,voa,exact,2,300,none,0,0,0,0,0,299,0.440468227424749,0.013043478260869566,0.9899665551839465,0.40468227424749165,0.06354515050167224,0.0,0.06354515050167224,0.0,0.0003294781144105225
res85_free_n0.5_std,2,always,can,2,300,none,0,0,0,0,0,299,0.42307692307692296,0.03043478260869565,0.9765886287625418,0.4180602006688963,29.40468227424749,0.0,0.5250836120401338,0.0,0.00032238554041489785
res85_free_n0.5_std,2,voa,can,2,300,none,0,0,0,0,0,299,0.42307692307692296,0.017391304347826087,0.9866220735785953,0.4180602006688963,2.4347826086956523,0.0,0.043478260869565216,0.0,0.00032237192398602436
res85_free_n0.5_stiff,0,always,exact,2,300,none,0,0,0,0,0,299,0.45083612040133764,0.0,1.0,0.3979933110367893,0.5183946488294314,0.0,0.5183946488294314,0.0,0.00033678756560164973
res85_free_n0.5_stiff,0,voa,exact,2,300,none,0,0,0,0,0,299,0.44214046822742464,0.017391304347826087,0.9866220735785953,0.40468227424749165,0.06354515050167224,0.0,0.06354515050167224,0.0,0.0003319235304760362
res85_free_n0.5_stiff,0,always,can,2,300,none,0,0,0,0,0,299,0.43779264214046815,0.02608695652173913,0.979933110367893,0.4080267558528428,29.40468227424749,0.0,0.5250836120401338,0.0,0.0003313087135618358
res85_free_n0.5_stiff,0,voa,can,2,300,none,0,0,0,0,0,299,0.4334448160535116,0.021739130434782608,0.9832775919732442,0.411371237458194,2.6220735785953178,0.0,0.046822742474916385,0.0,0.000329681369319468
res85_free_n0.5_stiff,1,always,exact,2,300,none,0,0,0,0,0,299,0.4551839464882942,0.0,1.0,0.39464882943143814,0.5150501672240803,0.0,0.5150501672240803,0.0,0.00033922276312080556
res85_free_n0.5_stiff,1,voa,exact,2,300,none,0,0,0,0,0,299,0.4464882943143811,0.013043478260869566,0.9899665551839465,0.4013377926421405,0.06354515050167224,0.0,0.06354515050167224,0.0,0.0003343410431371837
res85_free_n0.5_stiff,1,always,can,2,300,none,0,0,0,0,0,299,0.43779264214046815,0.017391304347826087,0.9866220735785953,0.4080267558528428,28.842809364548494,0.0,0.5150501672240803,0.0,0.0003320988788065386
res85_free_n0.5_stiff,1,voa,can,2,300,none,0,0,0,0,0,299,0.43779264214046815,0.017391304347826087,0.9866220735785953,0.4080267558528428,2.6220735785953178,0.0,0.046822742474916385,0.0,0.0003320988788065386
res85_free_n0.5_stiff,2,always,exact,2,300,none,0,0,0,0,0,299,0.440468227424749,0.0,1.0,0.40468227424749165,0.5083612040133779,0.0,0.5083612040133779,0.0,0.0003294786874567809
res85_free_n0.5_stiff,2,voa,exact,2,300,none,0,0,0,0,0,299,0.440468227424749,0.013043478260869566,0.9899665551839465,0.40468227424749165,0.06354515050167224,0.0,0.06354515050167224,0.0,0.0003294781144105225
res85_free_n0.5_stiff,2,always,can,2,300,none,0,0,0,0,0,299,0.42307692307692296,0.03043478260869565,0.9765886287625418,0.4180602006688963,29.40468227424749,0.0,0.5250836120401338,0.0,0.00032238554041489785
res85_free_n0.5_stiff,2,voa,can,2,300,none,0,0,0,0,0,299,0.42307692307692296,0.017391304347826087,0.9866220735785953,0.4180602006688963,2.4347826086956523,0.0,0.043478260869565216,0.0,0.00032237192398602436
res85_free_n4.0_std,0,always,exact,2,300,none,0,0,0,0,0,299,0.503010033444816,0.0,1.0,0.35785953177257523,0.5317725752508361,0.0,0.5317725752508361,0.0,0.000334957761174076
res85_free_n4.0_std,0,voa,exact,2,300,none,0,0,0,0,0,299,0.4812709030100334,0.008695652173913044,0.9933110367892977,0.3745819397993311,0.0903010033444816,0.0,0.0903010033444816,0.0,0.0003329311849072152
res85_free_n4.0_std,0,always,can,2,300,none,0,0,0,0,0,299,0.4682274247491638,0.013043478260869566,0.9899665551839465,0.38461538461538464,28.842809364548494,0.0,0.5150501672240803,0.0,0.0003291676167005533
res85_free_n4.0_std,0,voa,can,2,300,none,0,0,0,0,0,299,0.4682274247491638,0.013043478260869566,0.9899665551839465,0.38461538461538464,3.9331103678929766,0.0,0.07023411371237458,0.0,0.0003291676167005533
res85_free_n4.0_std,1,always,exact,2,300,none,0,0,0,0,0,299,0.4551839464882942,0.0,1.0,0.39464882943143814,0.5050167224080268,0.0,0.5050167224080268,0.0,0.00032129137689677775
res85_free_n4.0_std,1,voa,exact,2,300,none,0,0,0,0,0,299,0.45083612040133764,0.013043478260869566,0.9899665551839465,0.3979933110367893,0.06688963210702341,0.0,0.06688963210702341,0.0,0.0003229236716213684
res85_free_n4.0_std,1,always,can,2,300,none,0,0,0,0,0,299,0.44214046822742464,0.021739130434782608,0.9832775919732442,0.40468227424749165,28.842809364548494,0.0,0.5150501672240803,0.0,0.00031610303669952805
res85_free_n4.0_std,1,voa,can,2,300,none,0,0,0,0,0,299,0.4464882943143812,0.017391304347826087,0.9866220735785953,0.4013377926421405,2.9966555183946486,0.0,0.05351170568561873,0.0,0.00031772625182174835
res85_free_n4.0_std,2,always,exact,2,300,none,0,0,0,0,0,299,0.44916387959866205,0.0,1.0,0.3979933110367893,0.5016722408026756,0.0,0.5016722408026756,0.0,0.00031429613156771846
res85_free_n4.0_std,2,voa,exact,2,300,none,0,0,0,0,0,299,0.47090301003344465,0.013043478260869566,0.9899665551839465,0.38127090301003347,0.0903010033444816,0.0,0.0903010033444816,0.0,0.00031459598555381974
res85_free_n4.0_std,2,always,can,2,300,none,0,0,0,0,0,299,0.44916387959866205,0.02608695652173913,0.979933110367893,0.3979933110367893,30.71571906354515,0.0,0.5484949832775919,0.0,0.000311038438456728
res85_free_n4.0_std,2,voa,can,2,300,none,0,0,0,0,0,299,0.45785953177257516,0.021739130434782608,0.9832775919732442,0.391304347826087,4.120401337792642,0.0,0.07357859531772576,0.0,0.00031144375866032587
res85_free_n4.0_stiff,0,always,exact,2,300,none,0,0,0,0,0,299,0.503010033444816,0.0,1.0,0.35785953177257523,0.5317725752508361,0.0,0.5317725752508361,0.0,0.000334957761174076
res85_free_n4.0_stiff,0,voa,exact,2,300,none,0,0,0,0,0,299,0.4812709030100334,0.008695652173913044,0.9933110367892977,0.3745819397993311,0.0903010033444816,0.0,0.0903010033444816,0.0,0.0003329311849072152
res85_free_n4.0_stiff,0,always,can,2,300,none,0,0,0,0,0,299,0.4682274247491638,0.013043478260869566,0.9899665551839465,0.38461538461538464,28.842809364548494,0.0,0.5150501672240803,0.0,0.0003291676167005533
res85_free_n4.0_stiff,0,voa,can,2,300,none,0,0,0,0,0,299,0.4682274247491638,0.013043478260869566,0.9899665551839465,0.38461538461538464,3.9331103678929766,0.0,0.07023411371237458,0.0,0.0003291676167005533
res85_free_n4.0_stiff,1,always,exact,2,300,none,0,0,0,0,0,299,0.4551839464882942,0.0,1.0,0.39464882943143814,0.5050167224080268,0.0,0.5050167224080268,0.0,0.00032129137689677775
res85_free_n4.0_stiff,1,voa,exact,2,300,none,0,0,0,0,0,299,0.45083612040133764,0.013043478260869566,0.9899665551839465,0.3979933110367893,0.06688963210702341,0.0,0.06688963210702341,0.0,0.0003229236716213684
res85_free_n4.0_stiff,1,always,can,2,300,none,0,0,0,0,0,299,0.44214046822742464,0.021739130434782608,0.9832775919732442,0.40468227424749165,28.842809364548494,0.0,0.5150501672240803,0.0,0.00031610303669952805
res85_free_n4.0_stiff,1,voa,can,2,300,none,0,0,0,0,0,299,0.4464882943143812,0.017391304347826087,0.9866220735785953,0.4013377926421405,2.9966555183946486,0.0,0.05351170568561873,0.0,0.00031772625182174835
res85_free_n4.0_stiff,2,always,exact,2,300,none,0,0,0,0,0,299,0.44916387959866205,0.0,1.0,0.3979933110367893,0.5016722408026756,0.0,0.5016722408026756,0.0,0.00031429613156771846
res85_free_n4.0_stiff,2,voa,exact,2,300,none,0,0,0,0,0,299,0.47090301003344465,0.013043478260869566,0.9899665551839465,0.38127090301003347,0.0903010033444816,0.0,0.0903010033444816,0.0,0.00031459598555381974
res85_free_n4.0_stiff,2,always,can,2,300,none,0,0,0,0,0,299,0.44916387959866205,0.02608695652173913,0.979933110367893,0.3979933110367893,30.71571906354515,0.0,0.5484949832775919,0.0,0.000311038438456728
res85_free_n4.0_stiff,2,voa,can,2,300,none,0,0,0,0,0,299,0.45785953177257516,0.021739130434782608,0.9832775919732442,0.391304347826087,4.120401337792642,0.0,0.07357859531772576,0.0,0.00031144375866032587
res35_anch_n0.5_std,0,always,exact,3,300,none,1,0,1,0,0,123,0.7991869918699187,0.0,1.0,0.15447154471544716,2.0,1.0,1.0,0.0,0.30158503696575795
res35_anch_n0.5_std,0,voa,exact,3,300,none,1,0,1,0,0,123,0.7991869918699187,0.0,1.0,0.15447154471544716,1.8048780487804879,0.991869918699187,0.8130081300813008,0.0,0.30158503696575795
res35_anch_n0.5_std,0,always,can,3,300,none,1,0,1,0,0,199,0.3793969849246229,0.47688442211055215,0.6180904522613065,0.47738693467336685,120.0,1.0,1.0,0.0,0.3015850381507684
res35_anch_n0.5_std,0,voa,can,3,300,none,1,0,1,0,0,211,0.4085308056872036,0.474407582938388,0.6350710900473934,0.4549763033175355,31.0521327014218,0.5071090047393365,0.04739336492890995,0.0,0.3015917588790102
res35_anch_n0.5_std,1,always,exact,3,300,none,1,0,1,0,0,123,0.7991869918699187,0.0,1.0,0.15447154471544716,2.0,1.0,1.0,0.0,0.3015850178923917
res35_anch_n0.5_std,1,voa,exact,3,300,none,1,0,1,0,0,123,0.7991869918699187,0.0,1.0,0.15447154471544716,1.7886178861788617,0.975609756097561,0.8130081300813008,0.0,0.3015850178923917
res35_anch_n0.5_std,1,always,can,3,300,none,1,0,1,0,0,201,0.37263681592039777,0.4721393034825865,0.6119402985074627,0.48258706467661694,120.0,1.0,1.0,0.0,0.3015850354994125
res35_anch_n0.5_std,1,voa,can,3,300,none,1,0,1,0,0,217,0.38894009216589837,0.49723502304147393,0.6175115207373272,0.4700460829493088,28.64516129032258,0.4700460829493088,0.041474654377880185,0.0,0.30159176968278173
res35_anch_n0.5_std,2,always,exact,3,300,none,1,0,1,0,0,124,0.7903225806451613,0.0,1.0,0.16129032258064516,2.0,1.0,1.0,0.0,0.30158503726629327
res35_anch_n0.5_std,2,voa,exact,3,300,none,1,0,1,0,0,124,0.7903225806451613,0.0,1.0,0.16129032258064516,1.782258064516129,0.9758064516129032,0.8064516129032258,0.0,0.30158503726629327
res35_anch_n0.5_std,2,always,can,3,300,none,1,0,1,0,0,214,0.4168224299065419,0.4495327102803732,0.6448598130841121,0.4485981308411215,89.49532710280374,1.0,0.5233644859813084,0.0,0.30330498558036945
res35_anch_n0.5_std,2,voa,can,3,300,none,1,0,1,0,0,217,0.38894009216589837,0.49124423963133573,0.6221198156682027,0.4700460829493088,28.64516129032258,0.46543778801843316,0.04608294930875576,0.0,0.30159176024000495
res35_anch_n0.5_stiff,0,always,exact,3,300,none,1,0,1,0,0,106,0.7669811320754717,-0.012264150943396227,1.0,0.1792452830188679,2.0,1.0,1.0,0.0,0.30307765713653767
res35_anch_n0.5_stiff,0,voa,exact,3,300,none,1,0,1,0,0,106,0.7669811320754717,-0.012264150943396227,1.0,0.1792452830188679,1.7735849056603774,0.9905660377358491,0.7830188679245284,0.0,0.30307765713653767
res35_anch_n0.5_stiff,0,always,can,3,300,none,1,0,1,0,0,199,0.3597989949748741,0.5160804020100496,0.6030150753768844,0.49246231155778897,91.69849246231156,1.0,0.5577889447236181,0.0,0.3003023017756883
res35_anch_n0.5_stiff,0,voa,can,3,300,none,1,0,1,0,0,194,0.35670103092783484,0.5159793814432982,0.6030927835051546,0.4948453608247423,31.175257731958762,0.5051546391752577,0.05154639175257732,0.0,0.30308437779912256
res35_anch_n0.5_stiff,1,always,exact,3,300,none,1,0,1,0,0,106,0.7669811320754717,0.0,1.0,0.1792452830188679,2.0,1.0,1.0,0.0,0.3030776380113798
res35_anch_n0.5_stiff,1,voa,exact,3,300,none,1,0,1,0,0,106,0.7669811320754717,0.0,1.0,0.1792452830188679,1.7547169811320755,0.9716981132075472,0.7830188679245284,0.0,0.3030776380113798
res35_anch_n0.5_stiff,1,always,can,3,300,none,1,0,1,0,0,201,0.3597014925373132,0.5174129353233824,0.6019900497512438,0.4925373134328358,92.61691542288557,1.0,0.572139303482587,0.0,0.30093343147381124
res35_anch_n0.5_stiff,1,voa,can,3,300,none,1,0,1,0,0,200,0.33699999999999974,0.5394999999999992,0.585,0.51,29.96,0.49,0.045,0.0,0.3030843886031507
res35_anch_n0.5_stiff,2,always,exact,3,300,none,1,0,1,0,0,107,0.7570093457943925,-0.012149532710280374,1.0,0.18691588785046728,2.0,1.0,1.0,0.0,0.30307765716386886
res35_anch_n0.5_stiff,2,voa,exact,3,300,none,1,0,1,0,0,107,0.7570093457943925,-0.012149532710280374,1.0,0.18691588785046728,1.7476635514018692,0.9719626168224299,0.7757009345794392,0.0,0.30307765716386886
res35_anch_n0.5_stiff,2,always,can,3,300,none,1,0,1,0,0,198,0.36969696969696947,0.4989898989898983,0.6161616161616161,0.48484848484848486,92.20202020202021,1.0,0.5656565656565656,0.0,0.3009334117270488
res35_anch_n0.5_stiff,2,voa,can,3,300,none,1,0,1,0,0,200,0.33699999999999974,0.5329999999999993,0.59,0.51,30.24,0.49,0.05,0.0,0.3030843791605422
res35_anch_n4.0_std,0,always,exact,3,300,none,1,0,1,0,0,123,0.7991869918699187,-0.10569105691056913,1.0,0.15447154471544716,2.0,1.0,1.0,0.0,0.30158503696575795
res35_anch_n4.0_std,0,voa,exact,3,300,none,1,0,1,0,0,138,0.8115942028985508,-0.08478260869565218,0.9927536231884058,0.14492753623188406,1.7463768115942029,0.9492753623188406,0.7971014492753623,0.0,0.3033050275258956
res35_anch_n4.0_std,0,always,can,3,300,none,1,0,1,0,0,226,0.4592920353982299,0.4314159292035393,0.668141592920354,0.415929203539823,89.13274336283186,1.0,0.5176991150442478,0.0,0.3005464971553206
res35_anch_n4.0_std,0,voa,can,3,300,none,1,0,1,0,0,228,0.4526315789473683,0.43903508771929767,0.6622807017543859,0.42105263157894735,28.982456140350877,0.4473684210526316,0.07017543859649122,0.0,0.301594359929002
res35_anch_n4.0_std,1,always,exact,3,300,none,1,0,1,0,0,123,0.7991869918699187,-0.052845528455284556,1.0,0.15447154471544716,2.0,1.0,1.0,0.0,0.3015850178923917
res35_anch_n4.0_std,1,voa,exact,3,300,none,1,0,1,0,0,138,0.8115942028985508,-0.07536231884057971,0.9927536231884058,0.14492753623188406,1.7391304347826086,0.9420289855072463,0.7971014492753623,0.0,0.30329097637954006
res35_anch_n4.0_std,1,always,can,3,300,none,1,0,1,0,0,225,0.42222222222222205,0.46799999999999936,0.64,0.4444444444444444,90.41777777777777,1.0,0.5377777777777778,0.0,0.30054492192763677
res35_anch_n4.0_std,1,voa,can,3,300,none,1,0,1,0,0,227,0.4330396475770923,0.4581497797356822,0.6475770925110133,0.43612334801762115,29.356828193832598,0.4581497797356828,0.06607929515418502,0.0,0.302744380966989
res35_anch_n4.0_std,2,always,exact,3,300,none,1,0,1,0,0,124,0.7903225806451613,-0.09435483870967742,1.0,0.16129032258064516,2.0,1.0,1.0,0.0,0.30158503726629327
res35_anch_n4.0_std,2,voa,exact,3,300,none,1,0,1,0,0,139,0.8035971223021583,-0.11223021582733815,0.9928057553956835,0.1510791366906475,1.7410071942446044,0.9424460431654677,0.7985611510791367,0.0,0.3032924871341094
res35_anch_n4.0_std,2,always,can,3,300,none,1,0,1,0,0,223,0.4520179372197307,0.4255605381165914,0.6681614349775785,0.42152466367713004,88.14349775784753,1.0,0.5022421524663677,0.0,0.30054533376586584
res35_anch_n4.0_std,2,voa,can,3,300,none,1,0,1,0,0,225,0.43955555555555537,0.4448888888888883,0.6577777777777778,0.4311111111111111,30.613333333333333,0.4888888888888889,0.057777777777777775,0.0,0.30159165662764315
res35_anch_n4.0_stiff,0,always,exact,3,300,none,1,0,1,0,0,106,0.7669811320754717,-0.11037735849056604,1.0,0.1792452830188679,2.0,1.0,1.0,0.0,0.30307765713653767
res35_anch_n4.0_stiff,0,voa,exact,3,300,none,1,0,1,0,0,138,0.8115942028985508,-0.12246376811594205,0.9927536231884058,0.14492753623188406,1.7463768115942029,0.9492753623188406,0.7971014492753623,0.0,0.30154044183102446
res35_anch_n4.0_stiff,0,always,can,3,300,none,1,0,1,0,0,210,0.41809523809523785,0.4642857142857137,0.6428571428571429,0.44761904761904764,91.65714285714286,1.0,0.5571428571428572,0.0,0.30030536747901193
res35_anch_n4.0_stiff,0,voa,can,3,300,none,1,0,1,0,0,211,0.4085308056872036,0.474407582938388,0.6350710900473934,0.4549763033175355,33.175355450236964,0.5165876777251185,0.07582938388625593,0.0,0.30308697884904456
res35_anch_n4.0_stiff,1,always,exact,3,300,none,1,0,1,0,0,106,0.7669811320754717,-0.04905660377358491,1.0,0.1792452830188679,2.0,1.0,1.0,0.0,0.3030776380113798
res35_anch_n4.0_stiff,1,voa,exact,3,300,none,1,0,1,0,0,140,0.805,-0.08357142857142857,0.9857142857142858,0.15,1.7285714285714286,0.9357142857142857,0.7928571428571428,0.0,0.30275669948159567
res35_anch_n4.0_stiff,1,always,can,3,300,none,1,0,1,0,0,210,0.3809523809523807,0.5014285714285708,0.6142857142857143,0.47619047619047616,92.26666666666667,1.0,0.5666666666666667,0.0,0.3030887377148655
res35_anch_n4.0_stiff,1,voa,can,3,300,none,1,0,1,0,0,210,0.3871428571428569,0.4952380952380946,0.6190476190476191,0.4714285714285714,33.06666666666667,0.5190476190476191,0.07142857142857142,0.0,0.30308885103527183
res35_anch_n4.0_stiff,2,always,exact,3,300,none,1,0,1,0,0,107,0.7570093457943925,-0.06074766355140187,1.0,0.18691588785046728,2.0,1.0,1.0,0.0,0.30307765716386886
res35_anch_n4.0_stiff,2,voa,exact,3,300,none,1,0,1,0,0,107,0.7570093457943925,-0.06074766355140187,1.0,0.18691588785046728,1.7102803738317758,0.9345794392523364,0.7757009345794392,0.0,0.30307765716386886
res35_anch_n4.0_stiff,2,always,can,3,300,none,1,0,1,0,0,207,0.40966183574879206,0.4647342995169076,0.642512077294686,0.45410628019323673,90.6280193236715,1.0,0.5410628019323671,0.0,0.30030422167275955
res35_anch_n4.0_stiff,2,voa,can,3,300,none,1,0,1,0,0,208,0.3937499999999998,0.48124999999999934,0.6298076923076923,0.46634615384615385,32.57692307692308,0.5192307692307693,0.0625,0.0,0.3030842755480534
res35_free_n0.5_std,0,always,exact,3,300,none,1,0,1,0,0,123,0.9227642276422764,0.0,1.0,0.0,2.0,1.0,1.0,0.0,0.30158503696694505
res35_free_n0.5_std,0,voa,exact,3,300,none,1,0,1,0,0,123,0.9227642276422764,0.0,1.0,0.0,1.8048780487804879,0.991869918699187,0.8130081300813008,0.0,0.30158503696694505
res35_free_n0.5_std,0,always,can,3,300,none,1,0,1,0,0,199,0.45577889447236175,0.47688442211055215,0.6180904522613065,0.38190954773869346,120.0,1.0,1.0,0.0,0.30158503815076826
res35_free_n0.5_std,0,voa,can,3,300,none,1,0,1,0,0,211,0.4805687203791469,0.474407582938388,0.6350710900473934,0.36492890995260663,31.0521327014218,0.5071090047393365,0.04739336492890995,0.0,0.30159175887901146
res35_free_n0.5_std,1,always,exact,3,300,none,1,0,1,0,0,123,0.9227642276422764,0.0,1.0,0.0,2.0,1.0,1.0,0.0,0.30158503154745775
res35_free_n0.5_std,1,voa,exact,3,300,none,1,0,1,0,0,123,0.9227642276422764,0.0,1.0,0.0,1.7886178861788617,0.975609756097561,0.8130081300813008,0.0,0.30158503154745775
res35_free_n0.5_std,1,always,can,3,300,none,1,0,1,0,0,201,0.44825870646766164,0.4721393034825865,0.6119402985074627,0.3880597014925373,120.0,1.0,1.0,0.0,0.30158503549941257
res35_free_n0.5_std,1,voa,can,3,300,none,1,0,1,0,0,217,0.45898617511520734,0.49723502304147393,0.6175115207373272,0.3824884792626728,28.64516129032258,0.4700460829493088,0.041474654377880185,0.0,0.30159176968278095
res35_free_n0.5_std,2,always,exact,3,300,none,1,0,1,0,0,124,0.9193548387096774,0.0,1.0,0.0,2.0,1.0,1.0,0.0,0.3015850372673458
res35_free_n0.5_std,2,voa,exact,3,300,none,1,0,1,0,0,124,0.9193548387096774,0.0,1.0,0.0,1.782258064516129,0.9758064516129032,0.8064516129032258,0.0,0.3015850372673458
res35_free_n0.5_std,2,always,can,3,300,none,1,0,1,0,0,214,0.4915887850467289,0.4495327102803732,0.6448598130841121,0.35514018691588783,89.49532710280374,1.0,0.5233644859813084,0.0,0.3033043540315284
res35_free_n0.5_std,2,voa,can,3,300,none,1,0,1,0,0,217,0.4626728110599078,0.49124423963133573,0.6221198156682027,0.3778801843317972,28.64516129032258,0.46543778801843316,0.04608294930875576,0.0,0.30159176024000484
res35_free_n0.5_stiff,0,always,exact,3,300,none,1,0,1,0,0,106,0.910377358490566,-0.012264150943396227,1.0,0.0,2.0,1.0,1.0,0.0,0.3030776571366807
res35_free_n0.5_stiff,0,voa,exact,3,300,none,1,0,1,0,0,106,0.910377358490566,-0.012264150943396227,1.0,0.0,1.7735849056603774,0.9905660377358491,0.7830188679245284,0.0,0.3030776571366807
res35_free_n0.5_stiff,0,always,can,3,300,none,1,0,1,0,0,199,0.436180904522613,0.5160804020100496,0.6030150753768844,0.3969849246231156,91.69849246231156,1.0,0.5577889447236181,0.0,0.30030191770952386
res35_free_n0.5_stiff,0,voa,can,3,300,none,1,0,1,0,0,194,0.43505154639175253,0.5159793814432982,0.6030927835051546,0.39690721649484534,31.175257731958762,0.5051546391752577,0.05154639175257732,0.0,0.30308437779912273
res35_free_n0.5_stiff,1,always,exact,3,300,none,1,0,1,0,0,106,0.910377358490566,0.0,1.0,0.0,2.0,1.0,1.0,0.0,0.30307765166173023
res35_free_n0.5_stiff,1,voa,exact,3,300,none,1,0,1,0,0,106,0.910377358490566,0.0,1.0,0.0,1.7547169811320755,0.9716981132075472,0.7830188679245284,0.0,0.30307765166173023
res35_free_n0.5_stiff,1,always,can,3,300,none,1,0,1,0,0,201,0.43532338308457713,0.5174129353233824,0.6019900497512438,0.39800995024875624,92.61691542288557,1.0,0.572139303482587,0.0,0.3009329837048446
res35_free_n0.5_stiff,1,voa,can,3,300,none,1,0,1,0,0,200,0.413,0.5394999999999992,0.585,0.415,29.96,0.49,0.045,0.0,0.30308438860315184
res35_free_n0.5_stiff,2,always,exact,3,300,none,1,0,1,0,0,107,0.9065420560747663,-0.012149532710280374,1.0,0.0,2.0,1.0,1.0,0.0,0.30307765716399393
res35_free_n0.5_stiff,2,voa,exact,3,300,none,1,0,1,0,0,107,0.9065420560747663,-0.012149532710280374,1.0,0.0,1.7476635514018692,0.9719626168224299,0.7757009345794392,0.0,0.30307765716399393
res35_free_n0.5_stiff,2,always,can,3,300,none,1,0,1,0,0,198,0.45050505050505046,0.4989898989898983,0.6161616161616161,0.3838383838383838,92.20202020202021,1.0,0.5656565656565656,0.0,0.3009329639563993
res35_free_n0.5_stiff,2,voa,can,3,300,none,1,0,1,0,0,200,0.417,0.5329999999999993,0.59,0.41,30.24,0.49,0.05,0.0,0.3030843791605437
res35_free_n4.0_std,0,always,exact,3,300,none,1,0,1,0,0,123,0.9227642276422764,-0.10569105691056913,1.0,0.0,2.0,1.0,1.0,0.0,0.30158503696694505
res35_free_n4.0_std,0,voa,exact,3,300,none,1,0,1,0,0,138,0.9217391304347826,-0.08478260869565218,0.9927536231884058,0.007246376811594203,1.7463768115942029,0.9492753623188406,0.7971014492753623,0.0,0.303304384499155
res35_free_n4.0_std,0,always,can,3,300,none,1,0,1,0,0,226,0.5265486725663717,0.4314159292035393,0.668141592920354,0.33185840707964603,89.13274336283186,1.0,0.5176991150442478,0.0,0.3005460242416233
res35_free_n4.0_std,0,voa,can,3,300,none,1,0,1,0,0,228,0.5192982456140351,0.43903508771929767,0.6622807017543859,0.33771929824561403,28.982456140350877,0.4473684210526316,0.07017543859649122,0.0,0.3015943599290032
res35_free_n4.0_std,1,always,exact,3,300,none,1,0,1,0,0,123,0.9227642276422764,-0.052845528455284556,1.0,0.0,2.0,1.0,1.0,0.0,0.30158503154745775
res35_free_n4.0_std,1,voa,exact,3,300,none,1,0,1,0,0,138,0.9217391304347826,-0.07536231884057971,0.9927536231884058,0.007246376811594203,1.7391304347826086,0.9420289855072463,0.7971014492753623,0.0,0.3032903353437193
res35_free_n4.0_std,1,always,can,3,300,none,1,0,1,0,0,225,0.4897777777777778,0.46799999999999936,0.64,0.36,90.41777777777777,1.0,0.5377777777777778,0.0,0.30054444150605
res35_free_n4.0_std,1,voa,can,3,300,none,1,0,1,0,0,227,0.5,0.4581497797356822,0.6475770925110133,0.3524229074889868,29.356828193832598,0.4581497797356828,0.06607929515418502,0.0,0.3027441913016971
res35_free_n4.0_std,2,always,exact,3,300,none,1,0,1,0,0,124,0.9193548387096774,-0.09435483870967742,1.0,0.0,2.0,1.0,1.0,0.0,0.3015850372673458
res35_free_n4.0_std,2,voa,exact,3,300,none,1,0,1,0,0,139,0.918705035971223,-0.11223021582733815,0.9928057553956835,0.007194244604316547,1.7410071942446044,0.9424460431654677,0.7985611510791367,0.0,0.30329183388142494
res35_free_n4.0_std,2,always,can,3,300,none,1,0,1,0,0,223,0.5237668161434977,0.4255605381165914,0.6681614349775785,0.33183856502242154,88.14349775784753,1.0,0.5022421524663677,0.0,0.3005448589905473
res35_free_n4.0_std,2,voa,can,3,300,none,1,0,1,0,0,225,0.5106666666666667,0.4448888888888883,0.6577777777777778,0.3422222222222222,30.613333333333333,0.4888888888888889,0.057777777777777775,0.0,0.3015916566276418
res35_free_n4.0_stiff,0,always,exact,3,300,none,1,0,1,0,0,106,0.910377358490566,-0.11037735849056604,1.0,0.0,2.0,1.0,1.0,0.0,0.3030776571366807
res35_free_n4.0_stiff,0,voa,exact,3,300,none,1,0,1,0,0,138,0.9217391304347826,-0.12246376811594205,0.9927536231884058,0.007246376811594203,1.7463768115942029,0.9492753623188406,0.7971014492753623,0.0,0.3015392344669645
res35_free_n4.0_stiff,0,always,can,3,300,none,1,0,1,0,0,210,0.49047619047619045,0.4642857142857137,0.6428571428571429,0.35714285714285715,91.65714285714286,1.0,0.5571428571428572,0.0,0.3003049856104582
res35_free_n4.0_stiff,0,voa,can,3,300,none,1,0,1,0,0,211,0.48056872037914694,0.474407582938388,0.6350710900473934,0.36492890995260663,33.175355450236964,0.5165876777251185,0.07582938388625593,0.0,0.30308697884904506
res35_free_n4.0_stiff,1,always,exact,3,300,none,1,0,1,0,0,106,0.910377358490566,-0.04905660377358491,1.0,0.0,2.0,1.0,1.0,0.0,0.30307765166173023
res35_free_n4.0_stiff,1,voa,exact,3,300,none,1,0,1,0,0,140,0.9135714285714286,-0.08357142857142857,0.9857142857142858,0.014285714285714285,1.7285714285714286,0.9357142857142857,0.7928571428571428,0.0,0.30275535144111526
res35_free_n4.0_stiff,1,always,can,3,300,none,1,0,1,0,0,210,0.45333333333333337,0.5014285714285708,0.6142857142857143,0.38571428571428573,92.26666666666667,1.0,0.5666666666666667,0.0,0.30308873771486566
res35_free_n4.0_stiff,1,voa,can,3,300,none,1,0,1,0,0,210,0.4595238095238095,0.4952380952380946,0.6190476190476191,0.38095238095238093,33.06666666666667,0.5190476190476191,0.07142857142857142,0.0,0.3030888510352721
res35_free_n4.0_stiff,2,always,exact,3,300,none,1,0,1,0,0,107,0.9065420560747663,-0.06074766355140187,1.0,0.0,2.0,1.0,1.0,0.0,0.30307765716399393
res35_free_n4.0_stiff,2,voa,exact,3,300,none,1,0,1,0,0,107,0.9065420560747663,-0.06074766355140187,1.0,0.0,1.7102803738317758,0.9345794392523364,0.7757009345794392,0.0,0.30307765716399393
res35_free_n4.0_stiff,2,always,can,3,300,none,1,0,1,0,0,207,0.4869565217391304,0.4647342995169076,0.642512077294686,0.357487922705314,90.6280193236715,1.0,0.5410628019323671,0.0,0.30030383960406704
res35_free_n4.0_stiff,2,voa,can,3,300,none,1,0,1,0,0,208,0.47067307692307697,0.48124999999999934,0.6298076923076923,0.3701923076923077,32.57692307692308,0.5192307692307693,0.0625,0.0,0.30308427554805417
res60_anch_n0.5_std,0,always,exact,3,300,none,1,0,1,0,0,151,0.8278145695364238,-0.03443708609271523,1.0,0.13245033112582782,1.2516556291390728,1.0,0.25165562913907286,0.0,0.30295082908683574
res60_anch_n0.5_std,0,voa,exact,3,300,none,1,0,1,0,0,151,0.8278145695364238,-0.03443708609271523,1.0,0.13245033112582782,1.0794701986754967,0.9867549668874173,0.09271523178807947,0.0,0.30295082908683574
res60_anch_n0.5_std,0,always,can,3,300,none,1,0,1,0,0,226,0.43628318584070774,0.45442477876106135,0.6504424778761062,0.4336283185840708,87.43362831858407,1.0,0.4911504424778761,0.0,0.30294565149980784
res60_anch_n0.5_std,0,voa,can,3,300,none,1,0,1,0,0,220,0.43272727272727257,0.4549999999999994,0.65,0.43636363636363634,17.818181818181817,0.2727272727272727,0.045454545454545456,0.0,0.3029401505047521
res60_anch_n0.5_std,1,always,exact,3,300,none,1,0,1,0,0,152,0.8289473684210527,-0.034210526315789476,1.0,0.13157894736842105,1.256578947368421,1.0,0.2565789473684211,0.0,0.3029527391492472
res60_anch_n0.5_std,1,voa,exact,3,300,none,1,0,1,0,0,151,0.8278145695364238,-0.025827814569536426,0.9933774834437086,0.13245033112582782,1.0662251655629138,0.9735099337748344,0.09271523178807947,0.0,0.3029508099661955
res60_anch_n0.5_std,1,always,can,3,300,none,1,0,1,0,0,226,0.43628318584070774,0.45442477876106135,0.6504424778761062,0.4336283185840708,88.0,1.0,0.5,0.0,0.30294564627154347
res60_anch_n0.5_std,1,voa,can,3,300,none,1,0,1,0,0,226,0.4132743362831856,0.4774336283185834,0.6327433628318584,0.45132743362831856,14.619469026548673,0.22123893805309736,0.03982300884955752,0.0,0.3029401613088081
res60_anch_n0.5_std,2,always,exact,3,300,none,1,0,1,0,0,152,0.8203947368421053,-0.034210526315789476,1.0,0.13815789473684212,1.256578947368421,1.0,0.2565789473684211,0.0,0.302950828982936
res60_anch_n0.5_std,2,voa,exact,3,300,none,1,0,1,0,0,152,0.8203947368421053,-0.034210526315789476,1.0,0.13815789473684212,1.0723684210526316,0.9736842105263158,0.09868421052631579,0.0,0.302950828982936
res60_anch_n0.5_std,2,always,can,3,300,none,1,0,1,0,0,226,0.43628318584070774,0.4486725663716808,0.6548672566371682,0.4336283185840708,87.15044247787611,1.0,0.48672566371681414,0.0,0.3029456291210137
res60_anch_n0.5_std,2,voa,can,3,300,none,1,0,1,0,0,226,0.4132743362831856,0.4716814159292029,0.6371681415929203,0.45132743362831856,15.11504424778761,0.22566371681415928,0.04424778761061947,0.0,0.3029401518662179
res60_anch_n0.5_stiff,0,always,exact,3,300,none,1,0,1,0,0,153,0.8300653594771242,-0.03398692810457517,1.0,0.13071895424836602,1.2483660130718954,1.0,0.24836601307189543,0.0,0.30333985415978193
res60_anch_n0.5_stiff,0,voa,exact,3,300,none,1,0,1,0,0,153,0.8300653594771242,-0.03398692810457517,1.0,0.13071895424836602,1.0784313725490196,0.9869281045751634,0.0915032679738562,0.0,0.30333985415978193
res60_anch_n0.5_stiff,0,always,can,3,300,none,1,0,1,0,0,228,0.44122807017543836,0.45043859649122747,0.6535087719298246,0.4298245614035088,87.15789473684211,1.0,0.4868421052631579,0.0,0.3033346765727402
res60_anch_n0.5_stiff,0,voa,can,3,300,none,1,0,1,0,0,222,0.43783783783783764,0.4509009009009003,0.6531531531531531,0.43243243243243246,11.855855855855856,0.16666666666666666,0.04504504504504504,0.0,0.30332917557768624
res60_anch_n0.5_stiff,1,always,exact,3,300,none,1,0,1,0,0,154,0.8311688311688312,-0.03376623376623377,1.0,0.12987012987012986,1.2532467532467533,1.0,0.2532467532467532,0.0,0.3033417642221944
res60_anch_n0.5_stiff,1,voa,exact,3,300,none,1,0,1,0,0,153,0.8300653594771242,-0.025490196078431376,0.9934640522875817,0.13071895424836602,1.065359477124183,0.9738562091503268,0.0915032679738562,0.0,0.3033398350391414
res60_anch_n0.5_stiff,1,always,can,3,300,none,1,0,1,0,0,228,0.44122807017543836,0.45043859649122747,0.6535087719298246,0.4298245614035088,87.71929824561404,1.0,0.4956140350877193,0.0,0.30333467134447645
res60_anch_n0.5_stiff,1,voa,can,3,300,none,1,0,1,0,0,228,0.41842105263157875,0.4732456140350871,0.6359649122807017,0.4473684210526316,10.070175438596491,0.14035087719298245,0.039473684210526314,0.0,0.3033291863817413
res60_anch_n0.5_stiff,2,always,exact,3,300,none,1,0,1,0,0,154,0.8227272727272728,-0.03376623376623377,1.0,0.13636363636363635,1.2532467532467533,1.0,0.2532467532467532,0.0,0.30333985405587915
res60_anch_n0.5_stiff,2,voa,exact,3,300,none,1,0,1,0,0,154,0.8227272727272728,-0.03376623376623377,1.0,0.13636363636363635,1.0714285714285714,0.974025974025974,0.09740259740259741,0.0,0.30333985405587915
res60_anch_n0.5_stiff,2,always,can,3,300,none,1,0,1,0,0,228,0.44122807017543836,0.44473684210526254,0.6578947368421053,0.4298245614035088,86.87719298245614,1.0,0.4824561403508772,0.0,0.3033346541939476
res60_anch_n0.5_stiff,2,voa,can,3,300,none,1,0,1,0,0,228,0.41842105263157875,0.46754385964912215,0.6403508771929824,0.4473684210526316,10.31578947368421,0.14035087719298245,0.043859649122807015,0.0,0.30332917693915135
res60_anch_n4.0_std,0,always,exact,3,300,none,1,0,1,0,0,152,0.8289473684210527,-0.04276315789473684,1.0,0.13157894736842105,1.256578947368421,1.0,0.2565789473684211,0.0,0.30295275826900225
res60_anch_n4.0_std,0,voa,exact,3,300,none,1,0,1,0,0,151,0.8105960264900662,-0.008609271523178811,0.9801324503311258,0.1456953642384106,1.0066225165562914,0.9205298013245033,0.08609271523178808,0.0,0.3029472794552237
res60_anch_n4.0_std,0,always,can,3,300,none,1,0,1,0,0,237,0.48438818565400826,0.4113924050632906,0.6835443037974683,0.39662447257383965,87.59493670886076,1.0,0.4936708860759494,0.0,0.302948724287094
res60_anch_n4.0_std,0,voa,can,3,300,none,1,0,1,0,0,237,0.4734177215189872,0.4223628691983117,0.6751054852320675,0.4050632911392405,15.831223628691983,0.21518987341772153,0.06751054852320675,0.0,0.30294275155466743
res60_anch_n4.0_std,1,always,exact,3,300,none,1,0,1,0,0,152,0.8289473684210527,-0.02565789473684211,1.0,0.13157894736842105,1.256578947368421,1.0,0.2565789473684211,0.0,0.3029527391492472
res60_anch_n4.0_std,1,voa,exact,3,300,none,1,0,1,0,0,151,0.8278145695364238,-0.017218543046357615,0.9933774834437086,0.13245033112582782,1.0264900662251655,0.9337748344370861,0.09271523178807947,0.0,0.3029508099661955
res60_anch_n4.0_std,1,always,can,3,300,none,1,0,1,0,0,236,0.4491525423728811,0.4461864406779655,0.6567796610169492,0.423728813559322,88.27118644067797,1.0,0.5042372881355932,0.0,0.30294451042050013
res60_anch_n4.0_std,1,voa,can,3,300,none,1,0,1,0,0,236,0.45466101694915234,0.4406779661016943,0.6610169491525424,0.4194915254237288,15.423728813559322,0.211864406779661,0.0635593220338983,0.0,0.30294462374090436
res60_anch_n4.0_std,2,always,exact,3,300,none,1,0,1,0,0,153,0.8215686274509804,-0.042483660130718956,1.0,0.13725490196078433,1.261437908496732,1.0,0.26143790849673204,0.0,0.3029527581558944
res60_anch_n4.0_std,2,voa,exact,3,300,none,1,0,1,0,0,152,0.8032894736842104,0.0,0.9802631578947368,0.1513157894736842,1.006578947368421,0.9276315789473685,0.07894736842105263,0.0,0.3029472807816901
res60_anch_n4.0_std,2,always,can,3,300,none,1,0,1,0,0,234,0.4777777777777776,0.4111111111111106,0.6837606837606838,0.4017094017094017,86.63247863247864,1.0,0.47863247863247865,0.0,0.3029475758408424
res60_anch_n4.0_std,2,voa,can,3,300,none,1,0,1,0,0,234,0.46111111111111097,0.4277777777777772,0.6709401709401709,0.41452991452991456,17.70940170940171,0.2606837606837607,0.05555555555555555,0.0,0.3029400482537151
res60_anch_n4.0_stiff,0,always,exact,3,300,none,1,0,1,0,0,154,0.8311688311688312,-0.04220779220779221,1.0,0.12987012987012986,1.2532467532467533,1.0,0.2532467532467532,0.0,0.30334178334194867
res60_anch_n4.0_stiff,0,voa,exact,3,300,none,1,0,1,0,0,153,0.8130718954248366,-0.008496732026143794,0.9803921568627451,0.1437908496732026,1.0130718954248366,0.9281045751633987,0.08496732026143791,0.0,0.3033363045281584
res60_anch_n4.0_stiff,0,always,can,3,300,none,1,0,1,0,0,239,0.4887029288702927,0.40794979079497856,0.6861924686192469,0.39330543933054396,87.33054393305439,1.0,0.4895397489539749,0.0,0.3033377493600285
res60_anch_n4.0_stiff,0,voa,can,3,300,none,1,0,1,0,0,239,0.4778242677824266,0.4188284518828446,0.6778242677824268,0.401673640167364,14.761506276150628,0.19665271966527198,0.06694560669456066,0.0,0.3033317766276014
res60_anch_n4.0_stiff,1,always,exact,3,300,none,1,0,1,0,0,154,0.8311688311688312,-0.025324675324675326,1.0,0.12987012987012986,1.2532467532467533,1.0,0.2532467532467532,0.0,0.3033417642221944
res60_anch_n4.0_stiff,1,voa,exact,3,300,none,1,0,1,0,0,153,0.8300653594771242,-0.016993464052287584,0.9934640522875817,0.13071895424836602,1.026143790849673,0.934640522875817,0.0915032679738562,0.0,0.3033398350391414
res60_anch_n4.0_stiff,1,always,can,3,300,none,1,0,1,0,0,238,0.4537815126050418,0.44243697478991534,0.6596638655462185,0.42016806722689076,88.0,1.0,0.5,0.0,0.30333353549343295
res60_anch_n4.0_stiff,1,voa,can,3,300,none,1,0,1,0,0,238,0.4592436974789914,0.4369747899159658,0.6638655462184874,0.41596638655462187,13.411764705882353,0.17647058823529413,0.06302521008403361,0.0,0.3033336488138375
res60_anch_n4.0_stiff,2,always,exact,3,300,none,1,0,1,0,0,155,0.8238709677419355,-0.041935483870967745,1.0,0.13548387096774195,1.2580645161290323,1.0,0.25806451612903225,0.0,0.3033417832288388
res60_anch_n4.0_stiff,2,voa,exact,3,300,none,1,0,1,0,0,154,0.8058441558441558,0.0,0.9805194805194806,0.14935064935064934,1.0129870129870129,0.935064935064935,0.07792207792207792,0.0,0.30333630585462656
res60_anch_n4.0_stiff,2,always,can,3,300,none,1,0,1,0,0,236,0.48220338983050826,0.40762711864406725,0.6864406779661016,0.3983050847457627,86.37288135593221,1.0,0.4745762711864407,0.0,0.30333660091377646
res60_anch_n4.0_stiff,2,voa,can,3,300,none,1,0,1,0,0,236,0.46567796610169476,0.4241525423728808,0.673728813559322,0.4110169491525424,13.76271186440678,0.1906779661016949,0.05508474576271186,0.0,0.30332907332664716
res60_free_n0.5_std,0,always,exact,3,300,none,1,0,1,0,0,151,0.9284768211920529,-0.03443708609271523,1.0,0.006622516556291391,1.2516556291390728,1.0,0.25165562913907286,0.0,0.30295082906478177
res60_free_n0.5_std,0,voa,exact,3,300,none,1,0,1,0,0,151,0.9284768211920529,-0.03443708609271523,1.0,0.006622516556291391,1.0794701986754967,0.9867549668874173,0.09271523178807947,0.0,0.30295082906478177
res60_free_n0.5_std,0,always,can,3,300,none,1,0,1,0,0,226,0.5035398230088495,0.45442477876106135,0.6504424778761062,0.3495575221238938,87.43362831858407,1.0,0.4911504424778761,0.0,0.3029456514998065
res60_free_n0.5_std,0,voa,can,3,300,none,1,0,1,0,0,220,0.5018181818181818,0.4549999999999994,0.65,0.35,17.818181818181817,0.2727272727272727,0.045454545454545456,0.0,0.30294015050475237
res60_free_n0.5_std,1,always,exact,3,300,none,1,0,1,0,0,152,0.9289473684210525,-0.034210526315789476,1.0,0.006578947368421052,1.256578947368421,1.0,0.2565789473684211,0.0,0.3029527527825011
res60_free_n0.5_std,1,voa,exact,3,300,none,1,0,1,0,0,151,0.9284768211920529,-0.025827814569536426,0.9933774834437086,0.006622516556291391,1.0662251655629138,0.9735099337748344,0.09271523178807947,0.0,0.3029508236008174
res60_free_n0.5_std,1,always,can,3,300,none,1,0,1,0,0,226,0.5035398230088495,0.45442477876106135,0.6504424778761062,0.3495575221238938,88.0,1.0,0.5,0.0,0.3029456462715432
res60_free_n0.5_std,1,voa,can,3,300,none,1,0,1,0,0,226,0.4805309734513274,0.4774336283185834,0.6327433628318584,0.3672566371681416,14.619469026548673,0.22123893805309736,0.03982300884955752,0.0,0.3029401613088071
res60_free_n0.5_std,2,always,exact,3,300,none,1,0,1,0,0,152,0.925657894736842,-0.034210526315789476,1.0,0.006578947368421052,1.256578947368421,1.0,0.2565789473684211,0.0,0.30295082896434883
res60_free_n0.5_std,2,voa,exact,3,300,none,1,0,1,0,0,152,0.925657894736842,-0.034210526315789476,1.0,0.006578947368421052,1.0723684210526316,0.9736842105263158,0.09868421052631579,0.0,0.30295082896434883
res60_free_n0.5_std,2,always,can,3,300,none,1,0,1,0,0,226,0.5070796460176991,0.4486725663716808,0.6548672566371682,0.34513274336283184,87.15044247787611,1.0,0.48672566371681414,0.0,0.30294562912101347
res60_free_n0.5_std,2,voa,can,3,300,none,1,0,1,0,0,226,0.484070796460177,0.4716814159292029,0.6371681415929203,0.36283185840707965,15.11504424778761,0.22566371681415928,0.04424778761061947,0.0,0.30294015186621814
res60_free_n0.5_stiff,0,always,exact,3,300,none,1,0,1,0,0,153,0.9294117647058823,-0.03398692810457517,1.0,0.006535947712418301,1.2483660130718954,1.0,0.24836601307189543,0.0,0.30333985592458634
res60_free_n0.5_stiff,0,voa,exact,3,300,none,1,0,1,0,0,153,0.9294117647058823,-0.03398692810457517,1.0,0.006535947712418301,1.0784313725490196,0.9869281045751634,0.0915032679738562,0.0,0.30333985592458634
res60_free_n0.5_stiff,0,always,can,3,300,none,1,0,1,0,0,228,0.5078947368421052,0.45043859649122747,0.6535087719298246,0.34649122807017546,87.15789473684211,1.0,0.4868421052631579,0.0,0.3033346783815162
res60_free_n0.5_stiff,0,voa,can,3,300,none,1,0,1,0,0,222,0.5063063063063062,0.4509009009009003,0.6531531531531531,0.34684684684684686,11.855855855855856,0.16666666666666666,0.04504504504504504,0.0,0.30332917738646176
res60_free_n0.5_stiff,1,always,exact,3,300,none,1,0,1,0,0,154,0.9298701298701298,-0.03376623376623377,1.0,0.006493506493506494,1.2532467532467533,1.0,0.2532467532467532,0.0,0.3033417796415725
res60_free_n0.5_stiff,1,voa,exact,3,300,none,1,0,1,0,0,153,0.9294117647058823,-0.025490196078431376,0.9934640522875817,0.006535947712418301,1.065359477124183,0.9738562091503268,0.0915032679738562,0.0,0.30333985045989253
res60_free_n0.5_stiff,1,always,can,3,300,none,1,0,1,0,0,228,0.5078947368421052,0.45043859649122747,0.6535087719298246,0.34649122807017546,87.71929824561404,1.0,0.4956140350877193,0.0,0.30333467315309154
res60_free_n0.5_stiff,1,voa,can,3,300,none,1,0,1,0,0,228,0.48508771929824557,0.4732456140350871,0.6359649122807017,0.36403508771929827,10.070175438596491,0.14035087719298245,0.039473684210526314,0.0,0.3033291881905148
res60_free_n0.5_stiff,2,always,exact,3,300,none,1,0,1,0,0,154,0.9266233766233766,-0.03376623376623377,1.0,0.006493506493506494,1.2532467532467533,1.0,0.2532467532467532,0.0,0.3033398558283874
res60_free_n0.5_stiff,2,voa,exact,3,300,none,1,0,1,0,0,154,0.9266233766233766,-0.03376623376623377,1.0,0.006493506493506494,1.0714285714285714,0.974025974025974,0.09740259740259741,0.0,0.3033398558283874
res60_free_n0.5_stiff,2,always,can,3,300,none,1,0,1,0,0,228,0.5114035087719297,0.44473684210526254,0.6578947368421053,0.34210526315789475,86.87719298245614,1.0,0.4824561403508772,0.0,0.3033346560027232
res60_free_n0.5_stiff,2,voa,can,3,300,none,1,0,1,0,0,228,0.48859649122807014,0.46754385964912215,0.6403508771929824,0.35964912280701755,10.31578947368421,0.14035087719298245,0.043859649122807015,0.0,0.30332917874792364
res60_free_n4.0_std,0,always,exact,3,300,none,1,0,1,0,0,152,0.9289473684210525,-0.04276315789473684,1.0,0.006578947368421052,1.256578947368421,1.0,0.2565789473684211,0.0,0.30295275824496626
res60_free_n4.0_std,0,voa,exact,3,300,none,1,0,1,0,0,151,0.9112582781456954,-0.008609271523178811,0.9801324503311258,0.019867549668874173,1.0066225165562914,0.9205298013245033,0.08609271523178808,0.0,0.3029472797411095
res60_free_n4.0_std,0,always,can,3,300,none,1,0,1,0,0,237,0.5485232067510548,0.4113924050632906,0.6835443037974683,0.31645569620253167,87.59493670886076,1.0,0.4936708860759494,0.0,0.30294872428709346
res60_free_n4.0_std,0,voa,can,3,300,none,1,0,1,0,0,237,0.5375527426160338,0.4223628691983117,0.6751054852320675,0.32489451476793246,15.831223628691983,0.21518987341772153,0.06751054852320675,0.0,0.3029427515546681
res60_free_n4.0_std,1,always,exact,3,300,none,1,0,1,0,0,152,0.9289473684210525,-0.02565789473684211,1.0,0.006578947368421052,1.256578947368421,1.0,0.2565789473684211,0.0,0.3029527527825011
res60_free_n4.0_std,1,voa,exact,3,300,none,1,0,1,0,0,151,0.9284768211920529,-0.017218543046357615,0.9933774834437086,0.006622516556291391,1.0264900662251655,0.9337748344370861,0.09271523178807947,0.0,0.3029508236008174
res60_free_n4.0_std,1,always,can,3,300,none,1,0,1,0,0,236,0.5135593220338983,0.4461864406779655,0.6567796610169492,0.3432203389830508,88.27118644067797,1.0,0.5042372881355932,0.0,0.3029445104204995
res60_free_n4.0_std,1,voa,can,3,300,none,1,0,1,0,0,236,0.5190677966101694,0.4406779661016943,0.6610169491525424,0.3389830508474576,15.423728813559322,0.211864406779661,0.0635593220338983,0.0,0.3029446237409049
res60_free_n4.0_std,2,always,exact,3,300,none,1,0,1,0,0,153,0.9261437908496731,-0.042483660130718956,1.0,0.006535947712418301,1.261437908496732,1.0,0.26143790849673204,0.0,0.3029527581356535
res60_free_n4.0_std,2,voa,exact,3,300,none,1,0,1,0,0,152,0.9085526315789473,0.0,0.9802631578947368,0.019736842105263157,1.006578947368421,0.9276315789473685,0.07894736842105263,0.0,0.3029472810144082
res60_free_n4.0_std,2,always,can,3,300,none,1,0,1,0,0,234,0.5461538461538461,0.4111111111111106,0.6837606837606838,0.3162393162393162,86.63247863247864,1.0,0.47863247863247865,0.0,0.30294757584084214
res60_free_n4.0_std,2,voa,can,3,300,none,1,0,1,0,0,234,0.5294871794871795,0.4277777777777772,0.6709401709401709,0.32905982905982906,17.70940170940171,0.2606837606837607,0.05555555555555555,0.0,0.3029400482537142
res60_free_n4.0_stiff,0,always,exact,3,300,none,1,0,1,0,0,154,0.9298701298701298,-0.04220779220779221,1.0,0.006493506493506494,1.2532467532467533,1.0,0.2532467532467532,0.0,0.3033417851047707
res60_free_n4.0_stiff,0,voa,exact,3,300,none,1,0,1,0,0,153,0.9124183006535947,-0.008496732026143794,0.9803921568627451,0.0196078431372549,1.0130718954248366,0.9281045751633987,0.08496732026143791,0.0,0.3033363066228193
res60_free_n4.0_stiff,0,always,can,3,300,none,1,0,1,0,0,239,0.5523012552301255,0.40794979079497856,0.6861924686192469,0.3138075313807531,87.33054393305439,1.0,0.4895397489539749,0.0,0.30333775116876943
res60_free_n4.0_stiff,0,voa,can,3,300,none,1,0,1,0,0,239,0.5414225941422595,0.4188284518828446,0.6778242677824268,0.32217573221757323,14.761506276150628,0.19665271966527198,0.06694560669456066,0.0,0.3033317784363319
res60_free_n4.0_stiff,1,always,exact,3,300,none,1,0,1,0,0,154,0.9298701298701298,-0.025324675324675326,1.0,0.006493506493506494,1.2532467532467533,1.0,0.2532467532467532,0.0,0.3033417796415725
res60_free_n4.0_stiff,1,voa,exact,3,300,none,1,0,1,0,0,153,0.9294117647058823,-0.016993464052287584,0.9934640522875817,0.006535947712418301,1.026143790849673,0.934640522875817,0.0915032679738562,0.0,0.30333985045989253
res60_free_n4.0_stiff,1,always,can,3,300,none,1,0,1,0,0,238,0.5176470588235295,0.44243697478991534,0.6596638655462185,0.3403361344537815,88.0,1.0,0.5,0.0,0.3033335373022099
res60_free_n4.0_stiff,1,voa,can,3,300,none,1,0,1,0,0,238,0.523109243697479,0.4369747899159658,0.6638655462184874,0.33613445378151263,13.411764705882353,0.17647058823529413,0.06302521008403361,0.0,0.30333365062261347
res60_free_n4.0_stiff,2,always,exact,3,300,none,1,0,1,0,0,155,0.9270967741935483,-0.041935483870967745,1.0,0.0064516129032258064,1.2580645161290323,1.0,0.25806451612903225,0.0,0.3033417849996885
res60_free_n4.0_stiff,2,voa,exact,3,300,none,1,0,1,0,0,154,0.9097402597402597,0.0,0.9805194805194806,0.01948051948051948,1.0129870129870129,0.935064935064935,0.07792207792207792,0.0,0.30333630789611804
res60_free_n4.0_stiff,2,always,can,3,300,none,1,0,1,0,0,236,0.55,0.40762711864406725,0.6864406779661016,0.3135593220338983,86.37288135593221,1.0,0.4745762711864407,0.0,0.30333660272251073
res60_free_n4.0_stiff,2,voa,can,3,300,none,1,0,1,0,0,236,0.5334745762711864,0.4241525423728808,0.673728813559322,0.326271186440678,13.76271186440678,0.1906779661016949,0.05508474576271186,0.0,0.30332907513538176
res85_anch_n0.5_std,0,always,exact,3,300,none,0,0,0,0,0,299,0.9130434782608695,-0.017391304347826087,1.0,0.06688963210702341,1.1270903010033444,1.0,0.12709030100334448,0.0,0.0006242601542346697
res85_anch_n0.5_std,0,voa,exact,3,300,none,0,0,0,0,0,299,0.9130434782608695,-0.017391304347826087,1.0,0.06688963210702341,0.3979933110367893,0.3511705685618729,0.046822742474916385,0.0,0.0006242601542346697
res85_anch_n0.5_std,0,always,can,3,300,none,0,0,0,0,0,299,0.5739130434782608,0.34347826086956473,0.7357859531772575,0.3277591973244147,79.75919732441471,1.0,0.3712374581939799,0.0,0.0004366868749514359
res85_anch_n0.5_std,0,voa,can,3,300,none,0,0,0,0,0,299,0.5826086956521738,0.33478260869565174,0.7424749163879598,0.3210702341137124,7.678929765886288,0.10367892976588629,0.033444816053511704,0.0,0.0004457775351897364
res85_anch_n0.5_std,1,always,exact,3,300,none,0,0,0,0,0,299,0.9130434782608695,-0.017391304347826087,1.0,0.06688963210702341,1.1304347826086956,1.0,0.13043478260869565,0.0,0.0006237382741699198
res85_anch_n0.5_std,1,voa,exact,3,300,none,0,0,0,0,0,299,0.9130434782608695,-0.013043478260869566,0.9966555183946488,0.06688963210702341,0.391304347826087,0.34448160535117056,0.046822742474916385,0.0,0.0006242410336584397
res85_anch_n0.5_std,1,always,can,3,300,none,0,0,0,0,0,299,0.5739130434782608,0.34347826086956473,0.7357859531772575,0.3277591973244147,80.18729096989966,1.0,0.3779264214046823,0.0,0.0004366816466963523
res85_anch_n0.5_std,1,voa,can,3,300,none,0,0,0,0,0,299,0.5565217391304346,0.3608695652173908,0.7224080267558528,0.3411371237458194,7.304347826086956,0.10033444816053512,0.030100334448160536,0.0,0.00043119668393762746
res85_anch_n0.5_std,2,always,exact,3,300,none,0,0,0,0,0,299,0.908695652173913,-0.017391304347826087,1.0,0.07023411371237458,1.1304347826086956,1.0,0.13043478260869565,0.0,0.0006218281075986722
res85_anch_n0.5_std,2,voa,exact,3,300,none,0,0,0,0,0,299,0.908695652173913,-0.017391304347826087,1.0,0.07023411371237458,0.4013377926421405,0.3511705685618729,0.05016722408026756,0.0,0.0006218281075986722
res85_anch_n0.5_std,2,always,can,3,300,none,0,0,0,0,0,299,0.5739130434782608,0.33913043478260824,0.7391304347826086,0.3277591973244147,79.54515050167224,1.0,0.36789297658862874,0.0,0.0004366644961464711
res85_anch_n0.5_std,2,voa,can,3,300,none,0,0,0,0,0,299,0.5565217391304346,0.3565217391304343,0.725752508361204,0.3411371237458194,7.491638795986622,0.10033444816053512,0.033444816053511704,0.0,0.0004311872413691489
res85_anch_n0.5_stiff,0,always,exact,3,300,none,0,0,0,0,0,299,0.9130434782608695,-0.017391304347826087,1.0,0.06688963210702341,1.1270903010033444,1.0,0.12709030100334448,0.0,0.0006242601542346697
res85_anch_n0.5_stiff,0,voa,exact,3,300,none,0,0,0,0,0,299,0.9130434782608695,-0.017391304347826087,1.0,0.06688963210702341,0.3979933110367893,0.3511705685618729,0.046822742474916385,0.0,0.0006242601542346697
res85_anch_n0.5_stiff,0,always,can,3,300,none,0,0,0,0,0,299,0.5739130434782608,0.34347826086956473,0.7357859531772575,0.3277591973244147,79.75919732441471,1.0,0.3712374581939799,0.0,0.0004366868749514359
res85_anch_n0.5_stiff,0,voa,can,3,300,none,0,0,0,0,0,299,0.5826086956521738,0.33478260869565174,0.7424749163879598,0.3210702341137124,7.678929765886288,0.10367892976588629,0.033444816053511704,0.0,0.0004457775351897364
res85_anch_n0.5_stiff,1,always,exact,3,300,none,0,0,0,0,0,299,0.9130434782608695,-0.017391304347826087,1.0,0.06688963210702341,1.1304347826086956,1.0,0.13043478260869565,0.0,0.0006237382741699198
res85_anch_n0.5_stiff,1,voa,exact,3,300,none,0,0,0,0,0,299,0.9130434782608695,-0.013043478260869566,0.9966555183946488,0.06688963210702341,0.391304347826087,0.34448160535117056,0.046822742474916385,0.0,0.0006242410336584397
res85_anch_n0.5_stiff,1,always,can,3,300,none,0,0,0,0,0,299,0.5739130434782608,0.34347826086956473,0.7357859531772575,0.3277591973244147,80.18729096989966,1.0,0.3779264214046823,0.0,0.0004366816466963523
res85_anch_n0.5_stiff,1,voa,can,3,300,none,0,0,0,0,0,299,0.5565217391304346,0.3608695652173908,0.7224080267558528,0.3411371237458194,7.304347826086956,0.10033444816053512,0.030100334448160536,0.0,0.00043119668393762746
res85_anch_n0.5_stiff,2,always,exact,3,300,none,0,0,0,0,0,299,0.908695652173913,-0.017391304347826087,1.0,0.07023411371237458,1.1304347826086956,1.0,0.13043478260869565,0.0,0.0006218281075986722
res85_anch_n0.5_stiff,2,voa,exact,3,300,none,0,0,0,0,0,299,0.908695652173913,-0.017391304347826087,1.0,0.07023411371237458,0.4013377926421405,0.3511705685618729,0.05016722408026756,0.0,0.0006218281075986722
res85_anch_n0.5_stiff,2,always,can,3,300,none,0,0,0,0,0,299,0.5739130434782608,0.33913043478260824,0.7391304347826086,0.3277591973244147,79.54515050167224,1.0,0.36789297658862874,0.0,0.0004366644961464711
res85_anch_n0.5_stiff,2,voa,can,3,300,none,0,0,0,0,0,299,0.5565217391304346,0.3565217391304343,0.725752508361204,0.3411371237458194,7.491638795986622,0.10033444816053512,0.033444816053511704,0.0,0.0004311872413691489
res85_anch_n4.0_std,0,always,exact,3,300,none,0,0,0,0,0,299,0.9130434782608695,-0.021739130434782608,1.0,0.06688963210702341,1.1304347826086956,1.0,0.13043478260869565,0.0,0.0006237573938857725
res85_anch_n4.0_std,0,voa,exact,3,300,none,0,0,0,0,0,299,0.9043478260869564,-0.0043478260869565235,0.9899665551839465,0.07357859531772576,0.3779264214046823,0.33444816053511706,0.043478260869565216,0.0,0.0006207105215149816
res85_anch_n4.0_std,0,always,can,3,300,none,0,0,0,0,0,299,0.5913043478260868,0.3260869565217387,0.7491638795986622,0.31438127090301005,81.04347826086956,1.0,0.391304347826087,0.0,0.00041300829423043963
res85_anch_n4.0_std,0,voa,can,3,300,none,0,0,0,0,0,299,0.5826086956521738,0.33478260869565174,0.7424749163879598,0.3210702341137124,11.424749163879598,0.1505016722408027,0.05351170568561873,0.0,0.0004070355618593417
res85_anch_n4.0_std,1,always,exact,3,300,none,0,0,0,0,0,299,0.9130434782608695,-0.013043478260869566,1.0,0.06688963210702341,1.1304347826086956,1.0,0.13043478260869565,0.0,0.0006237382741699198
res85_anch_n4.0_std,1,voa,exact,3,300,none,0,0,0,0,0,299,0.9130434782608695,-0.008695652173913044,0.9966555183946488,0.06688963210702341,0.391304347826087,0.34448160535117056,0.046822742474916385,0.0,0.0006242410336584397
res85_anch_n4.0_std,1,always,can,3,300,none,0,0,0,0,0,299,0.5652173913043477,0.3521739130434778,0.7290969899665551,0.33444816053511706,81.47157190635451,1.0,0.3979933110367893,0.0,0.0004112263701781308
res85_anch_n4.0_std,1,voa,can,3,300,none,0,0,0,0,0,299,0.5695652173913042,0.3478260869565213,0.7324414715719063,0.3311036789297659,10.488294314381271,0.13712374581939799,0.05016722408026756,0.0,0.0004113396905720907
res85_anch_n4.0_std,2,always,exact,3,300,none,0,0,0,0,0,299,0.908695652173913,-0.021739130434782608,1.0,0.07023411371237458,1.1337792642140467,1.0,0.13377926421404682,0.0,0.0006213253380262734
res85_anch_n4.0_std,2,voa,exact,3,300,none,0,0,0,0,0,299,0.9,0.0,0.9899665551839465,0.07692307692307693,0.36789297658862874,0.3277591973244147,0.04013377926421405,0.0,0.0006182799055023506
res85_anch_n4.0_std,2,always,can,3,300,none,0,0,0,0,0,299,0.5913043478260868,0.3217391304347822,0.7525083612040134,0.31438127090301005,79.97324414715719,1.0,0.3745819397993311,0.0,0.00041915567560792165
res85_anch_n4.0_std,2,voa,can,3,300,none,0,0,0,0,0,299,0.5782608695652173,0.33478260869565174,0.7424749163879598,0.32441471571906355,10.301003344481606,0.14046822742474915,0.043478260869565216,0.0,0.00041162808849945953
res85_anch_n4.0_stiff,0,always,exact,3,300,none,0,0,0,0,0,299,0.9130434782608695,-0.021739130434782608,1.0,0.06688963210702341,1.1304347826086956,1.0,0.13043478260869565,0.0,0.0006237573938857725
res85_anch_n4.0_stiff,0,voa,exact,3,300,none,0,0,0,0,0,299,0.9043478260869564,-0.0043478260869565235,0.9899665551839465,0.07357859531772576,0.3779264214046823,0.33444816053511706,0.043478260869565216,0.0,0.0006207105215149816
res85_anch_n4.0_stiff,0,always,can,3,300,none,0,0,0,0,0,299,0.5913043478260868,0.3260869565217387,0.7491638795986622,0.31438127090301005,81.04347826086956,1.0,0.391304347826087,0.0,0.00041300829423043963
res85_anch_n4.0_stiff,0,voa,can,3,300,none,0,0,0,0,0,299,0.5826086956521738,0.33478260869565174,0.7424749163879598,0.3210702341137124,11.424749163879598,0.1505016722408027,0.05351170568561873,0.0,0.0004070355618593417
res85_anch_n4.0_stiff,1,always,exact,3,300,none,0,0,0,0,0,299,0.9130434782608695,-0.013043478260869566,1.0,0.06688963210702341,1.1304347826086956,1.0,0.13043478260869565,0.0,0.0006237382741699198
res85_anch_n4.0_stiff,1,voa,exact,3,300,none,0,0,0,0,0,299,0.9130434782608695,-0.008695652173913044,0.9966555183946488,0.06688963210702341,0.391304347826087,0.34448160535117056,0.046822742474916385,0.0,0.0006242410336584397
res85_anch_n4.0_stiff,1,always,can,3,300,none,0,0,0,0,0,299,0.5652173913043477,0.3521739130434778,0.7290969899665551,0.33444816053511706,81.47157190635451,1.0,0.3979933110367893,0.0,0.0004112263701781308
res85_anch_n4.0_stiff,1,voa,can,3,300,none,0,0,0,0,0,299,0.5695652173913042,0.3478260869565213,0.7324414715719063,0.3311036789297659,10.488294314381271,0.13712374581939799,0.05016722408026756,0.0,0.0004113396905720907
res85_anch_n4.0_stiff,2,always,exact,3,300,none,0,0,0,0,0,299,0.908695652173913,-0.021739130434782608,1.0,0.07023411371237458,1.1337792642140467,1.0,0.13377926421404682,0.0,0.0006213253380262734
res85_anch_n4.0_stiff,2,voa,exact,3,300,none,0,0,0,0,0,299,0.9,0.0,0.9899665551839465,0.07692307692307693,0.36789297658862874,0.3277591973244147,0.04013377926421405,0.0,0.0006182799055023506
res85_anch_n4.0_stiff,2,always,can,3,300,none,0,0,0,0,0,299,0.5913043478260868,0.3217391304347822,0.7525083612040134,0.31438127090301005,79.97324414715719,1.0,0.3745819397993311,0.0,0.00041915567560792165
res85_anch_n4.0_stiff,2,voa,can,3,300,none,0,0,0,0,0,299,0.5782608695652173,0.33478260869565174,0.7424749163879598,0.32441471571906355,10.301003344481606,0.14046822742474915,0.043478260869565216,0.0,0.00041162808849945953
res85_free_n0.5_std,0,always,exact,3,300,none,0,0,0,0,0,299,0.9638795986622073,-0.017391304347826087,1.0,0.0033444816053511705,1.1270903010033444,1.0,0.12709030100334448,0.0,0.0006242601321502361
res85_free_n0.5_std,0,voa,exact,3,300,none,0,0,0,0,0,299,0.9638795986622073,-0.017391304347826087,1.0,0.0033444816053511705,0.3979933110367893,0.3511705685618729,0.046822742474916385,0.0,0.0006242601321502361
res85_free_n0.5_std,0,always,can,3,300,none,0,0,0,0,0,299,0.6247491638795986,0.34347826086956473,0.7357859531772575,0.26421404682274247,79.75919732441471,1.0,0.3712374581939799,0.0,0.00043668687496227477
res85_free_n0.5_std,0,voa,can,3,300,none,0,0,0,0,0,299,0.6334448160535117,0.33478260869565174,0.7424749163879598,0.25752508361204013,7.678929765886288,0.10367892976588629,0.033444816053511704,0.0,0.0004457775352185663
res85_free_n0.5_std,1,always,exact,3,300,none,0,0,0,0,0,299,0.9638795986622073,-0.017391304347826087,1.0,0.0033444816053511705,1.1304347826086956,1.0,0.13043478260869565,0.0,0.00062375190741478
res85_free_n0.5_std,1,voa,exact,3,300,none,0,0,0,0,0,299,0.9638795986622073,-0.013043478260869566,0.9966555183946488,0.0033444816053511705,0.391304347826087,0.34448160535117056,0.046822742474916385,0.0,0.0006242546681883793
res85_free_n0.5_std,1,always,can,3,300,none,0,0,0,0,0,299,0.6247491638795986,0.34347826086956473,0.7357859531772575,0.26421404682274247,80.18729096989966,1.0,0.3779264214046823,0.0,0.0004366816467061004
res85_free_n0.5_std,1,voa,can,3,300,none,0,0,0,0,0,299,0.6073578595317726,0.3608695652173908,0.7224080267558528,0.27759197324414714,7.304347826086956,0.10033444816053512,0.030100334448160536,0.0,0.00043119668394858197
res85_free_n0.5_std,2,always,exact,3,300,none,0,0,0,0,0,299,0.9622073578595317,-0.017391304347826087,1.0,0.0033444816053511705,1.1304347826086956,1.0,0.13043478260869565,0.0,0.0006218280889791823
res85_free_n0.5_std,2,voa,exact,3,300,none,0,0,0,0,0,299,0.9622073578595317,-0.017391304347826087,1.0,0.0033444816053511705,0.4013377926421405,0.3511705685618729,0.05016722408026756,0.0,0.0006218280889791823
res85_free_n0.5_std,2,always,can,3,300,none,0,0,0,0,0,299,0.6274247491638796,0.33913043478260824,0.7391304347826086,0.2608695652173913,79.54515050167224,1.0,0.36789297658862874,0.0,0.0004366644961228598
res85_free_n0.5_std,2,voa,can,3,300,none,0,0,0,0,0,299,0.6100334448160535,0.3565217391304343,0.725752508361204,0.27424749163879597,7.491638795986622,0.10033444816053512,0.033444816053511704,0.0,0.00043118724137406204
res85_free_n0.5_stiff,0,always,exact,3,300,none,0,0,0,0,0,299,0.9638795986622073,-0.017391304347826087,1.0,0.0033444816053511705,1.1270903010033444,1.0,0.12709030100334448,0.0,0.0006242601321502361
res85_free_n0.5_stiff,0,voa,exact,3,300,none,0,0,0,0,0,299,0.9638795986622073,-0.017391304347826087,1.0,0.0033444816053511705,0.3979933110367893,0.3511705685618729,0.046822742474916385,0.0,0.0006242601321502361
res85_free_n0.5_stiff,0,always,can,3,300,none,0,0,0,0,0,299,0.6247491638795986,0.34347826086956473,0.7357859531772575,0.26421404682274247,79.75919732441471,1.0,0.3712374581939799,0.0,0.00043668687496227477
res85_free_n0.5_stiff,0,voa,can,3,300,none,0,0,0,0,0,299,0.6334448160535117,0.33478260869565174,0.7424749163879598,0.25752508361204013,7.678929765886288,0.10367892976588629,0.033444816053511704,0.0,0.0004457775352185663
res85_free_n0.5_stiff,1,always,exact,3,300,none,0,0,0,0,0,299,0.9638795986622073,-0.017391304347826087,1.0,0.0033444816053511705,1.1304347826086956,1.0,0.13043478260869565,0.0,0.00062375190741478
res85_free_n0.5_stiff,1,voa,exact,3,300,none,0,0,0,0,0,299,0.9638795986622073,-0.013043478260869566,0.9966555183946488,0.0033444816053511705,0.391304347826087,0.34448160535117056,0.046822742474916385,0.0,0.0006242546681883793
res85_free_n0.5_stiff,1,always,can,3,300,none,0,0,0,0,0,299,0.6247491638795986,0.34347826086956473,0.7357859531772575,0.26421404682274247,80.18729096989966,1.0,0.3779264214046823,0.0,0.0004366816467061004
res85_free_n0.5_stiff,1,voa,can,3,300,none,0,0,0,0,0,299,0.6073578595317726,0.3608695652173908,0.7224080267558528,0.27759197324414714,7.304347826086956,0.10033444816053512,0.030100334448160536,0.0,0.00043119668394858197
res85_free_n0.5_stiff,2,always,exact,3,300,none,0,0,0,0,0,299,0.9622073578595317,-0.017391304347826087,1.0,0.0033444816053511705,1.1304347826086956,1.0,0.13043478260869565,0.0,0.0006218280889791823
res85_free_n0.5_stiff,2,voa,exact,3,300,none,0,0,0,0,0,299,0.9622073578595317,-0.017391304347826087,1.0,0.0033444816053511705,0.4013377926421405,0.3511705685618729,0.05016722408026756,0.0,0.0006218280889791823
res85_free_n0.5_stiff,2,always,can,3,300,none,0,0,0,0,0,299,0.6274247491638796,0.33913043478260824,0.7391304347826086,0.2608695652173913,79.54515050167224,1.0,0.36789297658862874,0.0,0.0004366644961228598
res85_free_n0.5_stiff,2,voa,can,3,300,none,0,0,0,0,0,299,0.6100334448160535,0.3565217391304343,0.725752508361204,0.27424749163879597,7.491638795986622,0.10033444816053512,0.033444816053511704,0.0,0.00043118724137406204
res85_free_n4.0_std,0,always,exact,3,300,none,0,0,0,0,0,299,0.9638795986622073,-0.021739130434782608,1.0,0.0033444816053511705,1.1304347826086956,1.0,0.13043478260869565,0.0,0.0006237573697990565
res85_free_n4.0_std,0,voa,exact,3,300,none,0,0,0,0,0,299,0.9551839464882944,-0.0043478260869565235,0.9899665551839465,0.010033444816053512,0.3779264214046823,0.33444816053511706,0.043478260869565216,0.0,0.0006207108074044739
res85_free_n4.0_std,0,always,can,3,300,none,0,0,0,0,0,299,0.6421404682274248,0.3260869565217387,0.7491638795986622,0.2508361204013378,81.04347826086956,1.0,0.391304347826087,0.0,0.000413008294258157
res85_free_n4.0_std,0,voa,can,3,300,none,0,0,0,0,0,299,0.6334448160535118,0.33478260869565174,0.7424749163879598,0.25752508361204013,11.424749163879598,0.1505016722408027,0.05351170568561873,0.0,0.0004070355618158253
res85_free_n4.0_std,1,always,exact,3,300,none,0,0,0,0,0,299,0.9638795986622073,-0.013043478260869566,1.0,0.0033444816053511705,1.1304347826086956,1.0,0.13043478260869565,0.0,0.00062375190741478
res85_free_n4.0_std,1,voa,exact,3,300,none,0,0,0,0,0,299,0.9638795986622073,-0.008695652173913044,0.9966555183946488,0.0033444816053511705,0.391304347826087,0.34448160535117056,0.046822742474916385,0.0,0.0006242546681883793
res85_free_n4.0_std,1,always,can,3,300,none,0,0,0,0,0,299,0.6160535117056856,0.3521739130434778,0.7290969899665551,0.2709030100334448,81.47157190635451,1.0,0.3979933110367893,0.0,0.00041122637013483006
res85_free_n4.0_std,1,voa,can,3,300,none,0,0,0,0,0,299,0.6204013377926422,0.3478260869565213,0.7324414715719063,0.26755852842809363,10.488294314381271,0.13712374581939799,0.05016722408026756,0.0,0.00041133969055138386
res85_free_n4.0_std,2,always,exact,3,300,none,0,0,0,0,0,299,0.9622073578595317,-0.021739130434782608,1.0,0.0033444816053511705,1.1337792642140467,1.0,0.13377926421404682,0.0,0.000621325317762272
res85_free_n4.0_std,2,voa,exact,3,300,none,0,0,0,0,0,299,0.9535117056856188,0.0,0.9899665551839465,0.010033444816053512,0.36789297658862874,0.3277591973244147,0.04013377926421405,0.0,0.0006182801381942507
res85_free_n4.0_std,2,always,can,3,300,none,0,0,0,0,0,299,0.6448160535117057,0.3217391304347822,0.7525083612040134,0.24749163879598662,79.97324414715719,1.0,0.3745819397993311,0.0,0.0004191556755947666
res85_free_n4.0_std,2,voa,can,3,300,none,0,0,0,0,0,299,0.6317725752508362,0.33478260869565174,0.7424749163879598,0.25752508361204013,10.301003344481606,0.14046822742474915,0.043478260869565216,0.0,0.0004116280884641951
res85_free_n4.0_stiff,0,always,exact,3,300,none,0,0,0,0,0,299,0.9638795986622073,-0.021739130434782608,1.0,0.0033444816053511705,1.1304347826086956,1.0,0.13043478260869565,0.0,0.0006237573697990565
res85_free_n4.0_stiff,0,voa,exact,3,300,none,0,0,0,0,0,299,0.9551839464882944,-0.0043478260869565235,0.9899665551839465,0.010033444816053512,0.3779264214046823,0.33444816053511706,0.043478260869565216,0.0,0.0006207108074044739
res85_free_n4.0_stiff,0,always,can,3,300,none,0,0,0,0,0,299,0.6421404682274248,0.3260869565217387,0.7491638795986622,0.2508361204013378,81.04347826086956,1.0,0.391304347826087,0.0,0.000413008294258157
res85_free_n4.0_stiff,0,voa,can,3,300,none,0,0,0,0,0,299,0.6334448160535118,0.33478260869565174,0.7424749163879598,0.25752508361204013,11.424749163879598,0.1505016722408027,0.05351170568561873,0.0,0.0004070355618158253
res85_free_n4.0_stiff,1,always,exact,3,300,none,0,0,0,0,0,299,0.9638795986622073,-0.013043478260869566,1.0,0.0033444816053511705,1.1304347826086956,1.0,0.13043478260869565,0.0,0.00062375190741478
res85_free_n4.0_stiff,1,voa,exact,3,300,none,0,0,0,0,0,299,0.9638795986622073,-0.008695652173913044,0.9966555183946488,0.0033444816053511705,0.391304347826087,0.34448160535117056,0.046822742474916385,0.0,0.0006242546681883793
res85_free_n4.0_stiff,1,always,can,3,300,none,0,0,0,0,0,299,0.6160535117056856,0.3521739130434778,0.7290969899665551,0.2709030100334448,81.47157190635451,1.0,0.3979933110367893,0.0,0.00041122637013483006
res85_free_n4.0_stiff,1,voa,can,3,300,none,0,0,0,0,0,299,0.6204013377926422,0.3478260869565213,0.7324414715719063,0.26755852842809363,10.488294314381271,0.13712374581939799,0.05016722408026756,0.0,0.00041133969055138386
res85_free_n4.0_stiff,2,always,exact,3,300,none,0,0,0,0,0,299,0.9622073578595317,-0.021739130434782608,1.0,0.0033444816053511705,1.1337792642140467,1.0,0.13377926421404682,0.0,0.000621325317762272
res85_free_n4.0_stiff,2,voa,exact,3,300,none,0,0,0,0,0,299,0.9535117056856188,0.0,0.9899665551839465,0.010033444816053512,0.36789297658862874,0.3277591973244147,0.04013377926421405,0.0,0.0006182801381942507
res85_free_n4.0_stiff,2,always,can,3,300,none,0,0,0,0,0,299,0.6448160535117057,0.3217391304347822,0.7525083612040134,0.24749163879598662,79.97324414715719,1.0,0.3745819397993311,0.0,0.0004191556755947666
res85_free_n4.0_stiff,2,voa,can,3,300,none,0,0,0,0,0,299,0.6317725752508362,0.33478260869565174,0.7424749163879598,0.25752508361204013,10.301003344481606,0.14046822742474915,0.043478260869565216,0.0,0.0004116280884641951
res35_anch_n0.5_std,0,always,exact,5,300,none,1,0,1,0,0,123,0.7991869918699187,0.0,1.0,0.15447154471544716,3.0,1.0,1.0,1.0,0.30158503696575795
res35_anch_n0.5_std,0,voa,exact,5,300,none,1,0,1,0,0,123,0.7991869918699187,0.0,1.0,0.15447154471544716,1.8048780487804879,0.991869918699187,0.8130081300813008,0.0,0.30158503696575795
res35_anch_n0.5_std,0,always,can,5,300,none,0,0,0,0,0,299,-0.2999999999999983,1.2173913043478324,0.06354515050167224,1.0,264.0,1.0,1.0,1.0,1.0105416069917319e-07
res35_anch_n0.5_std,0,voa,can,5,300,none,1,0,1,0,0,211,0.4085308056872036,0.474407582938388,0.6350710900473934,0.4549763033175355,31.0521327014218,0.5071090047393365,0.04739336492890995,0.0,0.3015917588790102
res35_anch_n0.5_std,1,always,exact,5,300,none,1,0,1,0,0,123,0.7991869918699187,0.0,1.0,0.15447154471544716,3.0,1.0,1.0,1.0,0.3015850178923917
res35_anch_n0.5_std,1,voa,exact,5,300,none,1,0,1,0,0,123,0.7991869918699187,0.0,1.0,0.15447154471544716,1.7886178861788617,0.975609756097561,0.8130081300813008,0.0,0.3015850178923917
res35_anch_n0.5_std,1,always,can,5,300,none,0,0,0,0,0,299,-0.2999999999999983,1.2173913043478324,0.06354515050167224,1.0,264.0,1.0,1.0,1.0,1.0105416069917319e-07
res35_anch_n0.5_std,1,voa,can,5,300,none,1,0,1,0,0,217,0.38894009216589837,0.49723502304147393,0.6175115207373272,0.4700460829493088,28.64516129032258,0.4700460829493088,0.041474654377880185,0.0,0.30159176968278173
res35_anch_n0.5_std,2,always,exact,5,300,none,1,0,1,0,0,124,0.7903225806451613,0.0,1.0,0.16129032258064516,3.0,1.0,1.0,1.0,0.30158503726629327
res35_anch_n0.5_std,2,voa,exact,5,300,none,1,0,1,0,0,124,0.7903225806451613,0.0,1.0,0.16129032258064516,1.782258064516129,0.9758064516129032,0.8064516129032258,0.0,0.30158503726629327
res35_anch_n0.5_std,2,always,can,5,300,none,0,0,0,0,0,299,-0.2999999999999983,1.2130434782608759,0.06688963210702341,1.0,264.0,1.0,1.0,1.0,1.0105416069948105e-07
res35_anch_n0.5_std,2,voa,can,5,300,none,1,0,1,0,0,217,0.38894009216589837,0.49124423963133573,0.6221198156682027,0.4700460829493088,28.64516129032258,0.46543778801843316,0.04608294930875576,0.0,0.30159176024000495
res35_anch_n0.5_stiff,0,always,exact,5,300,none,1,0,1,0,0,106,0.7669811320754717,-0.012264150943396227,1.0,0.1792452830188679,3.0,1.0,1.0,1.0,0.30307765713653767
res35_anch_n0.5_stiff,0,voa,exact,5,300,none,1,0,1,0,0,106,0.7669811320754717,-0.012264150943396227,1.0,0.1792452830188679,1.7735849056603774,0.9905660377358491,0.7830188679245284,0.0,0.30307765713653767
res35_anch_n0.5_stiff,0,always,can,5,300,none,0,0,0,0,0,299,-0.2999999999999983,1.2173913043478324,0.06354515050167224,1.0,264.0,1.0,1.0,1.0,1.0105416069917319e-07
res35_anch_n0.5_stiff,0,voa,can,5,300,none,1,0,1,0,0,194,0.35670103092783484,0.5159793814432982,0.6030927835051546,0.4948453608247423,31.175257731958762,0.5051546391752577,0.05154639175257732,0.0,0.30308437779912256
res35_anch_n0.5_stiff,1,always,exact,5,300,none,1,0,1,0,0,106,0.7669811320754717,0.0,1.0,0.1792452830188679,3.0,1.0,1.0,1.0,0.3030776380113798
res35_anch_n0.5_stiff,1,voa,exact,5,300,none,1,0,1,0,0,106,0.7669811320754717,0.0,1.0,0.1792452830188679,1.7547169811320755,0.9716981132075472,0.7830188679245284,0.0,0.3030776380113798
res35_anch_n0.5_stiff,1,always,can,5,300,none,0,0,0,0,0,299,-0.2999999999999983,1.2173913043478324,0.06354515050167224,1.0,264.0,1.0,1.0,1.0,1.0105416069917319e-07
res35_anch_n0.5_stiff,1,voa,can,5,300,none,1,0,1,0,0,200,0.33699999999999974,0.5394999999999992,0.585,0.51,29.96,0.49,0.045,0.0,0.3030843886031507
res35_anch_n0.5_stiff,2,always,exact,5,300,none,1,0,1,0,0,107,0.7570093457943925,-0.012149532710280374,1.0,0.18691588785046728,3.0,1.0,1.0,1.0,0.30307765716386886
res35_anch_n0.5_stiff,2,voa,exact,5,300,none,1,0,1,0,0,107,0.7570093457943925,-0.012149532710280374,1.0,0.18691588785046728,1.7476635514018692,0.9719626168224299,0.7757009345794392,0.0,0.30307765716386886
res35_anch_n0.5_stiff,2,always,can,5,300,none,0,0,0,0,0,299,-0.2999999999999983,1.2130434782608759,0.06688963210702341,1.0,264.0,1.0,1.0,1.0,1.0105416069948105e-07
res35_anch_n0.5_stiff,2,voa,can,5,300,none,1,0,1,0,0,200,0.33699999999999974,0.5329999999999993,0.59,0.51,30.24,0.49,0.05,0.0,0.3030843791605422
res35_anch_n4.0_std,0,always,exact,5,300,none,1,0,1,0,0,123,0.7991869918699187,-0.10569105691056913,1.0,0.15447154471544716,3.0,1.0,1.0,1.0,0.30158503696575795
res35_anch_n4.0_std,0,voa,exact,5,300,none,1,0,1,0,0,138,0.8115942028985508,-0.08478260869565218,0.9927536231884058,0.14492753623188406,1.7463768115942029,0.9492753623188406,0.7971014492753623,0.0,0.3033050275258956
res35_anch_n4.0_std,0,always,can,5,300,none,0,0,0,0,0,299,-0.2999999999999983,1.2173913043478324,0.06354515050167224,1.0,264.0,1.0,1.0,1.0,1.0105416069917319e-07
res35_anch_n4.0_std,0,voa,can,5,300,none,1,0,1,0,0,228,0.4526315789473683,0.43903508771929767,0.6622807017543859,0.42105263157894735,28.982456140350877,0.4473684210526316,0.07017543859649122,0.0,0.301594359929002
res35_anch_n4.0_std,1,always,exact,5,300,none,1,0,1,0,0,123,0.7991869918699187,-0.052845528455284556,1.0,0.15447154471544716,3.0,1.0,1.0,1.0,0.3015850178923917
res35_anch_n4.0_std,1,voa,exact,5,300,none,1,0,1,0,0,138,0.8115942028985508,-0.07536231884057971,0.9927536231884058,0.14492753623188406,1.7391304347826086,0.9420289855072463,0.7971014492753623,0.0,0.30329097637954006
res35_anch_n4.0_std,1,always,can,5,300,none,0,0,0,0,0,299,-0.2999999999999983,1.2173913043478324,0.06354515050167224,1.0,264.0,1.0,1.0,1.0,1.0105416069917319e-07
res35_anch_n4.0_std,1,voa,can,5,300,none,1,0,1,0,0,227,0.4330396475770923,0.4581497797356822,0.6475770925110133,0.43612334801762115,29.356828193832598,0.4581497797356828,0.06607929515418502,0.0,0.302744380966989
res35_anch_n4.0_std,2,always,exact,5,300,none,1,0,1,0,0,124,0.7903225806451613,-0.09435483870967742,1.0,0.16129032258064516,3.0,1.0,1.0,1.0,0.30158503726629327
res35_anch_n4.0_std,2,voa,exact,5,300,none,1,0,1,0,0,139,0.8035971223021583,-0.11223021582733815,0.9928057553956835,0.1510791366906475,1.7410071942446044,0.9424460431654677,0.7985611510791367,0.0,0.3032924871341094
res35_anch_n4.0_std,2,always,can,5,300,none,0,0,0,0,0,299,-0.2999999999999983,1.2130434782608759,0.06688963210702341,1.0,264.0,1.0,1.0,1.0,1.0105416069948105e-07
res35_anch_n4.0_std,2,voa,can,5,300,none,1,0,1,0,0,225,0.43955555555555537,0.4448888888888883,0.6577777777777778,0.4311111111111111,30.613333333333333,0.4888888888888889,0.057777777777777775,0.0,0.30159165662764315
res35_anch_n4.0_stiff,0,always,exact,5,300,none,1,0,1,0,0,106,0.7669811320754717,-0.11037735849056604,1.0,0.1792452830188679,3.0,1.0,1.0,1.0,0.30307765713653767
res35_anch_n4.0_stiff,0,voa,exact,5,300,none,1,0,1,0,0,138,0.8115942028985508,-0.12246376811594205,0.9927536231884058,0.14492753623188406,1.7463768115942029,0.9492753623188406,0.7971014492753623,0.0,0.30154044183102446
res35_anch_n4.0_stiff,0,always,can,5,300,none,0,0,0,0,0,299,-0.2999999999999983,1.2173913043478324,0.06354515050167224,1.0,264.0,1.0,1.0,1.0,1.0105416069917319e-07
res35_anch_n4.0_stiff,0,voa,can,5,300,none,1,0,1,0,0,211,0.4085308056872036,0.474407582938388,0.6350710900473934,0.4549763033175355,33.175355450236964,0.5165876777251185,0.07582938388625593,0.0,0.30308697884904456
res35_anch_n4.0_stiff,1,always,exact,5,300,none,1,0,1,0,0,106,0.7669811320754717,-0.04905660377358491,1.0,0.1792452830188679,3.0,1.0,1.0,1.0,0.3030776380113798
res35_anch_n4.0_stiff,1,voa,exact,5,300,none,1,0,1,0,0,140,0.805,-0.08357142857142857,0.9857142857142858,0.15,1.7285714285714286,0.9357142857142857,0.7928571428571428,0.0,0.30275669948159567
res35_anch_n4.0_stiff,1,always,can,5,300,none,0,0,0,0,0,299,-0.2999999999999983,1.2173913043478324,0.06354515050167224,1.0,264.0,1.0,1.0,1.0,1.0105416069917319e-07
res35_anch_n4.0_stiff,1,voa,can,5,300,none,1,0,1,0,0,210,0.3871428571428569,0.4952380952380946,0.6190476190476191,0.4714285714285714,33.06666666666667,0.5190476190476191,0.07142857142857142,0.0,0.30308885103527183
res35_anch_n4.0_stiff,2,always,exact,5,300,none,1,0,1,0,0,107,0.7570093457943925,-0.06074766355140187,1.0,0.18691588785046728,3.0,1.0,1.0,1.0,0.30307765716386886
res35_anch_n4.0_stiff,2,voa,exact,5,300,none,1,0,1,0,0,107,0.7570093457943925,-0.06074766355140187,1.0,0.18691588785046728,1.7102803738317758,0.9345794392523364,0.7757009345794392,0.0,0.30307765716386886
res35_anch_n4.0_stiff,2,always,can,5,300,none,0,0,0,0,0,299,-0.2999999999999983,1.2130434782608759,0.06688963210702341,1.0,264.0,1.0,1.0,1.0,1.0105416069948105e-07
res35_anch_n4.0_stiff,2,voa,can,5,300,none,1,0,1,0,0,208,0.3937499999999998,0.48124999999999934,0.6298076923076923,0.46634615384615385,32.57692307692308,0.5192307692307693,0.0625,0.0,0.3030842755480534
res35_free_n0.5_std,0,always,exact,5,300,none,1,0,1,0,0,123,0.9227642276422764,0.0,1.0,0.0,3.0,1.0,1.0,1.0,0.30158503696694505
res35_free_n0.5_std,0,voa,exact,5,300,none,1,0,1,0,0,123,0.9227642276422764,0.0,1.0,0.0,1.8048780487804879,0.991869918699187,0.8130081300813008,0.0,0.30158503696694505
res35_free_n0.5_std,0,always,can,5,300,none,0,0,0,0,0,299,-0.24916387959866107,1.2173913043478324,0.06354515050167224,0.9364548494983278,264.0,1.0,1.0,1.0,1.0105416069917319e-07
res35_free_n0.5_std,0,voa,can,5,300,none,1,0,1,0,0,211,0.4805687203791469,0.474407582938388,0.6350710900473934,0.36492890995260663,31.0521327014218,0.5071090047393365,0.04739336492890995,0.0,0.30159175887901146
res35_free_n0.5_std,1,always,exact,5,300,none,1,0,1,0,0,123,0.9227642276422764,0.0,1.0,0.0,3.0,1.0,1.0,1.0,0.30158503154745775
res35_free_n0.5_std,1,voa,exact,5,300,none,1,0,1,0,0,123,0.9227642276422764,0.0,1.0,0.0,1.7886178861788617,0.975609756097561,0.8130081300813008,0.0,0.30158503154745775
res35_free_n0.5_std,1,always,can,5,300,none,0,0,0,0,0,299,-0.24916387959866107,1.2173913043478324,0.06354515050167224,0.9364548494983278,264.0,1.0,1.0,1.0,1.0105416069917319e-07
res35_free_n0.5_std,1,voa,can,5,300,none,1,0,1,0,0,217,0.45898617511520734,0.49723502304147393,0.6175115207373272,0.3824884792626728,28.64516129032258,0.4700460829493088,0.041474654377880185,0.0,0.30159176968278095
res35_free_n0.5_std,2,always,exact,5,300,none,1,0,1,0,0,124,0.9193548387096774,0.0,1.0,0.0,3.0,1.0,1.0,1.0,0.3015850372673458
res35_free_n0.5_std,2,voa,exact,5,300,none,1,0,1,0,0,124,0.9193548387096774,0.0,1.0,0.0,1.782258064516129,0.9758064516129032,0.8064516129032258,0.0,0.3015850372673458
res35_free_n0.5_std,2,always,can,5,300,none,0,0,0,0,0,299,-0.24648829431438013,1.2130434782608759,0.06688963210702341,0.9331103678929766,264.0,1.0,1.0,1.0,1.0105416069948105e-07
res35_free_n0.5_std,2,voa,can,5,300,none,1,0,1,0,0,217,0.4626728110599078,0.49124423963133573,0.6221198156682027,0.3778801843317972,28.64516129032258,0.46543778801843316,0.04608294930875576,0.0,0.30159176024000484
res35_free_n0.5_stiff,0,always,exact,5,300,none,1,0,1,0,0,106,0.910377358490566,-0.012264150943396227,1.0,0.0,3.0,1.0,1.0,1.0,0.3030776571366807
res35_free_n0.5_stiff,0,voa,exact,5,300,none,1,0,1,0,0,106,0.910377358490566,-0.012264150943396227,1.0,0.0,1.7735849056603774,0.9905660377358491,0.7830188679245284,0.0,0.3030776571366807
res35_free_n0.5_stiff,0,always,can,5,300,none,0,0,0,0,0,299,-0.24916387959866107,1.2173913043478324,0.06354515050167224,0.9364548494983278,264.0,1.0,1.0,1.0,1.0105416069917319e-07
res35_free_n0.5_stiff,0,voa,can,5,300,none,1,0,1,0,0,194,0.43505154639175253,0.5159793814432982,0.6030927835051546,0.39690721649484534,31.175257731958762,0.5051546391752577,0.05154639175257732,0.0,0.30308437779912273
res35_free_n0.5_stiff,1,always,exact,5,300,none,1,0,1,0,0,106,0.910377358490566,0.0,1.0,0.0,3.0,1.0,1.0,1.0,0.30307765166173023
res35_free_n0.5_stiff,1,voa,exact,5,300,none,1,0,1,0,0,106,0.910377358490566,0.0,1.0,0.0,1.7547169811320755,0.9716981132075472,0.7830188679245284,0.0,0.30307765166173023
res35_free_n0.5_stiff,1,always,can,5,300,none,0,0,0,0,0,299,-0.24916387959866107,1.2173913043478324,0.06354515050167224,0.9364548494983278,264.0,1.0,1.0,1.0,1.0105416069917319e-07
res35_free_n0.5_stiff,1,voa,can,5,300,none,1,0,1,0,0,200,0.413,0.5394999999999992,0.585,0.415,29.96,0.49,0.045,0.0,0.30308438860315184
res35_free_n0.5_stiff,2,always,exact,5,300,none,1,0,1,0,0,107,0.9065420560747663,-0.012149532710280374,1.0,0.0,3.0,1.0,1.0,1.0,0.30307765716399393
res35_free_n0.5_stiff,2,voa,exact,5,300,none,1,0,1,0,0,107,0.9065420560747663,-0.012149532710280374,1.0,0.0,1.7476635514018692,0.9719626168224299,0.7757009345794392,0.0,0.30307765716399393
res35_free_n0.5_stiff,2,always,can,5,300,none,0,0,0,0,0,299,-0.24648829431438013,1.2130434782608759,0.06688963210702341,0.9331103678929766,264.0,1.0,1.0,1.0,1.0105416069948105e-07
res35_free_n0.5_stiff,2,voa,can,5,300,none,1,0,1,0,0,200,0.417,0.5329999999999993,0.59,0.41,30.24,0.49,0.05,0.0,0.3030843791605437
res35_free_n4.0_std,0,always,exact,5,300,none,1,0,1,0,0,123,0.9227642276422764,-0.10569105691056913,1.0,0.0,3.0,1.0,1.0,1.0,0.30158503696694505
res35_free_n4.0_std,0,voa,exact,5,300,none,1,0,1,0,0,138,0.9217391304347826,-0.08478260869565218,0.9927536231884058,0.007246376811594203,1.7463768115942029,0.9492753623188406,0.7971014492753623,0.0,0.303304384499155
res35_free_n4.0_std,0,always,can,5,300,none,0,0,0,0,0,299,-0.24916387959866107,1.2173913043478324,0.06354515050167224,0.9364548494983278,264.0,1.0,1.0,1.0,1.0105416069917319e-07
res35_free_n4.0_std,0,voa,can,5,300,none,1,0,1,0,0,228,0.5192982456140351,0.43903508771929767,0.6622807017543859,0.33771929824561403,28.982456140350877,0.4473684210526316,0.07017543859649122,0.0,0.3015943599290032
res35_free_n4.0_std,1,always,exact,5,300,none,1,0,1,0,0,123,0.9227642276422764,-0.052845528455284556,1.0,0.0,3.0,1.0,1.0,1.0,0.30158503154745775
res35_free_n4.0_std,1,voa,exact,5,300,none,1,0,1,0,0,138,0.9217391304347826,-0.07536231884057971,0.9927536231884058,0.007246376811594203,1.7391304347826086,0.9420289855072463,0.7971014492753623,0.0,0.3032903353437193
res35_free_n4.0_std,1,always,can,5,300,none,0,0,0,0,0,299,-0.24916387959866107,1.2173913043478324,0.06354515050167224,0.9364548494983278,264.0,1.0,1.0,1.0,1.0105416069917319e-07
res35_free_n4.0_std,1,voa,can,5,300,none,1,0,1,0,0,227,0.5,0.4581497797356822,0.6475770925110133,0.3524229074889868,29.356828193832598,0.4581497797356828,0.06607929515418502,0.0,0.3027441913016971
res35_free_n4.0_std,2,always,exact,5,300,none,1,0,1,0,0,124,0.9193548387096774,-0.09435483870967742,1.0,0.0,3.0,1.0,1.0,1.0,0.3015850372673458
res35_free_n4.0_std,2,voa,exact,5,300,none,1,0,1,0,0,139,0.918705035971223,-0.11223021582733815,0.9928057553956835,0.007194244604316547,1.7410071942446044,0.9424460431654677,0.7985611510791367,0.0,0.30329183388142494
res35_free_n4.0_std,2,always,can,5,300,none,0,0,0,0,0,299,-0.24648829431438013,1.2130434782608759,0.06688963210702341,0.9331103678929766,264.0,1.0,1.0,1.0,1.0105416069948105e-07
res35_free_n4.0_std,2,voa,can,5,300,none,1,0,1,0,0,225,0.5106666666666667,0.4448888888888883,0.6577777777777778,0.3422222222222222,30.613333333333333,0.4888888888888889,0.057777777777777775,0.0,0.3015916566276418
res35_free_n4.0_stiff,0,always,exact,5,300,none,1,0,1,0,0,106,0.910377358490566,-0.11037735849056604,1.0,0.0,3.0,1.0,1.0,1.0,0.3030776571366807
res35_free_n4.0_stiff,0,voa,exact,5,300,none,1,0,1,0,0,138,0.9217391304347826,-0.12246376811594205,0.9927536231884058,0.007246376811594203,1.7463768115942029,0.9492753623188406,0.7971014492753623,0.0,0.3015392344669645
res35_free_n4.0_stiff,0,always,can,5,300,none,0,0,0,0,0,299,-0.24916387959866107,1.2173913043478324,0.06354515050167224,0.9364548494983278,264.0,1.0,1.0,1.0,1.0105416069917319e-07
res35_free_n4.0_stiff,0,voa,can,5,300,none,1,0,1,0,0,211,0.48056872037914694,0.474407582938388,0.6350710900473934,0.36492890995260663,33.175355450236964,0.5165876777251185,0.07582938388625593,0.0,0.30308697884904506
res35_free_n4.0_stiff,1,always,exact,5,300,none,1,0,1,0,0,106,0.910377358490566,-0.04905660377358491,1.0,0.0,3.0,1.0,1.0,1.0,0.30307765166173023
res35_free_n4.0_stiff,1,voa,exact,5,300,none,1,0,1,0,0,140,0.9135714285714286,-0.08357142857142857,0.9857142857142858,0.014285714285714285,1.7285714285714286,0.9357142857142857,0.7928571428571428,0.0,0.30275535144111526
res35_free_n4.0_stiff,1,always,can,5,300,none,0,0,0,0,0,299,-0.24916387959866107,1.2173913043478324,0.06354515050167224,0.9364548494983278,264.0,1.0,1.0,1.0,1.0105416069917319e-07
res35_free_n4.0_stiff,1,voa,can,5,300,none,1,0,1,0,0,210,0.4595238095238095,0.4952380952380946,0.6190476190476191,0.38095238095238093,33.06666666666667,0.5190476190476191,0.07142857142857142,0.0,0.3030888510352721
res35_free_n4.0_stiff,2,always,exact,5,300,none,1,0,1,0,0,107,0.9065420560747663,-0.06074766355140187,1.0,0.0,3.0,1.0,1.0,1.0,0.30307765716399393
res35_free_n4.0_stiff,2,voa,exact,5,300,none,1,0,1,0,0,107,0.9065420560747663,-0.06074766355140187,1.0,0.0,1.7102803738317758,0.9345794392523364,0.7757009345794392,0.0,0.30307765716399393
res35_free_n4.0_stiff,2,always,can,5,300,none,0,0,0,0,0,299,-0.24648829431438013,1.2130434782608759,0.06688963210702341,0.9331103678929766,264.0,1.0,1.0,1.0,1.0105416069948105e-07
res35_free_n4.0_stiff,2,voa,can,5,300,none,1,0,1,0,0,208,0.47067307692307697,0.48124999999999934,0.6298076923076923,0.3701923076923077,32.57692307692308,0.5192307692307693,0.0625,0.0,0.30308427554805417
res60_anch_n0.5_std,0,always,exact,5,300,none,1,0,1,0,0,151,0.8278145695364238,-0.03443708609271523,1.0,0.13245033112582782,2.251655629139073,1.0,0.25165562913907286,1.0,0.30295082908683574
res60_anch_n0.5_std,0,voa,exact,5,300,none,1,0,1,0,0,151,0.8278145695364238,-0.03443708609271523,1.0,0.13245033112582782,1.0794701986754967,0.9867549668874173,0.09271523178807947,0.0,0.30295082908683574
res60_anch_n0.5_std,0,always,can,5,300,none,0,0,0,0,0,299,-0.2999999999999983,1.2173913043478324,0.06354515050167224,1.0,264.0,1.0,1.0,1.0,1.0105416069917319e-07
res60_anch_n0.5_std,0,voa,can,5,300,none,1,0,1,0,0,220,0.43272727272727257,0.4549999999999994,0.65,0.43636363636363634,17.818181818181817,0.2727272727272727,0.045454545454545456,0.0,0.3029401505047521
res60_anch_n0.5_std,1,always,exact,5,300,none,1,0,1,0,0,152,0.8289473684210527,-0.034210526315789476,1.0,0.13157894736842105,2.2565789473684212,1.0,0.2565789473684211,1.0,0.3029527391492472
res60_anch_n0.5_std,1,voa,exact,5,300,none,1,0,1,0,0,151,0.8278145695364238,-0.025827814569536426,0.9933774834437086,0.13245033112582782,1.0662251655629138,0.9735099337748344,0.09271523178807947,0.0,0.3029508099661955
res60_anch_n0.5_std,1,always,can,5,300,none,0,0,0,0,0,299,-0.2999999999999983,1.2173913043478324,0.06354515050167224,1.0,264.0,1.0,1.0,1.0,1.0105416069917319e-07
res60_anch_n0.5_std,1,voa,can,5,300,none,1,0,1,0,0,226,0.4132743362831856,0.4774336283185834,0.6327433628318584,0.45132743362831856,14.619469026548673,0.22123893805309736,0.03982300884955752,0.0,0.3029401613088081
res60_anch_n0.5_std,2,always,exact,5,300,none,1,0,1,0,0,152,0.8203947368421053,-0.034210526315789476,1.0,0.13815789473684212,2.2565789473684212,1.0,0.2565789473684211,1.0,0.302950828982936
res60_anch_n0.5_std,2,voa,exact,5,300,none,1,0,1,0,0,152,0.8203947368421053,-0.034210526315789476,1.0,0.13815789473684212,1.0723684210526316,0.9736842105263158,0.09868421052631579,0.0,0.302950828982936
res60_anch_n0.5_std,2,always,can,5,300,none,0,0,0,0,0,299,-0.2999999999999983,1.2130434782608759,0.06688963210702341,1.0,264.0,1.0,1.0,1.0,1.0105416069948105e-07
res60_anch_n0.5_std,2,voa,can,5,300,none,1,0,1,0,0,226,0.4132743362831856,0.4716814159292029,0.6371681415929203,0.45132743362831856,15.11504424778761,0.22566371681415928,0.04424778761061947,0.0,0.3029401518662179
res60_anch_n0.5_stiff,0,always,exact,5,300,none,1,0,1,0,0,153,0.8300653594771242,-0.03398692810457517,1.0,0.13071895424836602,2.2483660130718954,1.0,0.24836601307189543,1.0,0.30333985415978193
res60_anch_n0.5_stiff,0,voa,exact,5,300,none,1,0,1,0,0,153,0.8300653594771242,-0.03398692810457517,1.0,0.13071895424836602,1.0784313725490196,0.9869281045751634,0.0915032679738562,0.0,0.30333985415978193
res60_anch_n0.5_stiff,0,always,can,5,300,none,0,0,0,0,0,299,-0.2999999999999983,1.2173913043478324,0.06354515050167224,1.0,264.0,1.0,1.0,1.0,1.0105416069917319e-07
res60_anch_n0.5_stiff,0,voa,can,5,300,none,1,0,1,0,0,222,0.43783783783783764,0.4509009009009003,0.6531531531531531,0.43243243243243246,11.855855855855856,0.16666666666666666,0.04504504504504504,0.0,0.30332917557768624
res60_anch_n0.5_stiff,1,always,exact,5,300,none,1,0,1,0,0,154,0.8311688311688312,-0.03376623376623377,1.0,0.12987012987012986,2.2532467532467533,1.0,0.2532467532467532,1.0,0.3033417642221944
res60_anch_n0.5_stiff,1,voa,exact,5,300,none,1,0,1,0,0,153,0.8300653594771242,-0.025490196078431376,0.9934640522875817,0.13071895424836602,1.065359477124183,0.9738562091503268,0.0915032679738562,0.0,0.3033398350391414
res60_anch_n0.5_stiff,1,always,can,5,300,none,0,0,0,0,0,299,-0.2999999999999983,1.2173913043478324,0.06354515050167224,1.0,264.0,1.0,1.0,1.0,1.0105416069917319e-07
res60_anch_n0.5_stiff,1,voa,can,5,300,none,1,0,1,0,0,228,0.41842105263157875,0.4732456140350871,0.6359649122807017,0.4473684210526316,10.070175438596491,0.14035087719298245,0.039473684210526314,0.0,0.3033291863817413
res60_anch_n0.5_stiff,2,always,exact,5,300,none,1,0,1,0,0,154,0.8227272727272728,-0.03376623376623377,1.0,0.13636363636363635,2.2532467532467533,1.0,0.2532467532467532,1.0,0.30333985405587915
res60_anch_n0.5_stiff,2,voa,exact,5,300,none,1,0,1,0,0,154,0.8227272727272728,-0.03376623376623377,1.0,0.13636363636363635,1.0714285714285714,0.974025974025974,0.09740259740259741,0.0,0.30333985405587915
res60_anch_n0.5_stiff,2,always,can,5,300,none,0,0,0,0,0,299,-0.2999999999999983,1.2130434782608759,0.06688963210702341,1.0,264.0,1.0,1.0,1.0,1.0105416069948105e-07
res60_anch_n0.5_stiff,2,voa,can,5,300,none,1,0,1,0,0,228,0.41842105263157875,0.46754385964912215,0.6403508771929824,0.4473684210526316,10.31578947368421,0.14035087719298245,0.043859649122807015,0.0,0.30332917693915135
res60_anch_n4.0_std,0,always,exact,5,300,none,1,0,1,0,0,152,0.8289473684210527,-0.04276315789473684,1.0,0.13157894736842105,2.2565789473684212,1.0,0.2565789473684211,1.0,0.30295275826900225
res60_anch_n4.0_std,0,voa,exact,5,300,none,1,0,1,0,0,151,0.8105960264900662,-0.008609271523178811,0.9801324503311258,0.1456953642384106,1.0066225165562914,0.9205298013245033,0.08609271523178808,0.0,0.3029472794552237
res60_anch_n4.0_std,0,always,can,5,300,none,0,0,0,0,0,299,-0.2999999999999983,1.2173913043478324,0.06354515050167224,1.0,264.0,1.0,1.0,1.0,1.0105416069917319e-07
res60_anch_n4.0_std,0,voa,can,5,300,none,1,0,1,0,0,237,0.4734177215189872,0.4223628691983117,0.6751054852320675,0.4050632911392405,15.831223628691983,0.21518987341772153,0.06751054852320675,0.0,0.30294275155466743
res60_anch_n4.0_std,1,always,exact,5,300,none,1,0,1,0,0,152,0.8289473684210527,-0.02565789473684211,1.0,0.13157894736842105,2.2565789473684212,1.0,0.2565789473684211,1.0,0.3029527391492472
res60_anch_n4.0_std,1,voa,exact,5,300,none,1,0,1,0,0,151,0.8278145695364238,-0.017218543046357615,0.9933774834437086,0.13245033112582782,1.0264900662251655,0.9337748344370861,0.09271523178807947,0.0,0.3029508099661955
res60_anch_n4.0_std,1,always,can,5,300,none,0,0,0,0,0,299,-0.2999999999999983,1.2173913043478324,0.06354515050167224,1.0,264.0,1.0,1.0,1.0,1.0105416069917319e-07
res60_anch_n4.0_std,1,voa,can,5,300,none,1,0,1,0,0,236,0.45466101694915234,0.4406779661016943,0.6610169491525424,0.4194915254237288,15.423728813559322,0.211864406779661,0.0635593220338983,0.0,0.30294462374090436
res60_anch_n4.0_std,2,always,exact,5,300,none,1,0,1,0,0,153,0.8215686274509804,-0.042483660130718956,1.0,0.13725490196078433,2.261437908496732,1.0,0.26143790849673204,1.0,0.3029527581558944
res60_anch_n4.0_std,2,voa,exact,5,300,none,1,0,1,0,0,152,0.8032894736842104,0.0,0.9802631578947368,0.1513157894736842,1.006578947368421,0.9276315789473685,0.07894736842105263,0.0,0.3029472807816901
res60_anch_n4.0_std,2,always,can,5,300,none,0,0,0,0,0,299,-0.2999999999999983,1.2130434782608759,0.06688963210702341,1.0,264.0,1.0,1.0,1.0,1.0105416069948105e-07
res60_anch_n4.0_std,2,voa,can,5,300,none,1,0,1,0,0,234,0.46111111111111097,0.4277777777777772,0.6709401709401709,0.41452991452991456,17.70940170940171,0.2606837606837607,0.05555555555555555,0.0,0.3029400482537151
res60_anch_n4.0_stiff,0,always,exact,5,300,none,1,0,1,0,0,154,0.8311688311688312,-0.04220779220779221,1.0,0.12987012987012986,2.2532467532467533,1.0,0.2532467532467532,1.0,0.30334178334194867
res60_anch_n4.0_stiff,0,voa,exact,5,300,none,1,0,1,0,0,153,0.8130718954248366,-0.008496732026143794,0.9803921568627451,0.1437908496732026,1.0130718954248366,0.9281045751633987,0.08496732026143791,0.0,0.3033363045281584
res60_anch_n4.0_stiff,0,always,can,5,300,none,0,0,0,0,0,299,-0.2999999999999983,1.2173913043478324,0.06354515050167224,1.0,264.0,1.0,1.0,1.0,1.0105416069917319e-07
res60_anch_n4.0_stiff,0,voa,can,5,300,none,1,0,1,0,0,239,0.4778242677824266,0.4188284518828446,0.6778242677824268,0.401673640167364,14.761506276150628,0.19665271966527198,0.06694560669456066,0.0,0.3033317766276014
res60_anch_n4.0_stiff,1,always,exact,5,300,none,1,0,1,0,0,154,0.8311688311688312,-0.025324675324675326,1.0,0.12987012987012986,2.2532467532467533,1.0,0.2532467532467532,1.0,0.3033417642221944
res60_anch_n4.0_stiff,1,voa,exact,5,300,none,1,0,1,0,0,153,0.8300653594771242,-0.016993464052287584,0.9934640522875817,0.13071895424836602,1.026143790849673,0.934640522875817,0.0915032679738562,0.0,0.3033398350391414
res60_anch_n4.0_stiff,1,always,can,5,300,none,0,0,0,0,0,299,-0.2999999999999983,1.2173913043478324,0.06354515050167224,1.0,264.0,1.0,1.0,1.0,1.0105416069917319e-07
res60_anch_n4.0_stiff,1,voa,can,5,300,none,1,0,1,0,0,238,0.4592436974789914,0.4369747899159658,0.6638655462184874,0.41596638655462187,13.411764705882353,0.17647058823529413,0.06302521008403361,0.0,0.3033336488138375
res60_anch_n4.0_stiff,2,always,exact,5,300,none,1,0,1,0,0,155,0.8238709677419355,-0.041935483870967745,1.0,0.13548387096774195,2.2580645161290325,1.0,0.25806451612903225,1.0,0.3033417832288388
res60_anch_n4.0_stiff,2,voa,exact,5,300,none,1,0,1,0,0,154,0.8058441558441558,0.0,0.9805194805194806,0.14935064935064934,1.0129870129870129,0.935064935064935,0.07792207792207792,0.0,0.30333630585462656
res60_anch_n4.0_stiff,2,always,can,5,300,none,0,0,0,0,0,299,-0.2999999999999983,1.2130434782608759,0.06688963210702341,1.0,264.0,1.0,1.0,1.0,1.0105416069948105e-07
res60_anch_n4.0_stiff,2,voa,can,5,300,none,1,0,1,0,0,236,0.46567796610169476,0.4241525423728808,0.673728813559322,0.4110169491525424,13.76271186440678,0.1906779661016949,0.05508474576271186,0.0,0.30332907332664716
res60_free_n0.5_std,0,always,exact,5,300,none,1,0,1,0,0,151,0.9284768211920529,-0.03443708609271523,1.0,0.006622516556291391,2.251655629139073,1.0,0.25165562913907286,1.0,0.30295082906478177
res60_free_n0.5_std,0,voa,exact,5,300,none,1,0,1,0,0,151,0.9284768211920529,-0.03443708609271523,1.0,0.006622516556291391,1.0794701986754967,0.9867549668874173,0.09271523178807947,0.0,0.30295082906478177
res60_free_n0.5_std,0,always,can,5,300,none,0,0,0,0,0,299,-0.24916387959866107,1.2173913043478324,0.06354515050167224,0.9364548494983278,264.0,1.0,1.0,1.0,1.0105416069917319e-07
res60_free_n0.5_std,0,voa,can,5,300,none,1,0,1,0,0,220,0.5018181818181818,0.4549999999999994,0.65,0.35,17.818181818181817,0.2727272727272727,0.045454545454545456,0.0,0.30294015050475237
res60_free_n0.5_std,1,always,exact,5,300,none,1,0,1,0,0,152,0.9289473684210525,-0.034210526315789476,1.0,0.006578947368421052,2.2565789473684212,1.0,0.2565789473684211,1.0,0.3029527527825011
res60_free_n0.5_std,1,voa,exact,5,300,none,1,0,1,0,0,151,0.9284768211920529,-0.025827814569536426,0.9933774834437086,0.006622516556291391,1.0662251655629138,0.9735099337748344,0.09271523178807947,0.0,0.3029508236008174
res60_free_n0.5_std,1,always,can,5,300,none,0,0,0,0,0,299,-0.24916387959866107,1.2173913043478324,0.06354515050167224,0.9364548494983278,264.0,1.0,1.0,1.0,1.0105416069917319e-07
res60_free_n0.5_std,1,voa,can,5,300,none,1,0,1,0,0,226,0.4805309734513274,0.4774336283185834,0.6327433628318584,0.3672566371681416,14.619469026548673,0.22123893805309736,0.03982300884955752,0.0,0.3029401613088071
res60_free_n0.5_std,2,always,exact,5,300,none,1,0,1,0,0,152,0.925657894736842,-0.034210526315789476,1.0,0.006578947368421052,2.2565789473684212,1.0,0.2565789473684211,1.0,0.30295082896434883
res60_free_n0.5_std,2,voa,exact,5,300,none,1,0,1,0,0,152,0.925657894736842,-0.034210526315789476,1.0,0.006578947368421052,1.0723684210526316,0.9736842105263158,0.09868421052631579,0.0,0.30295082896434883
res60_free_n0.5_std,2,always,can,5,300,none,0,0,0,0,0,299,-0.24648829431438013,1.2130434782608759,0.06688963210702341,0.9331103678929766,264.0,1.0,1.0,1.0,1.0105416069948105e-07
res60_free_n0.5_std,2,voa,can,5,300,none,1,0,1,0,0,226,0.484070796460177,0.4716814159292029,0.6371681415929203,0.36283185840707965,15.11504424778761,0.22566371681415928,0.04424778761061947,0.0,0.30294015186621814
res60_free_n0.5_stiff,0,always,exact,5,300,none,1,0,1,0,0,153,0.9294117647058823,-0.03398692810457517,1.0,0.006535947712418301,2.2483660130718954,1.0,0.24836601307189543,1.0,0.30333985592458634
res60_free_n0.5_stiff,0,voa,exact,5,300,none,1,0,1,0,0,153,0.9294117647058823,-0.03398692810457517,1.0,0.006535947712418301,1.0784313725490196,0.9869281045751634,0.0915032679738562,0.0,0.30333985592458634
res60_free_n0.5_stiff,0,always,can,5,300,none,0,0,0,0,0,299,-0.24916387959866107,1.2173913043478324,0.06354515050167224,0.9364548494983278,264.0,1.0,1.0,1.0,1.0105416069917319e-07
res60_free_n0.5_stiff,0,voa,can,5,300,none,1,0,1,0,0,222,0.5063063063063062,0.4509009009009003,0.6531531531531531,0.34684684684684686,11.855855855855856,0.16666666666666666,0.04504504504504504,0.0,0.30332917738646176
res60_free_n0.5_stiff,1,always,exact,5,300,none,1,0,1,0,0,154,0.9298701298701298,-0.03376623376623377,1.0,0.006493506493506494,2.2532467532467533,1.0,0.2532467532467532,1.0,0.3033417796415725
res60_free_n0.5_stiff,1,voa,exact,5,300,none,1,0,1,0,0,153,0.9294117647058823,-0.025490196078431376,0.9934640522875817,0.006535947712418301,1.065359477124183,0.9738562091503268,0.0915032679738562,0.0,0.30333985045989253
res60_free_n0.5_stiff,1,always,can,5,300,none,0,0,0,0,0,299,-0.24916387959866107,1.2173913043478324,0.06354515050167224,0.9364548494983278,264.0,1.0,1.0,1.0,1.0105416069917319e-07
res60_free_n0.5_stiff,1,voa,can,5,300,none,1,0,1,0,0,228,0.48508771929824557,0.4732456140350871,0.6359649122807017,0.36403508771929827,10.070175438596491,0.14035087719298245,0.039473684210526314,0.0,0.3033291881905148
res60_free_n0.5_stiff,2,always,exact,5,300,none,1,0,1,0,0,154,0.9266233766233766,-0.03376623376623377,1.0,0.006493506493506494,2.2532467532467533,1.0,0.2532467532467532,1.0,0.3033398558283874
res60_free_n0.5_stiff,2,voa,exact,5,300,none,1,0,1,0,0,154,0.9266233766233766,-0.03376623376623377,1.0,0.006493506493506494,1.0714285714285714,0.974025974025974,0.09740259740259741,0.0,0.3033398558283874
res60_free_n0.5_stiff,2,always,can,5,300,none,0,0,0,0,0,299,-0.24648829431438013,1.2130434782608759,0.06688963210702341,0.9331103678929766,264.0,1.0,1.0,1.0,1.0105416069948105e-07
res60_free_n0.5_stiff,2,voa,can,5,300,none,1,0,1,0,0,228,0.48859649122807014,0.46754385964912215,0.6403508771929824,0.35964912280701755,10.31578947368421,0.14035087719298245,0.043859649122807015,0.0,0.30332917874792364
res60_free_n4.0_std,0,always,exact,5,300,none,1,0,1,0,0,152,0.9289473684210525,-0.04276315789473684,1.0,0.006578947368421052,2.2565789473684212,1.0,0.2565789473684211,1.0,0.30295275824496626
res60_free_n4.0_std,0,voa,exact,5,300,none,1,0,1,0,0,151,0.9112582781456954,-0.008609271523178811,0.9801324503311258,0.019867549668874173,1.0066225165562914,0.9205298013245033,0.08609271523178808,0.0,0.3029472797411095
res60_free_n4.0_std,0,always,can,5,300,none,0,0,0,0,0,299,-0.24916387959866107,1.2173913043478324,0.06354515050167224,0.9364548494983278,264.0,1.0,1.0,1.0,1.0105416069917319e-07
res60_free_n4.0_std,0,voa,can,5,300,none,1,0,1,0,0,237,0.5375527426160338,0.4223628691983117,0.6751054852320675,0.32489451476793246,15.831223628691983,0.21518987341772153,0.06751054852320675,0.0,0.3029427515546681
res60_free_n4.0_std,1,always,exact,5,300,none,1,0,1,0,0,152,0.9289473684210525,-0.02565789473684211,1.0,0.006578947368421052,2.2565789473684212,1.0,0.2565789473684211,1.0,0.3029527527825011
res60_free_n4.0_std,1,voa,exact,5,300,none,1,0,1,0,0,151,0.9284768211920529,-0.017218543046357615,0.9933774834437086,0.006622516556291391,1.0264900662251655,0.9337748344370861,0.09271523178807947,0.0,0.3029508236008174
res60_free_n4.0_std,1,always,can,5,300,none,0,0,0,0,0,299,-0.24916387959866107,1.2173913043478324,0.06354515050167224,0.9364548494983278,264.0,1.0,1.0,1.0,1.0105416069917319e-07
res60_free_n4.0_std,1,voa,can,5,300,none,1,0,1,0,0,236,0.5190677966101694,0.4406779661016943,0.6610169491525424,0.3389830508474576,15.423728813559322,0.211864406779661,0.0635593220338983,0.0,0.3029446237409049
res60_free_n4.0_std,2,always,exact,5,300,none,1,0,1,0,0,153,0.9261437908496731,-0.042483660130718956,1.0,0.006535947712418301,2.261437908496732,1.0,0.26143790849673204,1.0,0.3029527581356535
res60_free_n4.0_std,2,voa,exact,5,300,none,1,0,1,0,0,152,0.9085526315789473,0.0,0.9802631578947368,0.019736842105263157,1.006578947368421,0.9276315789473685,0.07894736842105263,0.0,0.3029472810144082
res60_free_n4.0_std,2,always,can,5,300,none,0,0,0,0,0,299,-0.24648829431438013,1.2130434782608759,0.06688963210702341,0.9331103678929766,264.0,1.0,1.0,1.0,1.0105416069948105e-07
res60_free_n4.0_std,2,voa,can,5,300,none,1,0,1,0,0,234,0.5294871794871795,0.4277777777777772,0.6709401709401709,0.32905982905982906,17.70940170940171,0.2606837606837607,0.05555555555555555,0.0,0.3029400482537142
res60_free_n4.0_stiff,0,always,exact,5,300,none,1,0,1,0,0,154,0.9298701298701298,-0.04220779220779221,1.0,0.006493506493506494,2.2532467532467533,1.0,0.2532467532467532,1.0,0.3033417851047707
res60_free_n4.0_stiff,0,voa,exact,5,300,none,1,0,1,0,0,153,0.9124183006535947,-0.008496732026143794,0.9803921568627451,0.0196078431372549,1.0130718954248366,0.9281045751633987,0.08496732026143791,0.0,0.3033363066228193
res60_free_n4.0_stiff,0,always,can,5,300,none,0,0,0,0,0,299,-0.24916387959866107,1.2173913043478324,0.06354515050167224,0.9364548494983278,264.0,1.0,1.0,1.0,1.0105416069917319e-07
res60_free_n4.0_stiff,0,voa,can,5,300,none,1,0,1,0,0,239,0.5414225941422595,0.4188284518828446,0.6778242677824268,0.32217573221757323,14.761506276150628,0.19665271966527198,0.06694560669456066,0.0,0.3033317784363319
res60_free_n4.0_stiff,1,always,exact,5,300,none,1,0,1,0,0,154,0.9298701298701298,-0.025324675324675326,1.0,0.006493506493506494,2.2532467532467533,1.0,0.2532467532467532,1.0,0.3033417796415725
res60_free_n4.0_stiff,1,voa,exact,5,300,none,1,0,1,0,0,153,0.9294117647058823,-0.016993464052287584,0.9934640522875817,0.006535947712418301,1.026143790849673,0.934640522875817,0.0915032679738562,0.0,0.30333985045989253
res60_free_n4.0_stiff,1,always,can,5,300,none,0,0,0,0,0,299,-0.24916387959866107,1.2173913043478324,0.06354515050167224,0.9364548494983278,264.0,1.0,1.0,1.0,1.0105416069917319e-07
res60_free_n4.0_stiff,1,voa,can,5,300,none,1,0,1,0,0,238,0.523109243697479,0.4369747899159658,0.6638655462184874,0.33613445378151263,13.411764705882353,0.17647058823529413,0.06302521008403361,0.0,0.30333365062261347
res60_free_n4.0_stiff,2,always,exact,5,300,none,1,0,1,0,0,155,0.9270967741935483,-0.041935483870967745,1.0,0.0064516129032258064,2.2580645161290325,1.0,0.25806451612903225,1.0,0.3033417849996885
res60_free_n4.0_stiff,2,voa,exact,5,300,none,1,0,1,0,0,154,0.9097402597402597,0.0,0.9805194805194806,0.01948051948051948,1.0129870129870129,0.935064935064935,0.07792207792207792,0.0,0.30333630789611804
res60_free_n4.0_stiff,2,always,can,5,300,none,0,0,0,0,0,299,-0.24648829431438013,1.2130434782608759,0.06688963210702341,0.9331103678929766,264.0,1.0,1.0,1.0,1.0105416069948105e-07
res60_free_n4.0_stiff,2,voa,can,5,300,none,1,0,1,0,0,236,0.5334745762711864,0.4241525423728808,0.673728813559322,0.326271186440678,13.76271186440678,0.1906779661016949,0.05508474576271186,0.0,0.30332907513538176
res85_anch_n0.5_std,0,always,exact,5,300,none,0,0,0,0,0,299,0.9130434782608695,-0.017391304347826087,1.0,0.06688963210702341,2.1270903010033444,1.0,0.12709030100334448,1.0,0.0006242601542346697
res85_anch_n0.5_std,0,voa,exact,5,300,none,0,0,0,0,0,299,0.9130434782608695,-0.017391304347826087,1.0,0.06688963210702341,0.3979933110367893,0.3511705685618729,0.046822742474916385,0.0,0.0006242601542346697
res85_anch_n0.5_std,0,always,can,5,300,none,0,0,0,0,0,299,-0.2999999999999983,1.2173913043478324,0.06354515050167224,1.0,264.0,1.0,1.0,1.0,1.0105416069917319e-07
res85_anch_n0.5_std,0,voa,can,5,300,none,0,0,0,0,0,299,0.5826086956521738,0.33478260869565174,0.7424749163879598,0.3210702341137124,7.678929765886288,0.10367892976588629,0.033444816053511704,0.0,0.0004457775351897364
res85_anch_n0.5_std,1,always,exact,5,300,none,0,0,0,0,0,299,0.9130434782608695,-0.017391304347826087,1.0,0.06688963210702341,2.130434782608696,1.0,0.13043478260869565,1.0,0.0006237382741699198
res85_anch_n0.5_std,1,voa,exact,5,300,none,0,0,0,0,0,299,0.9130434782608695,-0.013043478260869566,0.9966555183946488,0.06688963210702341,0.391304347826087,0.34448160535117056,0.046822742474916385,0.0,0.0006242410336584397
res85_anch_n0.5_std,1,always,can,5,300,none,0,0,0,0,0,299,-0.2999999999999983,1.2173913043478324,0.06354515050167224,1.0,264.0,1.0,1.0,1.0,1.0105416069917319e-07
res85_anch_n0.5_std,1,voa,can,5,300,none,0,0,0,0,0,299,0.5565217391304346,0.3608695652173908,0.7224080267558528,0.3411371237458194,7.304347826086956,0.10033444816053512,0.030100334448160536,0.0,0.00043119668393762746
res85_anch_n0.5_std,2,always,exact,5,300,none,0,0,0,0,0,299,0.908695652173913,-0.017391304347826087,1.0,0.07023411371237458,2.130434782608696,1.0,0.13043478260869565,1.0,0.0006218281075986722
res85_anch_n0.5_std,2,voa,exact,5,300,none,0,0,0,0,0,299,0.908695652173913,-0.017391304347826087,1.0,0.07023411371237458,0.4013377926421405,0.3511705685618729,0.05016722408026756,0.0,0.0006218281075986722
res85_anch_n0.5_std,2,always,can,5,300,none,0,0,0,0,0,299,-0.2999999999999983,1.2130434782608759,0.06688963210702341,1.0,264.0,1.0,1.0,1.0,1.0105416069948105e-07
res85_anch_n0.5_std,2,voa,can,5,300,none,0,0,0,0,0,299,0.5565217391304346,0.3565217391304343,0.725752508361204,0.3411371237458194,7.491638795986622,0.10033444816053512,0.033444816053511704,0.0,0.0004311872413691489
res85_anch_n0.5_stiff,0,always,exact,5,300,none,0,0,0,0,0,299,0.9130434782608695,-0.017391304347826087,1.0,0.06688963210702341,2.1270903010033444,1.0,0.12709030100334448,1.0,0.0006242601542346697
res85_anch_n0.5_stiff,0,voa,exact,5,300,none,0,0,0,0,0,299,0.9130434782608695,-0.017391304347826087,1.0,0.06688963210702341,0.3979933110367893,0.3511705685618729,0.046822742474916385,0.0,0.0006242601542346697
res85_anch_n0.5_stiff,0,always,can,5,300,none,0,0,0,0,0,299,-0.2999999999999983,1.2173913043478324,0.06354515050167224,1.0,264.0,1.0,1.0,1.0,1.0105416069917319e-07
res85_anch_n0.5_stiff,0,voa,can,5,300,none,0,0,0,0,0,299,0.5826086956521738,0.33478260869565174,0.7424749163879598,0.3210702341137124,7.678929765886288,0.10367892976588629,0.033444816053511704,0.0,0.0004457775351897364
res85_anch_n0.5_stiff,1,always,exact,5,300,none,0,0,0,0,0,299,0.9130434782608695,-0.017391304347826087,1.0,0.06688963210702341,2.130434782608696,1.0,0.13043478260869565,1.0,0.0006237382741699198
res85_anch_n0.5_stiff,1,voa,exact,5,300,none,0,0,0,0,0,299,0.9130434782608695,-0.013043478260869566,0.9966555183946488,0.06688963210702341,0.391304347826087,0.34448160535117056,0.046822742474916385,0.0,0.0006242410336584397
res85_anch_n0.5_stiff,1,always,can,5,300,none,0,0,0,0,0,299,-0.2999999999999983,1.2173913043478324,0.06354515050167224,1.0,264.0,1.0,1.0,1.0,1.0105416069917319e-07
res85_anch_n0.5_stiff,1,voa,can,5,300,none,0,0,0,0,0,299,0.5565217391304346,0.3608695652173908,0.7224080267558528,0.3411371237458194,7.304347826086956,0.10033444816053512,0.030100334448160536,0.0,0.00043119668393762746
res85_anch_n0.5_stiff,2,always,exact,5,300,none,0,0,0,0,0,299,0.908695652173913,-0.017391304347826087,1.0,0.07023411371237458,2.130434782608696,1.0,0.13043478260869565,1.0,0.0006218281075986722
res85_anch_n0.5_stiff,2,voa,exact,5,300,none,0,0,0,0,0,299,0.908695652173913,-0.017391304347826087,1.0,0.07023411371237458,0.4013377926421405,0.3511705685618729,0.05016722408026756,0.0,0.0006218281075986722
res85_anch_n0.5_stiff,2,always,can,5,300,none,0,0,0,0,0,299,-0.2999999999999983,1.2130434782608759,0.06688963210702341,1.0,264.0,1.0,1.0,1.0,1.0105416069948105e-07
res85_anch_n0.5_stiff,2,voa,can,5,300,none,0,0,0,0,0,299,0.5565217391304346,0.3565217391304343,0.725752508361204,0.3411371237458194,7.491638795986622,0.10033444816053512,0.033444816053511704,0.0,0.0004311872413691489
res85_anch_n4.0_std,0,always,exact,5,300,none,0,0,0,0,0,299,0.9130434782608695,-0.021739130434782608,1.0,0.06688963210702341,2.130434782608696,1.0,0.13043478260869565,1.0,0.0006237573938857725
res85_anch_n4.0_std,0,voa,exact,5,300,none,0,0,0,0,0,299,0.9043478260869564,-0.0043478260869565235,0.9899665551839465,0.07357859531772576,0.3779264214046823,0.33444816053511706,0.043478260869565216,0.0,0.0006207105215149816
res85_anch_n4.0_std,0,always,can,5,300,none,0,0,0,0,0,299,-0.2999999999999983,1.2173913043478324,0.06354515050167224,1.0,264.0,1.0,1.0,1.0,1.0105416069917319e-07
res85_anch_n4.0_std,0,voa,can,5,300,none,0,0,0,0,0,299,0.5826086956521738,0.33478260869565174,0.7424749163879598,0.3210702341137124,11.424749163879598,0.1505016722408027,0.05351170568561873,0.0,0.0004070355618593417
res85_anch_n4.0_std,1,always,exact,5,300,none,0,0,0,0,0,299,0.9130434782608695,-0.013043478260869566,1.0,0.06688963210702341,2.130434782608696,1.0,0.13043478260869565,1.0,0.0006237382741699198
res85_anch_n4.0_std,1,voa,exact,5,300,none,0,0,0,0,0,299,0.9130434782608695,-0.008695652173913044,0.9966555183946488,0.06688963210702341,0.391304347826087,0.34448160535117056,0.046822742474916385,0.0,0.0006242410336584397
res85_anch_n4.0_std,1,always,can,5,300,none,0,0,0,0,0,299,-0.2999999999999983,1.2173913043478324,0.06354515050167224,1.0,264.0,1.0,1.0,1.0,1.0105416069917319e-07
res85_anch_n4.0_std,1,voa,can,5,300,none,0,0,0,0,0,299,0.5695652173913042,0.3478260869565213,0.7324414715719063,0.3311036789297659,10.488294314381271,0.13712374581939799,0.05016722408026756,0.0,0.0004113396905720907
res85_anch_n4.0_std,2,always,exact,5,300,none,0,0,0,0,0,299,0.908695652173913,-0.021739130434782608,1.0,0.07023411371237458,2.1337792642140467,1.0,0.13377926421404682,1.0,0.0006213253380262734
res85_anch_n4.0_std,2,voa,exact,5,300,none,0,0,0,0,0,299,0.9,0.0,0.9899665551839465,0.07692307692307693,0.36789297658862874,0.3277591973244147,0.04013377926421405,0.0,0.0006182799055023506
res85_anch_n4.0_std,2,always,can,5,300,none,0,0,0,0,0,299,-0.2999999999999983,1.2130434782608759,0.06688963210702341,1.0,264.0,1.0,1.0,1.0,1.0105416069948105e-07
res85_anch_n4.0_std,2,voa,can,5,300,none,0,0,0,0,0,299,0.5782608695652173,0.33478260869565174,0.7424749163879598,0.32441471571906355,10.301003344481606,0.14046822742474915,0.043478260869565216,0.0,0.00041162808849945953
res85_anch_n4.0_stiff,0,always,exact,5,300,none,0,0,0,0,0,299,0.9130434782608695,-0.021739130434782608,1.0,0.06688963210702341,2.130434782608696,1.0,0.13043478260869565,1.0,0.0006237573938857725
res85_anch_n4.0_stiff,0,voa,exact,5,300,none,0,0,0,0,0,299,0.9043478260869564,-0.0043478260869565235,0.9899665551839465,0.07357859531772576,0.3779264214046823,0.33444816053511706,0.043478260869565216,0.0,0.0006207105215149816
res85_anch_n4.0_stiff,0,always,can,5,300,none,0,0,0,0,0,299,-0.2999999999999983,1.2173913043478324,0.06354515050167224,1.0,264.0,1.0,1.0,1.0,1.0105416069917319e-07
res85_anch_n4.0_stiff,0,voa,can,5,300,none,0,0,0,0,0,299,0.5826086956521738,0.33478260869565174,0.7424749163879598,0.3210702341137124,11.424749163879598,0.1505016722408027,0.05351170568561873,0.0,0.0004070355618593417
res85_anch_n4.0_stiff,1,always,exact,5,300,none,0,0,0,0,0,299,0.9130434782608695,-0.013043478260869566,1.0,0.06688963210702341,2.130434782608696,1.0,0.13043478260869565,1.0,0.0006237382741699198
res85_anch_n4.0_stiff,1,voa,exact,5,300,none,0,0,0,0,0,299,0.9130434782608695,-0.008695652173913044,0.9966555183946488,0.06688963210702341,0.391304347826087,0.34448160535117056,0.046822742474916385,0.0,0.0006242410336584397
res85_anch_n4.0_stiff,1,always,can,5,300,none,0,0,0,0,0,299,-0.2999999999999983,1.2173913043478324,0.06354515050167224,1.0,264.0,1.0,1.0,1.0,1.0105416069917319e-07
res85_anch_n4.0_stiff,1,voa,can,5,300,none,0,0,0,0,0,299,0.5695652173913042,0.3478260869565213,0.7324414715719063,0.3311036789297659,10.488294314381271,0.13712374581939799,0.05016722408026756,0.0,0.0004113396905720907
res85_anch_n4.0_stiff,2,always,exact,5,300,none,0,0,0,0,0,299,0.908695652173913,-0.021739130434782608,1.0,0.07023411371237458,2.1337792642140467,1.0,0.13377926421404682,1.0,0.0006213253380262734
res85_anch_n4.0_stiff,2,voa,exact,5,300,none,0,0,0,0,0,299,0.9,0.0,0.9899665551839465,0.07692307692307693,0.36789297658862874,0.3277591973244147,0.04013377926421405,0.0,0.0006182799055023506
res85_anch_n4.0_stiff,2,always,can,5,300,none,0,0,0,0,0,299,-0.2999999999999983,1.2130434782608759,0.06688963210702341,1.0,264.0,1.0,1.0,1.0,1.0105416069948105e-07
res85_anch_n4.0_stiff,2,voa,can,5,300,none,0,0,0,0,0,299,0.5782608695652173,0.33478260869565174,0.7424749163879598,0.32441471571906355,10.301003344481606,0.14046822742474915,0.043478260869565216,0.0,0.00041162808849945953
res85_free_n0.5_std,0,always,exact,5,300,none,0,0,0,0,0,299,0.9638795986622073,-0.017391304347826087,1.0,0.0033444816053511705,2.1270903010033444,1.0,0.12709030100334448,1.0,0.0006242601321502361
res85_free_n0.5_std,0,voa,exact,5,300,none,0,0,0,0,0,299,0.9638795986622073,-0.017391304347826087,1.0,0.0033444816053511705,0.3979933110367893,0.3511705685618729,0.046822742474916385,0.0,0.0006242601321502361
res85_free_n0.5_std,0,always,can,5,300,none,0,0,0,0,0,299,-0.24916387959866107,1.2173913043478324,0.06354515050167224,0.9364548494983278,264.0,1.0,1.0,1.0,1.0105416069917319e-07
res85_free_n0.5_std,0,voa,can,5,300,none,0,0,0,0,0,299,0.6334448160535117,0.33478260869565174,0.7424749163879598,0.25752508361204013,7.678929765886288,0.10367892976588629,0.033444816053511704,0.0,0.0004457775352185663
res85_free_n0.5_std,1,always,exact,5,300,none,0,0,0,0,0,299,0.9638795986622073,-0.017391304347826087,1.0,0.0033444816053511705,2.130434782608696,1.0,0.13043478260869565,1.0,0.00062375190741478
res85_free_n0.5_std,1,voa,exact,5,300,none,0,0,0,0,0,299,0.9638795986622073,-0.013043478260869566,0.9966555183946488,0.0033444816053511705,0.391304347826087,0.34448160535117056,0.046822742474916385,0.0,0.0006242546681883793
res85_free_n0.5_std,1,always,can,5,300,none,0,0,0,0,0,299,-0.24916387959866107,1.2173913043478324,0.06354515050167224,0.9364548494983278,264.0,1.0,1.0,1.0,1.0105416069917319e-07
res85_free_n0.5_std,1,voa,can,5,300,none,0,0,0,0,0,299,0.6073578595317726,0.3608695652173908,0.7224080267558528,0.27759197324414714,7.304347826086956,0.10033444816053512,0.030100334448160536,0.0,0.00043119668394858197
res85_free_n0.5_std,2,always,exact,5,300,none,0,0,0,0,0,299,0.9622073578595317,-0.017391304347826087,1.0,0.0033444816053511705,2.130434782608696,1.0,0.13043478260869565,1.0,0.0006218280889791823
res85_free_n0.5_std,2,voa,exact,5,300,none,0,0,0,0,0,299,0.9622073578595317,-0.017391304347826087,1.0,0.0033444816053511705,0.4013377926421405,0.3511705685618729,0.05016722408026756,0.0,0.0006218280889791823
res85_free_n0.5_std,2,always,can,5,300,none,0,0,0,0,0,299,-0.24648829431438013,1.2130434782608759,0.06688963210702341,0.9331103678929766,264.0,1.0,1.0,1.0,1.0105416069948105e-07
res85_free_n0.5_std,2,voa,can,5,300,none,0,0,0,0,0,299,0.6100334448160535,0.3565217391304343,0.725752508361204,0.27424749163879597,7.491638795986622,0.10033444816053512,0.033444816053511704,0.0,0.00043118724137406204
res85_free_n0.5_stiff,0,always,exact,5,300,none,0,0,0,0,0,299,0.9638795986622073,-0.017391304347826087,1.0,0.0033444816053511705,2.1270903010033444,1.0,0.12709030100334448,1.0,0.0006242601321502361
res85_free_n0.5_stiff,0,voa,exact,5,300,none,0,0,0,0,0,299,0.9638795986622073,-0.017391304347826087,1.0,0.0033444816053511705,0.3979933110367893,0.3511705685618729,0.046822742474916385,0.0,0.0006242601321502361
res85_free_n0.5_stiff,0,always,can,5,300,none,0,0,0,0,0,299,-0.24916387959866107,1.2173913043478324,0.06354515050167224,0.9364548494983278,264.0,1.0,1.0,1.0,1.0105416069917319e-07
res85_free_n0.5_stiff,0,voa,can,5,300,none,0,0,0,0,0,299,0.6334448160535117,0.33478260869565174,0.7424749163879598,0.25752508361204013,7.678929765886288,0.10367892976588629,0.033444816053511704,0.0,0.0004457775352185663
res85_free_n0.5_stiff,1,always,exact,5,300,none,0,0,0,0,0,299,0.9638795986622073,-0.017391304347826087,1.0,0.0033444816053511705,2.130434782608696,1.0,0.13043478260869565,1.0,0.00062375190741478
res85_free_n0.5_stiff,1,voa,exact,5,300,none,0,0,0,0,0,299,0.9638795986622073,-0.013043478260869566,0.9966555183946488,0.0033444816053511705,0.391304347826087,0.34448160535117056,0.046822742474916385,0.0,0.0006242546681883793
res85_free_n0.5_stiff,1,always,can,5,300,none,0,0,0,0,0,299,-0.24916387959866107,1.2173913043478324,0.06354515050167224,0.9364548494983278,264.0,1.0,1.0,1.0,1.0105416069917319e-07
res85_free_n0.5_stiff,1,voa,can,5,300,none,0,0,0,0,0,299,0.6073578595317726,0.3608695652173908,0.7224080267558528,0.27759197324414714,7.304347826086956,0.10033444816053512,0.030100334448160536,0.0,0.00043119668394858197
res85_free_n0.5_stiff,2,always,exact,5,300,none,0,0,0,0,0,299,0.9622073578595317,-0.017391304347826087,1.0,0.0033444816053511705,2.130434782608696,1.0,0.13043478260869565,1.0,0.0006218280889791823
res85_free_n0.5_stiff,2,voa,exact,5,300,none,0,0,0,0,0,299,0.9622073578595317,-0.017391304347826087,1.0,0.0033444816053511705,0.4013377926421405,0.3511705685618729,0.05016722408026756,0.0,0.0006218280889791823
res85_free_n0.5_stiff,2,always,can,5,300,none,0,0,0,0,0,299,-0.24648829431438013,1.2130434782608759,0.06688963210702341,0.9331103678929766,264.0,1.0,1.0,1.0,1.0105416069948105e-07
res85_free_n0.5_stiff,2,voa,can,5,300,none,0,0,0,0,0,299,0.6100334448160535,0.3565217391304343,0.725752508361204,0.27424749163879597,7.491638795986622,0.10033444816053512,0.033444816053511704,0.0,0.00043118724137406204
res85_free_n4.0_std,0,always,exact,5,300,none,0,0,0,0,0,299,0.9638795986622073,-0.021739130434782608,1.0,0.0033444816053511705,2.130434782608696,1.0,0.13043478260869565,1.0,0.0006237573697990565
res85_free_n4.0_std,0,voa,exact,5,300,none,0,0,0,0,0,299,0.9551839464882944,-0.0043478260869565235,0.9899665551839465,0.010033444816053512,0.3779264214046823,0.33444816053511706,0.043478260869565216,0.0,0.0006207108074044739
res85_free_n4.0_std,0,always,can,5,300,none,0,0,0,0,0,299,-0.24916387959866107,1.2173913043478324,0.06354515050167224,0.9364548494983278,264.0,1.0,1.0,1.0,1.0105416069917319e-07
res85_free_n4.0_std,0,voa,can,5,300,none,0,0,0,0,0,299,0.6334448160535118,0.33478260869565174,0.7424749163879598,0.25752508361204013,11.424749163879598,0.1505016722408027,0.05351170568561873,0.0,0.0004070355618158253
res85_free_n4.0_std,1,always,exact,5,300,none,0,0,0,0,0,299,0.9638795986622073,-0.013043478260869566,1.0,0.0033444816053511705,2.130434782608696,1.0,0.13043478260869565,1.0,0.00062375190741478
res85_free_n4.0_std,1,voa,exact,5,300,none,0,0,0,0,0,299,0.9638795986622073,-0.008695652173913044,0.9966555183946488,0.0033444816053511705,0.391304347826087,0.34448160535117056,0.046822742474916385,0.0,0.0006242546681883793
res85_free_n4.0_std,1,always,can,5,300,none,0,0,0,0,0,299,-0.24916387959866107,1.2173913043478324,0.06354515050167224,0.9364548494983278,264.0,1.0,1.0,1.0,1.0105416069917319e-07
res85_free_n4.0_std,1,voa,can,5,300,none,0,0,0,0,0,299,0.6204013377926422,0.3478260869565213,0.7324414715719063,0.26755852842809363,10.488294314381271,0.13712374581939799,0.05016722408026756,0.0,0.00041133969055138386
res85_free_n4.0_std,2,always,exact,5,300,none,0,0,0,0,0,299,0.9622073578595317,-0.021739130434782608,1.0,0.0033444816053511705,2.1337792642140467,1.0,0.13377926421404682,1.0,0.000621325317762272
res85_free_n4.0_std,2,voa,exact,5,300,none,0,0,0,0,0,299,0.9535117056856188,0.0,0.9899665551839465,0.010033444816053512,0.36789297658862874,0.3277591973244147,0.04013377926421405,0.0,0.0006182801381942507
res85_free_n4.0_std,2,always,can,5,300,none,0,0,0,0,0,299,-0.24648829431438013,1.2130434782608759,0.06688963210702341,0.9331103678929766,264.0,1.0,1.0,1.0,1.0105416069948105e-07
res85_free_n4.0_std,2,voa,can,5,300,none,0,0,0,0,0,299,0.6317725752508362,0.33478260869565174,0.7424749163879598,0.25752508361204013,10.301003344481606,0.14046822742474915,0.043478260869565216,0.0,0.0004116280884641951
res85_free_n4.0_stiff,0,always,exact,5,300,none,0,0,0,0,0,299,0.9638795986622073,-0.021739130434782608,1.0,0.0033444816053511705,2.130434782608696,1.0,0.13043478260869565,1.0,0.0006237573697990565
res85_free_n4.0_stiff,0,voa,exact,5,300,none,0,0,0,0,0,299,0.9551839464882944,-0.0043478260869565235,0.9899665551839465,0.010033444816053512,0.3779264214046823,0.33444816053511706,0.043478260869565216,0.0,0.0006207108074044739
res85_free_n4.0_stiff,0,always,can,5,300,none,0,0,0,0,0,299,-0.24916387959866107,1.2173913043478324,0.06354515050167224,0.9364548494983278,264.0,1.0,1.0,1.0,1.0105416069917319e-07
res85_free_n4.0_stiff,0,voa,can,5,300,none,0,0,0,0,0,299,0.6334448160535118,0.33478260869565174,0.7424749163879598,0.25752508361204013,11.424749163879598,0.1505016722408027,0.05351170568561873,0.0,0.0004070355618158253
res85_free_n4.0_stiff,1,always,exact,5,300,none,0,0,0,0,0,299,0.9638795986622073,-0.013043478260869566,1.0,0.0033444816053511705,2.130434782608696,1.0,0.13043478260869565,1.0,0.00062375190741478
res85_free_n4.0_stiff,1,voa,exact,5,300,none,0,0,0,0,0,299,0.9638795986622073,-0.008695652173913044,0.9966555183946488,0.0033444816053511705,0.391304347826087,0.34448160535117056,0.046822742474916385,0.0,0.0006242546681883793
res85_free_n4.0_stiff,1,always,can,5,300,none,0,0,0,0,0,299,-0.24916387959866107,1.2173913043478324,0.06354515050167224,0.9364548494983278,264.0,1.0,1.0,1.0,1.0105416069917319e-07
res85_free_n4.0_stiff,1,voa,can,5,300,none,0,0,0,0,0,299,0.6204013377926422,0.3478260869565213,0.7324414715719063,0.26755852842809363,10.488294314381271,0.13712374581939799,0.05016722408026756,0.0,0.00041133969055138386
res85_free_n4.0_stiff,2,always,exact,5,300,none,0,0,0,0,0,299,0.9622073578595317,-0.021739130434782608,1.0,0.0033444816053511705,2.1337792642140467,1.0,0.13377926421404682,1.0,0.000621325317762272
res85_free_n4.0_stiff,2,voa,exact,5,300,none,0,0,0,0,0,299,0.9535117056856188,0.0,0.9899665551839465,0.010033444816053512,0.36789297658862874,0.3277591973244147,0.04013377926421405,0.0,0.0006182801381942507
res85_free_n4.0_stiff,2,always,can,5,300,none,0,0,0,0,0,299,-0.24648829431438013,1.2130434782608759,0.06688963210702341,0.9331103678929766,264.0,1.0,1.0,1.0,1.0105416069948105e-07
res85_free_n4.0_stiff,2,voa,can,5,300,none,0,0,0,0,0,299,0.6317725752508362,0.33478260869565174,0.7424749163879598,0.25752508361204013,10.301003344481606,0.14046822742474915,0.043478260869565216,0.0,0.0004116280884641951
