config,seed,controller,fuse,n,T,robustness,completed,violations,compliant,process_violations,force_violations,steps,util,regret,preserved,stops,messages,opened_base,opened_verifier,opened_head,drawer_open
res35_anch_n0.5_std,0,always,exact,3,300,drop_base,1,0,1,0,0,213,0.4201877934272299,0.0,1.0,0.4460093896713615,1.2769953051643192,0.27699530516431925,1.0,0.0,0.3032910245102188
res35_anch_n0.5_std,0,voa,exact,3,300,drop_base,1,0,1,0,0,217,0.40691244239631325,0.017972350230414748,0.9861751152073732,0.45622119815668205,0.7880184331797235,0.2672811059907834,0.5207373271889401,0.0,0.30329099551342015
res35_anch_n0.5_std,0,event,exact,3,300,drop_base,1,0,1,0,0,267,0.2550561797752812,0.21910112359550543,0.8314606741573034,0.5730337078651685,0.0,0.0,0.0,0.0,0.30159068011013573
res35_anch_n0.5_std,1,always,exact,3,300,drop_base,1,0,1,0,0,212,0.4235849056603772,0.0,1.0,0.44339622641509435,1.278301886792453,0.2783018867924528,1.0,0.0,0.303290976434787
res35_anch_n0.5_std,1,voa,exact,3,300,drop_base,1,0,1,0,0,216,0.41018518518518504,0.018055555555555557,0.9861111111111112,0.4537037037037037,0.7824074074074074,0.25925925925925924,0.5231481481481481,0.0,0.30329097265080557
res35_anch_n0.5_std,1,event,exact,3,300,drop_base,1,0,1,0,0,268,0.2529850746268659,0.21343283582089534,0.835820895522388,0.5746268656716418,0.0,0.0,0.0,0.0,0.3015906384362769
res35_anch_n0.5_std,2,always,exact,3,300,drop_base,1,0,1,0,0,211,0.42701421800947853,0.0,1.0,0.44075829383886256,1.2796208530805686,0.2796208530805687,1.0,0.0,0.30329100664572983
res35_anch_n0.5_std,2,voa,exact,3,300,drop_base,1,0,1,0,0,217,0.40691244239631313,0.017972350230414748,0.9861751152073732,0.45622119815668205,0.7788018433179723,0.25806451612903225,0.5207373271889401,0.0,0.3032909921096527
res35_anch_n0.5_std,2,event,exact,3,300,drop_base,1,0,1,0,0,270,0.24888888888888916,0.20703703703703688,0.8407407407407408,0.5777777777777777,0.0,0.0,0.0,0.0,0.30159066165845727
res35_anch_n0.5_stiff,0,always,exact,3,300,drop_base,1,0,1,0,0,209,0.40909090909090895,-0.006220095693779904,1.0,0.45454545454545453,1.2822966507177034,0.2822966507177033,1.0,0.0,0.3012084523548866
res35_anch_n0.5_stiff,0,voa,exact,3,300,drop_base,1,0,1,0,0,213,0.3957746478873238,0.012206572769953052,0.9859154929577465,0.4647887323943662,0.784037558685446,0.27230046948356806,0.5117370892018779,0.0,0.3012084456629898
res35_anch_n0.5_stiff,0,event,exact,3,300,drop_base,1,0,1,0,0,250,0.2044000000000003,0.2339999999999998,0.82,0.612,0.0,0.0,0.0,0.0,0.30308329903159353
res35_anch_n0.5_stiff,1,always,exact,3,300,drop_base,1,0,1,0,0,208,0.41249999999999987,0.0,1.0,0.4519230769230769,1.2836538461538463,0.28365384615384615,1.0,0.0,0.301208426531982
res35_anch_n0.5_stiff,1,voa,exact,3,300,drop_base,1,0,1,0,0,212,0.39905660377358476,0.018396226415094342,0.9858490566037735,0.46226415094339623,0.7783018867924528,0.2641509433962264,0.5141509433962265,0.0,0.30120842653416147
res35_anch_n0.5_stiff,1,event,exact,3,300,drop_base,1,0,1,0,0,251,0.20239043824701225,0.22788844621513926,0.8247011952191236,0.6135458167330677,0.0,0.0,0.0,0.0,0.30308325735819913
res35_anch_n0.5_stiff,2,always,exact,3,300,drop_base,1,0,1,0,0,211,0.40236966824644527,-0.006161137440758294,1.0,0.4597156398104265,1.2796208530805686,0.2796208530805687,1.0,0.0,0.3002084457103218
res35_anch_n0.5_stiff,2,voa,exact,3,300,drop_base,1,0,1,0,0,213,0.39577464788732375,0.006103286384976526,0.9906103286384976,0.4647887323943662,0.7746478873239436,0.26291079812206575,0.5117370892018779,0.0,0.3002084457097645
res35_anch_n0.5_stiff,2,event,exact,3,300,drop_base,1,0,1,0,0,253,0.19841897233201614,0.22094861660079035,0.8300395256916996,0.616600790513834,0.0,0.0,0.0,0.0,0.3030832805809011
res35_anch_n4.0_std,0,always,exact,3,300,drop_base,1,0,1,0,0,232,0.5125,-0.022413793103448276,1.0,0.375,1.2543103448275863,0.2543103448275862,1.0,0.0,0.30179865264745465
res35_anch_n4.0_std,0,voa,exact,3,300,drop_base,1,0,1,0,0,246,0.5085365853658536,0.005284552845528455,0.9878048780487805,0.3780487804878049,0.7845528455284553,0.21138211382113822,0.573170731707317,0.0,0.3001832967815778
res35_anch_n4.0_std,0,event,exact,3,300,drop_base,1,0,1,0,0,261,0.3325670498084288,0.20421455938697303,0.842911877394636,0.5134099616858238,0.007662835249042145,0.007662835249042145,0.0,0.0,0.30159307361452214
res35_anch_n4.0_std,1,always,exact,3,300,drop_base,1,0,1,0,0,210,0.4428571428571427,-0.006190476190476191,1.0,0.42857142857142855,1.2809523809523808,0.28095238095238095,1.0,0.0,0.30329117909178077
res35_anch_n4.0_std,1,voa,exact,3,300,drop_base,1,0,1,0,0,227,0.46167400881057247,0.01145374449339207,0.986784140969163,0.41409691629955947,0.7665198237885462,0.22466960352422907,0.5418502202643172,0.0,0.30111535639259296
res35_anch_n4.0_std,1,event,exact,3,300,drop_base,1,0,1,0,0,267,0.3232209737827715,0.19962546816479387,0.846441947565543,0.5205992509363296,0.0149812734082397,0.0149812734082397,0.0,0.0,0.30159328008134756
res35_anch_n4.0_std,2,always,exact,3,300,drop_base,1,0,1,0,0,210,0.46761904761904743,-0.018571428571428572,1.0,0.4095238095238095,1.2809523809523808,0.28095238095238095,1.0,0.0,0.3032919077959201
res35_anch_n4.0_std,2,voa,exact,3,300,drop_base,1,0,1,0,0,240,0.48541666666666644,-0.010833333333333335,0.9875,0.3958333333333333,0.7541666666666667,0.2125,0.5416666666666666,0.0,0.30166725579231857
res35_anch_n4.0_std,2,event,exact,3,300,drop_base,1,0,1,0,0,270,0.33074074074074045,0.19740740740740725,0.8481481481481481,0.5148148148148148,0.014814814814814815,0.014814814814814815,0.0,0.0,0.30159313068920085
res35_anch_n4.0_stiff,0,always,exact,3,300,drop_base,1,0,1,0,0,229,0.5004366812227073,-0.03973799126637555,1.0,0.38427947598253276,1.25764192139738,0.2576419213973799,1.0,0.0,0.3030489420938966
res35_anch_n4.0_stiff,0,voa,exact,3,300,drop_base,1,0,1,0,0,245,0.5065306122448978,-0.015918367346938776,0.9877551020408163,0.3795918367346939,0.7836734693877551,0.21224489795918366,0.5714285714285714,0.0,0.3002606437635582
res35_anch_n4.0_stiff,0,event,exact,3,300,drop_base,1,0,1,0,0,277,0.36642599277978316,0.19241877256317674,0.851985559566787,0.48736462093862815,0.007220216606498195,0.007220216606498195,0.0,0.0,0.3027647541145068
res35_anch_n4.0_stiff,1,always,exact,3,300,drop_base,1,0,1,0,0,206,0.4320388349514562,-0.006310679611650486,1.0,0.4368932038834951,1.2864077669902914,0.28640776699029125,1.0,0.0,0.301208629189105
res35_anch_n4.0_stiff,1,voa,exact,3,300,drop_base,1,0,1,0,0,229,0.4606986899563316,0.011353711790393014,0.982532751091703,0.4148471615720524,0.759825327510917,0.2183406113537118,0.5414847161572053,0.0,0.3005810791587969
res35_anch_n4.0_stiff,1,event,exact,3,300,drop_base,1,0,1,0,0,250,0.27719999999999995,0.21319999999999983,0.836,0.556,0.016,0.016,0.0,0.0,0.3030858990016946
res35_anch_n4.0_stiff,2,always,exact,3,300,drop_base,1,0,1,0,0,206,0.45728155339805804,-0.012621359223300972,1.0,0.4174757281553398,1.2864077669902914,0.28640776699029125,1.0,0.0,0.3002093576786802
res35_anch_n4.0_stiff,2,voa,exact,3,300,drop_base,1,0,1,0,0,222,0.44954954954954934,0.0,0.990990990990991,0.42342342342342343,0.7567567567567568,0.23423423423423423,0.5225225225225225,0.0,0.3002105736536195
res35_anch_n4.0_stiff,2,event,exact,3,300,drop_base,1,0,1,0,0,253,0.285770750988142,0.21067193675889312,0.8379446640316206,0.549407114624506,0.015810276679841896,0.015810276679841896,0.0,0.0,0.30308574960968454
res35_free_n0.5_std,0,always,exact,3,300,drop_base,1,0,1,0,0,213,0.4915492957746486,0.0,1.0,0.3568075117370892,1.2769953051643192,0.27699530516431925,1.0,0.0,0.3032903699945232
res35_free_n0.5_std,0,voa,exact,3,300,drop_base,1,0,1,0,0,217,0.4769585253456228,0.017972350230414748,0.9861751152073732,0.3686635944700461,0.7880184331797235,0.2672811059907834,0.5207373271889401,0.0,0.30329034079299605
res35_free_n0.5_std,0,event,exact,3,300,drop_base,1,0,1,0,0,267,0.31198501872659157,0.21910112359550543,0.8314606741573034,0.50187265917603,0.0,0.0,0.0,0.0,0.30159068011013607
res35_free_n0.5_std,1,always,exact,3,300,drop_base,1,0,1,0,0,212,0.49528301886792525,0.0,1.0,0.35377358490566035,1.278301886792453,0.2783018867924528,1.0,0.0,0.30329033540103856
res35_free_n0.5_std,1,voa,exact,3,300,drop_base,1,0,1,0,0,216,0.4805555555555563,0.018055555555555557,0.9861111111111112,0.36574074074074076,0.7824074074074074,0.25925925925925924,0.5231481481481481,0.0,0.3032903315851488
res35_free_n0.5_std,1,event,exact,3,300,drop_base,1,0,1,0,0,268,0.3097014925373132,0.21343283582089534,0.835820895522388,0.503731343283582,0.0,0.0,0.0,0.0,0.3015906384362764
res35_free_n0.5_std,2,always,exact,3,300,drop_base,1,0,1,0,0,211,0.5028436018957353,0.0,1.0,0.3459715639810427,1.2796208530805686,0.2796208530805687,1.0,0.0,0.30329035197722365
res35_free_n0.5_std,2,voa,exact,3,300,drop_base,1,0,1,0,0,217,0.4806451612903232,0.017972350230414748,0.9861751152073732,0.3640552995391705,0.7788018433179723,0.25806451612903225,0.5207373271889401,0.0,0.3032903371622109
res35_free_n0.5_std,2,event,exact,3,300,drop_base,1,0,1,0,0,270,0.30814814814814795,0.20703703703703688,0.8407407407407408,0.5037037037037037,0.0,0.0,0.0,0.0,0.3015906616584583
res35_free_n0.5_stiff,0,always,exact,3,300,drop_base,1,0,1,0,0,209,0.4818181818181826,-0.006220095693779904,1.0,0.36363636363636365,1.2822966507177034,0.2822966507177033,1.0,0.0,0.30120724099069945
res35_free_n0.5_stiff,0,voa,exact,3,300,drop_base,1,0,1,0,0,213,0.4671361502347425,0.012206572769953052,0.9859154929577465,0.3755868544600939,0.784037558685446,0.27230046948356806,0.5117370892018779,0.0,0.30120723442410174
res35_free_n0.5_stiff,0,event,exact,3,300,drop_base,1,0,1,0,0,250,0.2651999999999998,0.2339999999999998,0.82,0.536,0.0,0.0,0.0,0.0,0.30308329903159364
res35_free_n0.5_stiff,1,always,exact,3,300,drop_base,1,0,1,0,0,208,0.48557692307692385,0.0,1.0,0.3605769230769231,1.2836538461538463,0.28365384615384615,1.0,0.0,0.3012072261190361
res35_free_n0.5_stiff,1,voa,exact,3,300,drop_base,1,0,1,0,0,212,0.4707547169811328,0.018396226415094342,0.9858490566037735,0.37264150943396224,0.7783018867924528,0.2641509433962264,0.5141509433962265,0.0,0.3012072355719085
res35_free_n0.5_stiff,1,event,exact,3,300,drop_base,1,0,1,0,0,251,0.2629482071713145,0.22788844621513926,0.8247011952191236,0.5378486055776892,0.0,0.0,0.0,0.0,0.3030832573581985
res35_free_n0.5_stiff,2,always,exact,3,300,drop_base,1,0,1,0,0,211,0.47819905213270214,-0.006161137440758294,1.0,0.36492890995260663,1.2796208530805686,0.2796208530805687,1.0,0.0,0.30020723700103724
res35_free_n0.5_stiff,2,voa,exact,3,300,drop_base,1,0,1,0,0,213,0.4708920187793434,0.006103286384976526,0.9906103286384976,0.37089201877934275,0.7746478873239436,0.26291079812206575,0.5117370892018779,0.0,0.3002072406969021
res35_free_n0.5_stiff,2,event,exact,3,300,drop_base,1,0,1,0,0,253,0.26166007905138317,0.22094861660079035,0.8300395256916996,0.5375494071146245,0.0,0.0,0.0,0.0,0.3030832805809011
res35_free_n4.0_std,0,always,exact,3,300,drop_base,1,0,1,0,0,232,0.5780172413793112,-0.022413793103448276,1.0,0.29310344827586204,1.2543103448275863,0.2543103448275862,1.0,0.0,0.3017974414196304
res35_free_n4.0_std,0,voa,exact,3,300,drop_base,1,0,1,0,0,246,0.5703252032520334,0.005284552845528455,0.9878048780487805,0.3008130081300813,0.7845528455284553,0.21138211382113822,0.573170731707317,0.0,0.3001814414411927
res35_free_n4.0_std,0,event,exact,3,300,drop_base,1,0,1,0,0,261,0.39080459770114934,0.20421455938697303,0.842911877394636,0.44061302681992337,0.007662835249042145,0.007662835249042145,0.0,0.0,0.30159307361452237
res35_free_n4.0_std,1,always,exact,3,300,drop_base,1,0,1,0,0,210,0.515238095238096,-0.006190476190476191,1.0,0.3380952380952381,1.2809523809523808,0.28095238095238095,1.0,0.0,0.30329053805822476
res35_free_n4.0_std,1,voa,exact,3,300,drop_base,1,0,1,0,0,227,0.5286343612334808,0.01145374449339207,0.986784140969163,0.3303964757709251,0.7665198237885462,0.22466960352422907,0.5418502202643172,0.0,0.30111452515236703
res35_free_n4.0_std,1,event,exact,3,300,drop_base,1,0,1,0,0,267,0.38014981273408227,0.19962546816479387,0.846441947565543,0.449438202247191,0.0149812734082397,0.0149812734082397,0.0,0.0,0.30159328008134717
res35_free_n4.0_std,2,always,exact,3,300,drop_base,1,0,1,0,0,210,0.5438095238095247,-0.018571428571428572,1.0,0.3142857142857143,1.2809523809523808,0.28095238095238095,1.0,0.0,0.30329125287867187
res35_free_n4.0_std,2,voa,exact,3,300,drop_base,1,0,1,0,0,240,0.5520833333333343,-0.010833333333333335,0.9875,0.3125,0.7541666666666667,0.2125,0.5416666666666666,0.0,0.30166594659985513
res35_free_n4.0_std,2,event,exact,3,300,drop_base,1,0,1,0,0,270,0.38999999999999996,0.19740740740740725,0.8481481481481481,0.44074074074074077,0.014814814814814815,0.014814814814814815,0.0,0.0,0.301593130689201
res35_free_n4.0_stiff,0,always,exact,3,300,drop_base,1,0,1,0,0,229,0.5668122270742366,-0.03973799126637555,1.0,0.30131004366812225,1.25764192139738,0.2576419213973799,1.0,0.0,0.3030470935893447
res35_free_n4.0_stiff,0,voa,exact,3,300,drop_base,1,0,1,0,0,245,0.5685714285714294,-0.015918367346938776,0.9877551020408163,0.3020408163265306,0.7836734693877551,0.21224489795918366,0.5714285714285714,0.0,0.30025888409889623
res35_free_n4.0_stiff,0,event,exact,3,300,drop_base,1,0,1,0,0,277,0.42129963898916956,0.19241877256317674,0.851985559566787,0.4187725631768953,0.007220216606498195,0.007220216606498195,0.0,0.0,0.30276339060184165
res35_free_n4.0_stiff,1,always,exact,3,300,drop_base,1,0,1,0,0,206,0.5058252427184474,-0.006310679611650486,1.0,0.3446601941747573,1.2864077669902914,0.28640776699029125,1.0,0.0,0.3012074085795896
res35_free_n4.0_stiff,1,voa,exact,3,300,drop_base,1,0,1,0,0,229,0.5270742358078608,0.011353711790393014,0.982532751091703,0.3318777292576419,0.759825327510917,0.2183406113537118,0.5414847161572053,0.0,0.3005795411822071
res35_free_n4.0_stiff,1,event,exact,3,300,drop_base,1,0,1,0,0,250,0.3379999999999999,0.21319999999999983,0.836,0.48,0.016,0.016,0.0,0.0,0.3030858990016928
res35_free_n4.0_stiff,2,always,exact,3,300,drop_base,1,0,1,0,0,206,0.5349514563106805,-0.012621359223300972,1.0,0.32038834951456313,1.2864077669902914,0.28640776699029125,1.0,0.0,0.30020814483856423
res35_free_n4.0_stiff,2,voa,exact,3,300,drop_base,1,0,1,0,0,222,0.5216216216216226,0.0,0.990990990990991,0.3333333333333333,0.7567567567567568,0.23423423423423423,0.5225225225225225,0.0,0.3002093686407354
res35_free_n4.0_stiff,2,event,exact,3,300,drop_base,1,0,1,0,0,253,0.3490118577075098,0.21067193675889312,0.8379446640316206,0.47035573122529645,0.015810276679841896,0.015810276679841896,0.0,0.0,0.3030857496096851
res60_anch_n0.5_std,0,always,exact,3,300,drop_base,1,0,1,0,0,269,0.4297397769516727,-0.019330855018587362,1.0,0.43866171003717475,0.36059479553903345,0.21933085501858737,0.1412639405204461,0.0,0.30026195194395283
res60_anch_n0.5_std,0,voa,exact,3,300,drop_base,1,0,1,0,0,269,0.4297397769516727,-0.019330855018587362,1.0,0.43866171003717475,0.26394052044609667,0.21189591078066913,0.05204460966542751,0.0,0.30026195194395283
res60_anch_n0.5_std,0,event,exact,3,300,drop_base,0,0,0,0,0,299,0.33478260869565246,0.19565217391304332,0.8494983277591973,0.5117056856187291,0.0,0.0,0.0,0.0,0.00023829012327832074
res60_anch_n0.5_std,1,always,exact,3,300,drop_base,1,0,1,0,0,269,0.43457249070631954,-0.019330855018587362,1.0,0.4349442379182156,0.3643122676579926,0.21933085501858737,0.1449814126394052,0.0,0.30297419424225513
res60_anch_n0.5_std,1,voa,exact,3,300,drop_base,1,0,1,0,0,268,0.43246268656716397,-0.01455223880597015,0.996268656716418,0.43656716417910446,0.2574626865671642,0.20522388059701493,0.05223880597014925,0.0,0.3002619496675436
res60_anch_n0.5_std,1,event,exact,3,300,drop_base,0,0,0,0,0,299,0.33043478260869585,0.1913043478260868,0.8528428093645485,0.5150501672240803,0.0,0.0,0.0,0.0,0.00023642449310097094
res60_anch_n0.5_std,2,always,exact,3,300,drop_base,1,0,1,0,0,273,0.41904761904761884,-0.01904761904761905,1.0,0.4468864468864469,0.358974358974359,0.21611721611721613,0.14285714285714285,0.0,0.3029722708984498
res60_anch_n0.5_std,2,voa,exact,3,300,drop_base,1,0,1,0,0,273,0.41904761904761884,-0.01904761904761905,1.0,0.4468864468864469,0.2564102564102564,0.20146520146520147,0.054945054945054944,0.0,0.3029722708984498
res60_anch_n0.5_std,2,event,exact,3,300,drop_base,0,0,0,0,0,299,0.32173913043478286,0.1869565217391303,0.8561872909698997,0.5217391304347826,0.0,0.0,0.0,0.0,0.00023279980209947956
res60_anch_n0.5_stiff,0,always,exact,3,300,drop_base,1,0,1,0,0,272,0.4360294117647057,-0.01911764705882353,1.0,0.4338235294117647,0.35661764705882354,0.21691176470588236,0.13970588235294118,0.0,0.3033633490628042
res60_anch_n0.5_stiff,0,voa,exact,3,300,drop_base,1,0,1,0,0,272,0.4360294117647057,-0.01911764705882353,1.0,0.4338235294117647,0.2610294117647059,0.20955882352941177,0.051470588235294115,0.0,0.3033633490628042
res60_anch_n0.5_stiff,0,event,exact,3,300,drop_base,0,0,0,0,0,299,0.33478260869565246,0.19565217391304332,0.8494983277591973,0.5117056856187291,0.0,0.0,0.0,0.0,0.00023829012327832074
res60_anch_n0.5_stiff,1,always,exact,3,300,drop_base,1,0,1,0,0,271,0.43874538745387437,-0.01918819188191882,1.0,0.4317343173431734,0.36162361623616235,0.2177121771217712,0.14391143911439114,0.0,0.30336314856806207
res60_anch_n0.5_stiff,1,voa,exact,3,300,drop_base,1,0,1,0,0,271,0.43874538745387437,-0.014391143911439115,0.996309963099631,0.4317343173431734,0.25461254612546125,0.2029520295202952,0.05166051660516605,0.0,0.3033633368092266
res60_anch_n0.5_stiff,1,event,exact,3,300,drop_base,0,0,0,0,0,299,0.33043478260869585,0.1913043478260868,0.8528428093645485,0.5150501672240803,0.0,0.0,0.0,0.0,0.00023642449310097094
res60_anch_n0.5_stiff,2,always,exact,3,300,drop_base,1,0,1,0,0,275,0.4232727272727271,-0.01890909090909091,1.0,0.44363636363636366,0.3563636363636364,0.21454545454545454,0.14181818181818182,0.0,0.30336121264670146
res60_anch_n0.5_stiff,2,voa,exact,3,300,drop_base,1,0,1,0,0,275,0.4232727272727271,-0.01890909090909091,1.0,0.44363636363636366,0.2545454545454545,0.2,0.05454545454545454,0.0,0.30336121264670146
res60_anch_n0.5_stiff,2,event,exact,3,300,drop_base,0,0,0,0,0,299,0.32173913043478286,0.1869565217391303,0.8561872909698997,0.5217391304347826,0.0,0.0,0.0,0.0,0.00023279980209947956
res60_anch_n4.0_std,0,always,exact,3,300,drop_base,1,0,1,0,0,270,0.4559259259259257,-0.024074074074074074,1.0,0.4185185185185185,0.362962962962963,0.21851851851851853,0.14444444444444443,0.0,0.30297480369442914
res60_anch_n4.0_std,0,voa,exact,3,300,drop_base,1,0,1,0,0,269,0.44423791821561315,-0.004832713754646842,0.9888475836431226,0.4275092936802974,0.2342007434944238,0.18587360594795538,0.048327137546468404,0.0,0.30025899784583254
res60_anch_n4.0_std,0,event,exact,3,300,drop_base,0,0,0,0,0,299,0.41739130434782584,0.17826086956521725,0.862876254180602,0.44816053511705684,0.006688963210702341,0.006688963210702341,0.0,0.0,0.0002516273675826855
res60_anch_n4.0_std,1,always,exact,3,300,drop_base,1,0,1,0,0,275,0.4658181818181817,-0.014181818181818183,1.0,0.4109090909090909,0.3563636363636364,0.21454545454545454,0.14181818181818182,0.0,0.30026517930295865
res60_anch_n4.0_std,1,voa,exact,3,300,drop_base,1,0,1,0,0,275,0.4610909090909089,-0.009454545454545455,0.9963636363636363,0.41454545454545455,0.23636363636363636,0.18545454545454546,0.05090909090909091,0.0,0.30026325011944455
res60_anch_n4.0_std,1,event,exact,3,300,drop_base,0,0,0,0,0,299,0.3956521739130434,0.17826086956521725,0.862876254180602,0.46488294314381273,0.013377926421404682,0.013377926421404682,0.0,0.0,0.00024089009325121633
res60_anch_n4.0_std,2,always,exact,3,300,drop_base,1,0,1,0,0,279,0.4362007168458779,-0.023297491039426525,1.0,0.4336917562724014,0.3548387096774194,0.2114695340501792,0.14336917562724014,0.0,0.30297290741266203
res60_anch_n4.0_std,2,voa,exact,3,300,drop_base,1,0,1,0,0,279,0.42688172043010736,0.0,0.989247311827957,0.44086021505376344,0.21863799283154123,0.17562724014336917,0.043010752688172046,0.0,0.3029695318494305
res60_anch_n4.0_std,2,event,exact,3,300,drop_base,0,0,0,0,0,299,0.39565217391304325,0.17826086956521725,0.862876254180602,0.46488294314381273,0.013377926421404682,0.013377926421404682,0.0,0.0,0.00023526883068316774
res60_anch_n4.0_stiff,0,always,exact,3,300,drop_base,1,0,1,0,0,272,0.45992647058823505,-0.02389705882352941,1.0,0.41544117647058826,0.3602941176470588,0.21691176470588236,0.14338235294117646,0.0,0.30336374510717984
res60_anch_n4.0_stiff,0,voa,exact,3,300,drop_base,1,0,1,0,0,272,0.4503676470588233,-0.0047794117647058845,0.9889705882352942,0.4227941176470588,0.23161764705882354,0.18382352941176472,0.04779411764705882,0.0,0.3033604009829871
res60_anch_n4.0_stiff,0,event,exact,3,300,drop_base,0,0,0,0,0,299,0.41739130434782584,0.17826086956521725,0.862876254180602,0.44816053511705684,0.006688963210702341,0.006688963210702341,0.0,0.0,0.0002516273675826855
res60_anch_n4.0_stiff,1,always,exact,3,300,drop_base,1,0,1,0,0,278,0.4762589928057553,-0.014028776978417267,1.0,0.4028776978417266,0.35251798561151076,0.21223021582733814,0.14028776978417265,0.0,0.30336879460086086
res60_anch_n4.0_stiff,1,voa,exact,3,300,drop_base,1,0,1,0,0,278,0.4762589928057553,-0.009352517985611512,0.9964028776978417,0.4028776978417266,0.23381294964028776,0.18345323741007194,0.050359712230215826,0.0,0.30336921048423965
res60_anch_n4.0_stiff,1,event,exact,3,300,drop_base,0,0,0,0,0,299,0.3956521739130434,0.17826086956521725,0.862876254180602,0.46488294314381273,0.013377926421404682,0.013377926421404682,0.0,0.0,0.00024089009325121633
res60_anch_n4.0_stiff,2,always,exact,3,300,drop_base,1,0,1,0,0,281,0.44021352313167234,-0.023131672597864767,1.0,0.4306049822064057,0.35231316725978645,0.2099644128113879,0.1423487544483986,0.0,0.3033619324855694
res60_anch_n4.0_stiff,2,voa,exact,3,300,drop_base,1,0,1,0,0,281,0.4309608540925265,0.0,0.9893238434163701,0.4377224199288256,0.21708185053380782,0.17437722419928825,0.042704626334519574,0.0,0.3033584762212255
res60_anch_n4.0_stiff,2,event,exact,3,300,drop_base,0,0,0,0,0,299,0.39565217391304325,0.17826086956521725,0.862876254180602,0.46488294314381273,0.013377926421404682,0.013377926421404682,0.0,0.0,0.00023526883068316774
res60_free_n0.5_std,0,always,exact,3,300,drop_base,1,0,1,0,0,269,0.4862453531598518,-0.019330855018587362,1.0,0.3680297397769517,0.36059479553903345,0.21933085501858737,0.1412639405204461,0.0,0.30026195199333827
res60_free_n0.5_std,0,voa,exact,3,300,drop_base,1,0,1,0,0,269,0.4862453531598518,-0.019330855018587362,1.0,0.3680297397769517,0.26394052044609667,0.21189591078066913,0.05204460966542751,0.0,0.30026195199333827
res60_free_n0.5_std,0,event,exact,3,300,drop_base,0,0,0,0,0,299,0.3856187290969898,0.19565217391304332,0.8494983277591973,0.44816053511705684,0.0,0.0,0.0,0.0,0.00023829012328366032
res60_free_n0.5_std,1,always,exact,3,300,drop_base,1,0,1,0,0,269,0.4910780669144986,-0.019330855018587362,1.0,0.3643122676579926,0.3643122676579926,0.21933085501858737,0.1449814126394052,0.0,0.3029742079373512
res60_free_n0.5_std,1,voa,exact,3,300,drop_base,1,0,1,0,0,268,0.4891791044776124,-0.01455223880597015,0.996268656716418,0.3656716417910448,0.2574626865671642,0.20522388059701493,0.05223880597014925,0.0,0.3002619633741774
res60_free_n0.5_std,1,event,exact,3,300,drop_base,0,0,0,0,0,299,0.38127090301003325,0.1913043478260868,0.8528428093645485,0.451505016722408,0.0,0.0,0.0,0.0,0.00023642449307588627
res60_free_n0.5_std,2,always,exact,3,300,drop_base,1,0,1,0,0,273,0.47765567765567807,-0.01904761904761905,1.0,0.37362637362637363,0.358974358974359,0.21611721611721613,0.14285714285714285,0.0,0.30297227092711665
res60_free_n0.5_std,2,voa,exact,3,300,drop_base,1,0,1,0,0,273,0.47765567765567807,-0.01904761904761905,1.0,0.37362637362637363,0.2564102564102564,0.20146520146520147,0.054945054945054944,0.0,0.30297227092711665
res60_free_n0.5_std,2,event,exact,3,300,drop_base,0,0,0,0,0,299,0.37525083612040117,0.1869565217391303,0.8561872909698997,0.45484949832775917,0.0,0.0,0.0,0.0,0.00023279980206605572
res60_free_n0.5_stiff,0,always,exact,3,300,drop_base,1,0,1,0,0,272,0.4919117647058828,-0.01911764705882353,1.0,0.3639705882352941,0.35661764705882354,0.21691176470588236,0.13970588235294118,0.0,0.3033633508745114
res60_free_n0.5_stiff,0,voa,exact,3,300,drop_base,1,0,1,0,0,272,0.4919117647058828,-0.01911764705882353,1.0,0.3639705882352941,0.2610294117647059,0.20955882352941177,0.051470588235294115,0.0,0.3033633508745114
res60_free_n0.5_stiff,0,event,exact,3,300,drop_base,0,0,0,0,0,299,0.3856187290969898,0.19565217391304332,0.8494983277591973,0.44816053511705684,0.0,0.0,0.0,0.0,0.00023829012328366032
res60_free_n0.5_stiff,1,always,exact,3,300,drop_base,1,0,1,0,0,271,0.4948339483394839,-0.01918819188191882,1.0,0.36162361623616235,0.36162361623616235,0.2177121771217712,0.14391143911439114,0.0,0.3033631503053307
res60_free_n0.5_stiff,1,voa,exact,3,300,drop_base,1,0,1,0,0,271,0.4948339483394839,-0.014391143911439115,0.996309963099631,0.36162361623616235,0.25461254612546125,0.2029520295202952,0.05166051660516605,0.0,0.3033633523108637
res60_free_n0.5_stiff,1,event,exact,3,300,drop_base,0,0,0,0,0,299,0.38127090301003325,0.1913043478260868,0.8528428093645485,0.451505016722408,0.0,0.0,0.0,0.0,0.00023642449307588627
res60_free_n0.5_stiff,2,always,exact,3,300,drop_base,1,0,1,0,0,275,0.4814545454545459,-0.01890909090909091,1.0,0.3709090909090909,0.3563636363636364,0.21454545454545454,0.14181818181818182,0.0,0.303361214484928
res60_free_n0.5_stiff,2,voa,exact,3,300,drop_base,1,0,1,0,0,275,0.4814545454545459,-0.01890909090909091,1.0,0.3709090909090909,0.2545454545454545,0.2,0.05454545454545454,0.0,0.303361214484928
res60_free_n0.5_stiff,2,event,exact,3,300,drop_base,0,0,0,0,0,299,0.37525083612040117,0.1869565217391303,0.8561872909698997,0.45484949832775917,0.0,0.0,0.0,0.0,0.00023279980206605572
res60_free_n4.0_std,0,always,exact,3,300,drop_base,1,0,1,0,0,270,0.5122222222222227,-0.024074074074074074,1.0,0.34814814814814815,0.362962962962963,0.21851851851851853,0.14444444444444443,0.0,0.3029748035816305
res60_free_n4.0_std,0,voa,exact,3,300,drop_base,1,0,1,0,0,269,0.5007434944237922,-0.004832713754646842,0.9888475836431226,0.35687732342007433,0.2342007434944238,0.18587360594795538,0.048327137546468404,0.0,0.3002589981317153
res60_free_n4.0_std,0,event,exact,3,300,drop_base,0,0,0,0,0,299,0.4682274247491638,0.17826086956521725,0.862876254180602,0.38461538461538464,0.006688963210702341,0.006688963210702341,0.0,0.0,0.00025162736759494394
res60_free_n4.0_std,1,always,exact,3,300,drop_base,1,0,1,0,0,275,0.5210909090909095,-0.014181818181818183,1.0,0.3418181818181818,0.3563636363636364,0.21454545454545454,0.14181818181818182,0.0,0.3002651929855396
res60_free_n4.0_std,1,voa,exact,3,300,drop_base,1,0,1,0,0,275,0.5163636363636368,-0.009454545454545455,0.9963636363636363,0.34545454545454546,0.23636363636363636,0.18545454545454546,0.05090909090909091,0.0,0.3002632638033837
res60_free_n4.0_std,1,event,exact,3,300,drop_base,0,0,0,0,0,299,0.4464882943143812,0.17826086956521725,0.862876254180602,0.4013377926421405,0.013377926421404682,0.013377926421404682,0.0,0.0,0.0002408900932564148
res60_free_n4.0_std,2,always,exact,3,300,drop_base,1,0,1,0,0,279,0.49354838709677457,-0.023297491039426525,1.0,0.36200716845878134,0.3548387096774194,0.2114695340501792,0.14336917562724014,0.0,0.3029729074404648
res60_free_n4.0_std,2,voa,exact,3,300,drop_base,1,0,1,0,0,279,0.48422939068100385,0.0,0.989247311827957,0.36917562724014336,0.21863799283154123,0.17562724014336917,0.043010752688172046,0.0,0.30296953208214566
res60_free_n4.0_std,2,event,exact,3,300,drop_base,0,0,0,0,0,299,0.44916387959866216,0.17826086956521725,0.862876254180602,0.3979933110367893,0.013377926421404682,0.013377926421404682,0.0,0.0,0.00023526883066789556
res60_free_n4.0_stiff,0,always,exact,3,300,drop_base,1,0,1,0,0,272,0.5158088235294123,-0.02389705882352941,1.0,0.34558823529411764,0.3602941176470588,0.21691176470588236,0.14338235294117646,0.0,0.3033637469551976
res60_free_n4.0_stiff,0,voa,exact,3,300,drop_base,1,0,1,0,0,272,0.5062500000000004,-0.0047794117647058845,0.9889705882352942,0.35294117647058826,0.23161764705882354,0.18382352941176472,0.04779411764705882,0.0,0.3033604030776273
res60_free_n4.0_stiff,0,event,exact,3,300,drop_base,0,0,0,0,0,299,0.4682274247491638,0.17826086956521725,0.862876254180602,0.38461538461538464,0.006688963210702341,0.006688963210702341,0.0,0.0,0.00025162736759494394
res60_free_n4.0_stiff,1,always,exact,3,300,drop_base,1,0,1,0,0,278,0.5309352517985616,-0.014028776978417267,1.0,0.3345323741007194,0.35251798561151076,0.21223021582733814,0.14028776978417265,0.0,0.30336881023690015
res60_free_n4.0_stiff,1,voa,exact,3,300,drop_base,1,0,1,0,0,278,0.5309352517985616,-0.009352517985611512,0.9964028776978417,0.3345323741007194,0.23381294964028776,0.18345323741007194,0.050359712230215826,0.0,0.30336922779444475
res60_free_n4.0_stiff,1,event,exact,3,300,drop_base,0,0,0,0,0,299,0.4464882943143812,0.17826086956521725,0.862876254180602,0.4013377926421405,0.013377926421404682,0.013377926421404682,0.0,0.0,0.0002408900932564148
res60_free_n4.0_stiff,2,always,exact,3,300,drop_base,1,0,1,0,0,281,0.4971530249110324,-0.023131672597864767,1.0,0.3594306049822064,0.35231316725978645,0.2099644128113879,0.1423487544483986,0.0,0.30336193432212893
res60_free_n4.0_stiff,2,voa,exact,3,300,drop_base,1,0,1,0,0,281,0.4879003558718864,0.0,0.9893238434163701,0.3665480427046263,0.21708185053380782,0.17437722419928825,0.042704626334519574,0.0,0.30335847826269746
res60_free_n4.0_stiff,2,event,exact,3,300,drop_base,0,0,0,0,0,299,0.44916387959866216,0.17826086956521725,0.862876254180602,0.3979933110367893,0.013377926421404682,0.013377926421404682,0.0,0.0,0.00023526883066789556
res85_anch_n0.5_std,0,always,exact,3,300,drop_base,0,0,0,0,0,299,0.48695652173913034,-0.017391304347826087,1.0,0.39464882943143814,0.32441471571906355,0.19732441471571907,0.12709030100334448,0.0,0.0003583538928885132
res85_anch_n0.5_std,0,voa,exact,3,300,drop_base,0,0,0,0,0,299,0.48695652173913034,-0.017391304347826087,1.0,0.39464882943143814,0.23745819397993312,0.19063545150501673,0.046822742474916385,0.0,0.0003583538928885132
res85_anch_n0.5_std,0,event,exact,3,300,drop_base,0,0,0,0,0,299,0.33478260869565246,0.19565217391304332,0.8494983277591973,0.5117056856187291,0.0,0.0,0.0,0.0,0.00023829012327832074
res85_anch_n0.5_std,1,always,exact,3,300,drop_base,0,0,0,0,0,299,0.4913043478260868,-0.017391304347826087,1.0,0.391304347826087,0.3277591973244147,0.19732441471571907,0.13043478260869565,0.0,0.000360585340639357
res85_anch_n0.5_std,1,voa,exact,3,300,drop_base,0,0,0,0,0,299,0.4913043478260868,-0.013043478260869566,0.9966555183946488,0.391304347826087,0.23076923076923078,0.18394648829431437,0.046822742474916385,0.0,0.00036077358186140205
res85_anch_n0.5_std,1,event,exact,3,300,drop_base,0,0,0,0,0,299,0.33043478260869585,0.1913043478260868,0.8528428093645485,0.5150501672240803,0.0,0.0,0.0,0.0,0.00023642449310097094
res85_anch_n0.5_std,2,always,exact,3,300,drop_base,0,0,0,0,0,299,0.4695652173913042,-0.017391304347826087,1.0,0.4080267558528428,0.3277591973244147,0.19732441471571907,0.13043478260869565,0.0,0.00034892164915736597
res85_anch_n0.5_std,2,voa,exact,3,300,drop_base,0,0,0,0,0,299,0.4695652173913042,-0.017391304347826087,1.0,0.4080267558528428,0.23411371237458195,0.18394648829431437,0.05016722408026756,0.0,0.00034892164915736597
res85_anch_n0.5_std,2,event,exact,3,300,drop_base,0,0,0,0,0,299,0.32173913043478286,0.1869565217391303,0.8561872909698997,0.5217391304347826,0.0,0.0,0.0,0.0,0.00023279980209947956
res85_anch_n0.5_stiff,0,always,exact,3,300,drop_base,0,0,0,0,0,299,0.48695652173913034,-0.017391304347826087,1.0,0.39464882943143814,0.32441471571906355,0.19732441471571907,0.12709030100334448,0.0,0.0003583538928885132
res85_anch_n0.5_stiff,0,voa,exact,3,300,drop_base,0,0,0,0,0,299,0.48695652173913034,-0.017391304347826087,1.0,0.39464882943143814,0.23745819397993312,0.19063545150501673,0.046822742474916385,0.0,0.0003583538928885132
res85_anch_n0.5_stiff,0,event,exact,3,300,drop_base,0,0,0,0,0,299,0.33478260869565246,0.19565217391304332,0.8494983277591973,0.5117056856187291,0.0,0.0,0.0,0.0,0.00023829012327832074
res85_anch_n0.5_stiff,1,always,exact,3,300,drop_base,0,0,0,0,0,299,0.4913043478260868,-0.017391304347826087,1.0,0.391304347826087,0.3277591973244147,0.19732441471571907,0.13043478260869565,0.0,0.000360585340639357
res85_anch_n0.5_stiff,1,voa,exact,3,300,drop_base,0,0,0,0,0,299,0.4913043478260868,-0.013043478260869566,0.9966555183946488,0.391304347826087,0.23076923076923078,0.18394648829431437,0.046822742474916385,0.0,0.00036077358186140205
res85_anch_n0.5_stiff,1,event,exact,3,300,drop_base,0,0,0,0,0,299,0.33043478260869585,0.1913043478260868,0.8528428093645485,0.5150501672240803,0.0,0.0,0.0,0.0,0.00023642449310097094
res85_anch_n0.5_stiff,2,always,exact,3,300,drop_base,0,0,0,0,0,299,0.4695652173913042,-0.017391304347826087,1.0,0.4080267558528428,0.3277591973244147,0.19732441471571907,0.13043478260869565,0.0,0.00034892164915736597
res85_anch_n0.5_stiff,2,voa,exact,3,300,drop_base,0,0,0,0,0,299,0.4695652173913042,-0.017391304347826087,1.0,0.4080267558528428,0.23411371237458195,0.18394648829431437,0.05016722408026756,0.0,0.00034892164915736597
res85_anch_n0.5_stiff,2,event,exact,3,300,drop_base,0,0,0,0,0,299,0.32173913043478286,0.1869565217391303,0.8561872909698997,0.5217391304347826,0.0,0.0,0.0,0.0,0.00023279980209947956
res85_anch_n4.0_std,0,always,exact,3,300,drop_base,0,0,0,0,0,299,0.5086956521739129,-0.021739130434782608,1.0,0.3779264214046823,0.3277591973244147,0.19732441471571907,0.13043478260869565,0.0,0.000358749937267948
res85_anch_n4.0_std,0,voa,exact,3,300,drop_base,0,0,0,0,0,299,0.49999999999999983,-0.0043478260869565235,0.9899665551839465,0.38461538461538464,0.21070234113712374,0.16722408026755853,0.043478260869565216,0.0,0.00035540581310041316
res85_anch_n4.0_std,0,event,exact,3,300,drop_base,0,0,0,0,0,299,0.41739130434782584,0.17826086956521725,0.862876254180602,0.44816053511705684,0.006688963210702341,0.006688963210702341,0.0,0.0,0.0002516273675826855
res85_anch_n4.0_std,1,always,exact,3,300,drop_base,0,0,0,0,0,299,0.5130434782608695,-0.013043478260869566,1.0,0.3745819397993311,0.3277591973244147,0.19732441471571907,0.13043478260869565,0.0,0.00034920777564331415
res85_anch_n4.0_std,1,voa,exact,3,300,drop_base,0,0,0,0,0,299,0.5130434782608695,-0.008695652173913044,0.9966555183946488,0.3745819397993311,0.21739130434782608,0.1705685618729097,0.046822742474916385,0.0,0.000349550763682895
res85_anch_n4.0_std,1,event,exact,3,300,drop_base,0,0,0,0,0,299,0.3956521739130434,0.17826086956521725,0.862876254180602,0.46488294314381273,0.013377926421404682,0.013377926421404682,0.0,0.0,0.00024089009325121633
res85_anch_n4.0_std,2,always,exact,3,300,drop_base,0,0,0,0,0,299,0.47391304347826063,-0.021739130434782608,1.0,0.40468227424749165,0.3311036789297659,0.19732441471571907,0.13377926421404682,0.0,0.00033504983271087055
res85_anch_n4.0_std,2,voa,exact,3,300,drop_base,0,0,0,0,0,299,0.4652173913043477,0.0,0.9899665551839465,0.411371237458194,0.2040133779264214,0.16387959866220736,0.04013377926421405,0.0,0.0003315935683586829
res85_anch_n4.0_std,2,event,exact,3,300,drop_base,0,0,0,0,0,299,0.39565217391304325,0.17826086956521725,0.862876254180602,0.46488294314381273,0.013377926421404682,0.013377926421404682,0.0,0.0,0.00023526883068316774
res85_anch_n4.0_stiff,0,always,exact,3,300,drop_base,0,0,0,0,0,299,0.5086956521739129,-0.021739130434782608,1.0,0.3779264214046823,0.3277591973244147,0.19732441471571907,0.13043478260869565,0.0,0.000358749937267948
res85_anch_n4.0_stiff,0,voa,exact,3,300,drop_base,0,0,0,0,0,299,0.49999999999999983,-0.0043478260869565235,0.9899665551839465,0.38461538461538464,0.21070234113712374,0.16722408026755853,0.043478260869565216,0.0,0.00035540581310041316
res85_anch_n4.0_stiff,0,event,exact,3,300,drop_base,0,0,0,0,0,299,0.41739130434782584,0.17826086956521725,0.862876254180602,0.44816053511705684,0.006688963210702341,0.006688963210702341,0.0,0.0,0.0002516273675826855
res85_anch_n4.0_stiff,1,always,exact,3,300,drop_base,0,0,0,0,0,299,0.5130434782608695,-0.013043478260869566,1.0,0.3745819397993311,0.3277591973244147,0.19732441471571907,0.13043478260869565,0.0,0.00034920777564331415
res85_anch_n4.0_stiff,1,voa,exact,3,300,drop_base,0,0,0,0,0,299,0.5130434782608695,-0.008695652173913044,0.9966555183946488,0.3745819397993311,0.21739130434782608,0.1705685618729097,0.046822742474916385,0.0,0.000349550763682895
res85_anch_n4.0_stiff,1,event,exact,3,300,drop_base,0,0,0,0,0,299,0.3956521739130434,0.17826086956521725,0.862876254180602,0.46488294314381273,0.013377926421404682,0.013377926421404682,0.0,0.0,0.00024089009325121633
res85_anch_n4.0_stiff,2,always,exact,3,300,drop_base,0,0,0,0,0,299,0.47391304347826063,-0.021739130434782608,1.0,0.40468227424749165,0.3311036789297659,0.19732441471571907,0.13377926421404682,0.0,0.00033504983271087055
res85_anch_n4.0_stiff,2,voa,exact,3,300,drop_base,0,0,0,0,0,299,0.4652173913043477,0.0,0.9899665551839465,0.411371237458194,0.2040133779264214,0.16387959866220736,0.04013377926421405,0.0,0.0003315935683586829
res85_anch_n4.0_stiff,2,event,exact,3,300,drop_base,0,0,0,0,0,299,0.39565217391304325,0.17826086956521725,0.862876254180602,0.46488294314381273,0.013377926421404682,0.013377926421404682,0.0,0.0,0.00023526883068316774
res85_free_n0.5_std,0,always,exact,3,300,drop_base,0,0,0,0,0,299,0.5377926421404686,-0.017391304347826087,1.0,0.3311036789297659,0.32441471571906355,0.19732441471571907,0.12709030100334448,0.0,0.00035835389583144283
res85_free_n0.5_std,0,voa,exact,3,300,drop_base,0,0,0,0,0,299,0.5377926421404686,-0.017391304347826087,1.0,0.3311036789297659,0.23745819397993312,0.19063545150501673,0.046822742474916385,0.0,0.00035835389583144283
res85_free_n0.5_std,0,event,exact,3,300,drop_base,0,0,0,0,0,299,0.3856187290969898,0.19565217391304332,0.8494983277591973,0.44816053511705684,0.0,0.0,0.0,0.0,0.00023829012328366032
res85_free_n0.5_std,1,always,exact,3,300,drop_base,0,0,0,0,0,299,0.5421404682274252,-0.017391304347826087,1.0,0.3277591973244147,0.3277591973244147,0.19732441471571907,0.13043478260869565,0.0,0.0003605852691788222
res85_free_n0.5_std,1,voa,exact,3,300,drop_base,0,0,0,0,0,299,0.5421404682274252,-0.013043478260869566,0.9966555183946488,0.3277591973244147,0.23076923076923078,0.18394648829431437,0.046822742474916385,0.0,0.00036078727474899
res85_free_n0.5_std,1,event,exact,3,300,drop_base,0,0,0,0,0,299,0.38127090301003325,0.1913043478260868,0.8528428093645485,0.451505016722408,0.0,0.0,0.0,0.0,0.00023642449307588627
res85_free_n0.5_std,2,always,exact,3,300,drop_base,0,0,0,0,0,299,0.5230769230769234,-0.017391304347826087,1.0,0.3411371237458194,0.3277591973244147,0.19732441471571907,0.13043478260869565,0.0,0.0003489216786114693
res85_free_n0.5_std,2,voa,exact,3,300,drop_base,0,0,0,0,0,299,0.5230769230769234,-0.017391304347826087,1.0,0.3411371237458194,0.23411371237458195,0.18394648829431437,0.05016722408026756,0.0,0.0003489216786114693
res85_free_n0.5_std,2,event,exact,3,300,drop_base,0,0,0,0,0,299,0.37525083612040117,0.1869565217391303,0.8561872909698997,0.45484949832775917,0.0,0.0,0.0,0.0,0.00023279980206605572
res85_free_n0.5_stiff,0,always,exact,3,300,drop_base,0,0,0,0,0,299,0.5377926421404686,-0.017391304347826087,1.0,0.3311036789297659,0.32441471571906355,0.19732441471571907,0.12709030100334448,0.0,0.00035835389583144283
res85_free_n0.5_stiff,0,voa,exact,3,300,drop_base,0,0,0,0,0,299,0.5377926421404686,-0.017391304347826087,1.0,0.3311036789297659,0.23745819397993312,0.19063545150501673,0.046822742474916385,0.0,0.00035835389583144283
res85_free_n0.5_stiff,0,event,exact,3,300,drop_base,0,0,0,0,0,299,0.3856187290969898,0.19565217391304332,0.8494983277591973,0.44816053511705684,0.0,0.0,0.0,0.0,0.00023829012328366032
res85_free_n0.5_stiff,1,always,exact,3,300,drop_base,0,0,0,0,0,299,0.5421404682274252,-0.017391304347826087,1.0,0.3277591973244147,0.3277591973244147,0.19732441471571907,0.13043478260869565,0.0,0.0003605852691788222
res85_free_n0.5_stiff,1,voa,exact,3,300,drop_base,0,0,0,0,0,299,0.5421404682274252,-0.013043478260869566,0.9966555183946488,0.3277591973244147,0.23076923076923078,0.18394648829431437,0.046822742474916385,0.0,0.00036078727474899
res85_free_n0.5_stiff,1,event,exact,3,300,drop_base,0,0,0,0,0,299,0.38127090301003325,0.1913043478260868,0.8528428093645485,0.451505016722408,0.0,0.0,0.0,0.0,0.00023642449307588627
res85_free_n0.5_stiff,2,always,exact,3,300,drop_base,0,0,0,0,0,299,0.5230769230769234,-0.017391304347826087,1.0,0.3411371237458194,0.3277591973244147,0.19732441471571907,0.13043478260869565,0.0,0.0003489216786114693
res85_free_n0.5_stiff,2,voa,exact,3,300,drop_base,0,0,0,0,0,299,0.5230769230769234,-0.017391304347826087,1.0,0.3411371237458194,0.23411371237458195,0.18394648829431437,0.05016722408026756,0.0,0.0003489216786114693
res85_free_n0.5_stiff,2,event,exact,3,300,drop_base,0,0,0,0,0,299,0.37525083612040117,0.1869565217391303,0.8561872909698997,0.45484949832775917,0.0,0.0,0.0,0.0,0.00023279980206605572
res85_free_n4.0_std,0,always,exact,3,300,drop_base,0,0,0,0,0,299,0.5595317725752512,-0.021739130434782608,1.0,0.31438127090301005,0.3277591973244147,0.19732441471571907,0.13043478260869565,0.0,0.0003587499765164207
res85_free_n4.0_std,0,voa,exact,3,300,drop_base,0,0,0,0,0,299,0.5508361204013381,-0.0043478260869565235,0.9899665551839465,0.3210702341137124,0.21070234113712374,0.16722408026755853,0.043478260869565216,0.0,0.0003554060989605858
res85_free_n4.0_std,0,event,exact,3,300,drop_base,0,0,0,0,0,299,0.4682274247491638,0.17826086956521725,0.862876254180602,0.38461538461538464,0.006688963210702341,0.006688963210702341,0.0,0.0,0.00025162736759494394
res85_free_n4.0_std,1,always,exact,3,300,drop_base,0,0,0,0,0,299,0.5638795986622078,-0.013043478260869566,1.0,0.3110367892976589,0.3277591973244147,0.19732441471571907,0.13043478260869565,0.0,0.0003492216030033908
res85_free_n4.0_std,1,voa,exact,3,300,drop_base,0,0,0,0,0,299,0.5638795986622078,-0.008695652173913044,0.9966555183946488,0.3110367892976589,0.21739130434782608,0.1705685618729097,0.046822742474916385,0.0,0.0003495645668856088
res85_free_n4.0_std,1,event,exact,3,300,drop_base,0,0,0,0,0,299,0.4464882943143812,0.17826086956521725,0.862876254180602,0.4013377926421405,0.013377926421404682,0.013377926421404682,0.0,0.0,0.0002408900932564148
res85_free_n4.0_std,2,always,exact,3,300,drop_base,0,0,0,0,0,299,0.5274247491638799,-0.021739130434782608,1.0,0.3377926421404682,0.3311036789297659,0.19732441471571907,0.13377926421404682,0.0,0.0003350498605257474
res85_free_n4.0_std,2,voa,exact,3,300,drop_base,0,0,0,0,0,299,0.5187290969899668,0.0,0.9899665551839465,0.34448160535117056,0.2040133779264214,0.16387959866220736,0.04013377926421405,0.0,0.00033159380106992847
res85_free_n4.0_std,2,event,exact,3,300,drop_base,0,0,0,0,0,299,0.44916387959866216,0.17826086956521725,0.862876254180602,0.3979933110367893,0.013377926421404682,0.013377926421404682,0.0,0.0,0.00023526883066789556
res85_free_n4.0_stiff,0,always,exact,3,300,drop_base,0,0,0,0,0,299,0.5595317725752512,-0.021739130434782608,1.0,0.31438127090301005,0.3277591973244147,0.19732441471571907,0.13043478260869565,0.0,0.0003587499765164207
res85_free_n4.0_stiff,0,voa,exact,3,300,drop_base,0,0,0,0,0,299,0.5508361204013381,-0.0043478260869565235,0.9899665551839465,0.3210702341137124,0.21070234113712374,0.16722408026755853,0.043478260869565216,0.0,0.0003554060989605858
res85_free_n4.0_stiff,0,event,exact,3,300,drop_base,0,0,0,0,0,299,0.4682274247491638,0.17826086956521725,0.862876254180602,0.38461538461538464,0.006688963210702341,0.006688963210702341,0.0,0.0,0.00025162736759494394
res85_free_n4.0_stiff,1,always,exact,3,300,drop_base,0,0,0,0,0,299,0.5638795986622078,-0.013043478260869566,1.0,0.3110367892976589,0.3277591973244147,0.19732441471571907,0.13043478260869565,0.0,0.0003492216030033908
res85_free_n4.0_stiff,1,voa,exact,3,300,drop_base,0,0,0,0,0,299,0.5638795986622078,-0.008695652173913044,0.9966555183946488,0.3110367892976589,0.21739130434782608,0.1705685618729097,0.046822742474916385,0.0,0.0003495645668856088
res85_free_n4.0_stiff,1,event,exact,3,300,drop_base,0,0,0,0,0,299,0.4464882943143812,0.17826086956521725,0.862876254180602,0.4013377926421405,0.013377926421404682,0.013377926421404682,0.0,0.0,0.0002408900932564148
res85_free_n4.0_stiff,2,always,exact,3,300,drop_base,0,0,0,0,0,299,0.5274247491638799,-0.021739130434782608,1.0,0.3377926421404682,0.3311036789297659,0.19732441471571907,0.13377926421404682,0.0,0.0003350498605257474
res85_free_n4.0_stiff,2,voa,exact,3,300,drop_base,0,0,0,0,0,299,0.5187290969899668,0.0,0.9899665551839465,0.34448160535117056,0.2040133779264214,0.16387959866220736,0.04013377926421405,0.0,0.00033159380106992847
res85_free_n4.0_stiff,2,event,exact,3,300,drop_base,0,0,0,0,0,299,0.44916387959866216,0.17826086956521725,0.862876254180602,0.3979933110367893,0.013377926421404682,0.013377926421404682,0.0,0.0,0.00023526883066789556
res35_anch_n0.5_std,0,always,exact,3,300,delay1,1,0,1,0,0,124,0.7903225806451613,0.0,1.0,0.16129032258064516,2.0,1.0,1.0,0.0,0.3015850384156806
res35_anch_n0.5_std,0,voa,exact,3,300,delay1,1,0,1,0,0,124,0.7903225806451613,0.0,1.0,0.16129032258064516,1.7983870967741935,0.9919354838709677,0.8064516129032258,0.0,0.3015850384156806
res35_anch_n0.5_std,0,event,exact,3,300,delay1,1,0,1,0,0,267,0.2550561797752812,0.6475655430711618,0.50187265917603,0.5730337078651685,0.33707865168539325,0.33707865168539325,0.0,0.0,0.30159068011013573
res35_anch_n0.5_std,1,always,exact,3,300,delay1,1,0,1,0,0,124,0.7903225806451613,0.0,1.0,0.16129032258064516,2.0,1.0,1.0,0.0,0.3015850359942978
res35_anch_n0.5_std,1,voa,exact,3,300,delay1,1,0,1,0,0,124,0.7903225806451613,0.0,1.0,0.16129032258064516,1.782258064516129,0.9758064516129032,0.8064516129032258,0.0,0.3015850359942978
res35_anch_n0.5_std,1,event,exact,3,300,delay1,1,0,1,0,0,268,0.2529850746268659,0.6500000000000008,0.5,0.5746268656716418,0.3358208955223881,0.3358208955223881,0.0,0.0,0.3015906384362769
res35_anch_n0.5_std,2,always,exact,3,300,delay1,1,0,1,0,0,125,0.7816000000000001,0.0,1.0,0.168,2.0,1.0,1.0,0.0,0.30158502148545663
res35_anch_n0.5_std,2,voa,exact,3,300,delay1,1,0,1,0,0,125,0.7816000000000001,0.0,1.0,0.168,1.776,0.976,0.8,0.0,0.30158502148545663
res35_anch_n0.5_std,2,event,exact,3,300,delay1,1,0,1,0,0,270,0.24888888888888916,0.6500000000000008,0.5,0.5777777777777777,0.3333333333333333,0.3333333333333333,0.0,0.0,0.30159066165845727
res35_anch_n0.5_stiff,0,always,exact,3,300,delay1,1,0,1,0,0,107,0.7570093457943925,-0.024299065420560748,1.0,0.18691588785046728,2.0,1.0,1.0,0.0,0.3030776581391255
res35_anch_n0.5_stiff,0,voa,exact,3,300,delay1,1,0,1,0,0,107,0.7570093457943925,-0.024299065420560748,1.0,0.18691588785046728,1.766355140186916,0.9906542056074766,0.7757009345794392,0.0,0.3030776581391255
res35_anch_n0.5_stiff,0,event,exact,3,300,delay1,1,0,1,0,0,250,0.2044000000000003,0.6916000000000008,0.468,0.612,0.284,0.284,0.0,0.0,0.30308329903159353
res35_anch_n0.5_stiff,1,always,exact,3,300,delay1,1,0,1,0,0,107,0.7570093457943925,0.0,1.0,0.18691588785046728,2.0,1.0,1.0,0.0,0.30307765582301427
res35_anch_n0.5_stiff,1,voa,exact,3,300,delay1,1,0,1,0,0,107,0.7570093457943925,0.0,1.0,0.18691588785046728,1.7476635514018692,0.9719626168224299,0.7757009345794392,0.0,0.30307765582301427
res35_anch_n0.5_stiff,1,event,exact,3,300,delay1,1,0,1,0,0,251,0.20239043824701225,0.694023904382471,0.46613545816733065,0.6135458167330677,0.28286852589641437,0.28286852589641437,0.0,0.0,0.30308325735819913
res35_anch_n0.5_stiff,2,always,exact,3,300,delay1,1,0,1,0,0,108,0.7472222222222222,-0.012037037037037037,1.0,0.19444444444444445,2.0,1.0,1.0,0.0,0.30307764110865537
res35_anch_n0.5_stiff,2,voa,exact,3,300,delay1,1,0,1,0,0,108,0.7472222222222222,-0.012037037037037037,1.0,0.19444444444444445,1.7407407407407407,0.9722222222222222,0.7685185185185185,0.0,0.30307764110865537
res35_anch_n0.5_stiff,2,event,exact,3,300,delay1,1,0,1,0,0,253,0.19841897233201614,0.6936758893280641,0.466403162055336,0.616600790513834,0.28063241106719367,0.28063241106719367,0.0,0.0,0.3030832805809011
res35_anch_n4.0_std,0,always,exact,3,300,delay1,1,0,1,0,0,124,0.7903225806451613,-0.09435483870967742,1.0,0.16129032258064516,2.0,1.0,1.0,0.0,0.3015850384156806
res35_anch_n4.0_std,0,voa,exact,3,300,delay1,1,0,1,0,0,138,0.8021739130434783,-0.07536231884057971,0.9927536231884058,0.15217391304347827,1.7391304347826086,0.9492753623188406,0.7898550724637681,0.0,0.30008970117002864
res35_anch_n4.0_std,0,event,exact,3,300,delay1,1,0,1,0,0,261,0.3425287356321836,0.557854406130268,0.5708812260536399,0.5057471264367817,0.3448275862068966,0.3448275862068966,0.0,0.0,0.30159328977088806
res35_anch_n4.0_std,1,always,exact,3,300,delay1,1,0,1,0,0,124,0.7903225806451613,-0.05241935483870968,1.0,0.16129032258064516,2.0,1.0,1.0,0.0,0.3015850359942978
res35_anch_n4.0_std,1,voa,exact,3,300,delay1,1,0,1,0,0,143,0.7909090909090909,-0.07272727272727272,0.9790209790209791,0.16083916083916083,1.6993006993006994,0.9300699300699301,0.7692307692307693,0.0,0.30329130237493757
res35_anch_n4.0_std,1,event,exact,3,300,delay1,1,0,1,0,0,267,0.3329588014981271,0.5696629213483146,0.5617977528089888,0.5131086142322098,0.3445692883895131,0.3445692883895131,0.0,0.0,0.30159349245312983
res35_anch_n4.0_std,2,always,exact,3,300,delay1,1,0,1,0,0,125,0.7816000000000001,-0.0936,1.0,0.168,2.0,1.0,1.0,0.0,0.30158502148545663
res35_anch_n4.0_std,2,voa,exact,3,300,delay1,1,0,1,0,0,140,0.7957142857142857,-0.11142857142857145,0.9928571428571429,0.15714285714285714,1.7357142857142858,0.9428571428571428,0.7928571428571428,0.0,0.3033050120739461
res35_anch_n4.0_std,2,event,exact,3,300,delay1,1,0,1,0,0,269,0.3427509293680295,0.5557620817843866,0.5724907063197026,0.5055762081784386,0.37174721189591076,0.37174721189591076,0.0,0.0,0.30159247117644555
res35_anch_n4.0_stiff,0,always,exact,3,300,delay1,1,0,1,0,0,107,0.7570093457943925,-0.09719626168224299,1.0,0.18691588785046728,2.0,1.0,1.0,0.0,0.3030776581391255
res35_anch_n4.0_stiff,0,voa,exact,3,300,delay1,1,0,1,0,0,139,0.8035971223021583,-0.13093525179856116,0.9928057553956835,0.1510791366906475,1.7410071942446044,0.9496402877697842,0.7913669064748201,0.0,0.30052919866344746
res35_anch_n4.0_stiff,0,event,exact,3,300,delay1,1,0,1,0,0,244,0.29672131147540953,0.5967213114754097,0.5409836065573771,0.5409836065573771,0.29918032786885246,0.29918032786885246,0.0,0.0,0.3030859086911204
res35_anch_n4.0_stiff,1,always,exact,3,300,delay1,1,0,1,0,0,107,0.7570093457943925,-0.048598130841121495,1.0,0.18691588785046728,2.0,1.0,1.0,0.0,0.30307765582301427
res35_anch_n4.0_stiff,1,voa,exact,3,300,delay1,1,0,1,0,0,111,0.7423423423423424,-0.07027027027027027,0.9819819819819819,0.1981981981981982,1.6666666666666667,0.918918918918919,0.7477477477477478,0.0,0.30307796122914843
res35_anch_n4.0_stiff,1,event,exact,3,300,delay1,1,0,1,0,0,250,0.28759999999999974,0.6084,0.532,0.548,0.308,0.308,0.0,0.0,0.30308611137347585
res35_anch_n4.0_stiff,2,always,exact,3,300,delay1,1,0,1,0,0,108,0.7472222222222222,-0.06018518518518518,1.0,0.19444444444444445,2.0,1.0,1.0,0.0,0.30307764110865537
res35_anch_n4.0_stiff,2,voa,exact,3,300,delay1,1,0,1,0,0,108,0.7472222222222222,-0.06018518518518518,1.0,0.19444444444444445,1.7037037037037037,0.9351851851851852,0.7685185185185185,0.0,0.30307764110865537
res35_anch_n4.0_stiff,2,event,exact,3,300,delay1,1,0,1,0,0,252,0.29841269841269813,0.5932539682539683,0.5436507936507936,0.5396825396825397,0.3134920634920635,0.3134920634920635,0.0,0.0,0.30308509009696916
res35_free_n0.5_std,0,always,exact,3,300,delay1,1,0,1,0,0,124,0.9129032258064517,0.0,1.0,0.008064516129032258,2.0,1.0,1.0,0.0,0.3015850347120809
res35_free_n0.5_std,0,voa,exact,3,300,delay1,1,0,1,0,0,124,0.9129032258064517,0.0,1.0,0.008064516129032258,1.7983870967741935,0.9919354838709677,0.8064516129032258,0.0,0.3015850347120809
res35_free_n0.5_std,0,event,exact,3,300,delay1,1,0,1,0,0,267,0.31198501872659157,0.6475655430711618,0.50187265917603,0.50187265917603,0.33707865168539325,0.33707865168539325,0.0,0.0,0.30159068011013607
res35_free_n0.5_std,1,always,exact,3,300,delay1,1,0,1,0,0,124,0.9129032258064517,0.0,1.0,0.008064516129032258,2.0,1.0,1.0,0.0,0.30158503643453377
res35_free_n0.5_std,1,voa,exact,3,300,delay1,1,0,1,0,0,124,0.9129032258064517,0.0,1.0,0.008064516129032258,1.782258064516129,0.9758064516129032,0.8064516129032258,0.0,0.30158503643453377
res35_free_n0.5_std,1,event,exact,3,300,delay1,1,0,1,0,0,268,0.3097014925373132,0.6500000000000008,0.5,0.503731343283582,0.3358208955223881,0.3358208955223881,0.0,0.0,0.3015906384362764
res35_free_n0.5_std,2,always,exact,3,300,delay1,1,0,1,0,0,125,0.9096000000000001,0.0,1.0,0.008,2.0,1.0,1.0,0.0,0.3015850220998027
res35_free_n0.5_std,2,voa,exact,3,300,delay1,1,0,1,0,0,125,0.9096000000000001,0.0,1.0,0.008,1.776,0.976,0.8,0.0,0.3015850220998027
res35_free_n0.5_std,2,event,exact,3,300,delay1,1,0,1,0,0,270,0.30814814814814795,0.6500000000000008,0.5,0.5037037037037037,0.3333333333333333,0.3333333333333333,0.0,0.0,0.3015906616584583
res35_free_n0.5_stiff,0,always,exact,3,300,delay1,1,0,1,0,0,107,0.8990654205607477,-0.024299065420560748,1.0,0.009345794392523364,2.0,1.0,1.0,0.0,0.3030776544352354
res35_free_n0.5_stiff,0,voa,exact,3,300,delay1,1,0,1,0,0,107,0.8990654205607477,-0.024299065420560748,1.0,0.009345794392523364,1.766355140186916,0.9906542056074766,0.7757009345794392,0.0,0.3030776544352354
res35_free_n0.5_stiff,0,event,exact,3,300,delay1,1,0,1,0,0,250,0.2651999999999998,0.6916000000000008,0.468,0.536,0.284,0.284,0.0,0.0,0.30308329903159364
res35_free_n0.5_stiff,1,always,exact,3,300,delay1,1,0,1,0,0,107,0.8990654205607477,0.0,1.0,0.009345794392523364,2.0,1.0,1.0,0.0,0.3030776562618944
res35_free_n0.5_stiff,1,voa,exact,3,300,delay1,1,0,1,0,0,107,0.8990654205607477,0.0,1.0,0.009345794392523364,1.7476635514018692,0.9719626168224299,0.7757009345794392,0.0,0.3030776562618944
res35_free_n0.5_stiff,1,event,exact,3,300,delay1,1,0,1,0,0,251,0.2629482071713145,0.694023904382471,0.46613545816733065,0.5378486055776892,0.28286852589641437,0.28286852589641437,0.0,0.0,0.3030832573581985
res35_free_n0.5_stiff,2,always,exact,3,300,delay1,1,0,1,0,0,108,0.8953703703703704,-0.012037037037037037,1.0,0.009259259259259259,2.0,1.0,1.0,0.0,0.3030776417217903
res35_free_n0.5_stiff,2,voa,exact,3,300,delay1,1,0,1,0,0,108,0.8953703703703704,-0.012037037037037037,1.0,0.009259259259259259,1.7407407407407407,0.9722222222222222,0.7685185185185185,0.0,0.3030776417217903
res35_free_n0.5_stiff,2,event,exact,3,300,delay1,1,0,1,0,0,253,0.26166007905138317,0.6936758893280641,0.466403162055336,0.5375494071146245,0.28063241106719367,0.28063241106719367,0.0,0.0,0.3030832805809011
res35_free_n4.0_std,0,always,exact,3,300,delay1,1,0,1,0,0,124,0.9129032258064517,-0.09435483870967742,1.0,0.008064516129032258,2.0,1.0,1.0,0.0,0.3015850347120809
res35_free_n4.0_std,0,voa,exact,3,300,delay1,1,0,1,0,0,138,0.9123188405797101,-0.07536231884057971,0.9927536231884058,0.014492753623188406,1.7391304347826086,0.9492753623188406,0.7898550724637681,0.0,0.30008914080376276
res35_free_n4.0_std,0,event,exact,3,300,delay1,1,0,1,0,0,261,0.40076628352490407,0.557854406130268,0.5708812260536399,0.4329501915708812,0.3448275862068966,0.3448275862068966,0.0,0.0,0.30159328977088806
res35_free_n4.0_std,1,always,exact,3,300,delay1,1,0,1,0,0,124,0.9129032258064517,-0.05241935483870968,1.0,0.008064516129032258,2.0,1.0,1.0,0.0,0.30158503643453377
res35_free_n4.0_std,1,voa,exact,3,300,delay1,1,0,1,0,0,143,0.8972027972027973,-0.07272727272727272,0.9790209790209791,0.027972027972027972,1.6993006993006994,0.9300699300699301,0.7692307692307693,0.0,0.30329064703163955
res35_free_n4.0_std,1,event,exact,3,300,delay1,1,0,1,0,0,267,0.38988764044943813,0.5696629213483146,0.5617977528089888,0.4419475655430712,0.3445692883895131,0.3445692883895131,0.0,0.0,0.30159349245313033
res35_free_n4.0_std,2,always,exact,3,300,delay1,1,0,1,0,0,125,0.9096000000000001,-0.0936,1.0,0.008,2.0,1.0,1.0,0.0,0.3015850220998027
res35_free_n4.0_std,2,voa,exact,3,300,delay1,1,0,1,0,0,140,0.91,-0.11142857142857145,0.9928571428571429,0.014285714285714285,1.7357142857142858,0.9428571428571428,0.7928571428571428,0.0,0.30330436928440285
res35_free_n4.0_std,2,event,exact,3,300,delay1,1,0,1,0,0,269,0.40223048327137545,0.5557620817843866,0.5724907063197026,0.4312267657992565,0.37174721189591076,0.37174721189591076,0.0,0.0,0.3015924711764471
res35_free_n4.0_stiff,0,always,exact,3,300,delay1,1,0,1,0,0,107,0.8990654205607477,-0.09719626168224299,1.0,0.009345794392523364,2.0,1.0,1.0,0.0,0.3030776544352354
res35_free_n4.0_stiff,0,voa,exact,3,300,delay1,1,0,1,0,0,139,0.9129496402877698,-0.13093525179856116,0.9928057553956835,0.014388489208633094,1.7410071942446044,0.9496402877697842,0.7913669064748201,0.0,0.30052796982446567
res35_free_n4.0_stiff,0,event,exact,3,300,delay1,1,0,1,0,0,244,0.3590163934426228,0.5967213114754097,0.5409836065573771,0.46311475409836067,0.29918032786885246,0.29918032786885246,0.0,0.0,0.3030859086911196
res35_free_n4.0_stiff,1,always,exact,3,300,delay1,1,0,1,0,0,107,0.8990654205607477,-0.048598130841121495,1.0,0.009345794392523364,2.0,1.0,1.0,0.0,0.3030776562618944
res35_free_n4.0_stiff,1,voa,exact,3,300,delay1,1,0,1,0,0,111,0.8792792792792792,-0.07027027027027027,0.9819819819819819,0.02702702702702703,1.6666666666666667,0.918918918918919,0.7477477477477478,0.0,0.3030779612291529
res35_free_n4.0_stiff,1,event,exact,3,300,delay1,1,0,1,0,0,250,0.34839999999999993,0.6084,0.532,0.472,0.308,0.308,0.0,0.0,0.3030861113734761
res35_free_n4.0_stiff,2,always,exact,3,300,delay1,1,0,1,0,0,108,0.8953703703703704,-0.06018518518518518,1.0,0.009259259259259259,2.0,1.0,1.0,0.0,0.3030776417217903
res35_free_n4.0_stiff,2,voa,exact,3,300,delay1,1,0,1,0,0,108,0.8953703703703704,-0.06018518518518518,1.0,0.009259259259259259,1.7037037037037037,0.9351851851851852,0.7685185185185185,0.0,0.3030776417217903
res35_free_n4.0_stiff,2,event,exact,3,300,delay1,1,0,1,0,0,252,0.36190476190476184,0.5932539682539683,0.5436507936507936,0.4603174603174603,0.3134920634920635,0.3134920634920635,0.0,0.0,0.3030850900969698
res60_anch_n0.5_std,0,always,exact,3,300,delay1,1,0,1,0,0,154,0.8227272727272728,-0.050649350649350645,1.0,0.13636363636363635,1.2662337662337662,1.0,0.2662337662337662,0.0,0.3029548688870995
res60_anch_n0.5_std,0,voa,exact,3,300,delay1,1,0,1,0,0,152,0.8203947368421053,-0.034210526315789476,0.993421052631579,0.13815789473684212,1.0789473684210527,0.9868421052631579,0.09210526315789473,0.0,0.3029508299168601
res60_anch_n0.5_std,0,event,exact,3,300,delay1,0,0,0,0,0,299,0.33478260869565246,0.578260869565218,0.5551839464882943,0.5117056856187291,0.0,0.0,0.0,0.0,0.00023829012327832074
res60_anch_n0.5_std,1,always,exact,3,300,delay1,1,0,1,0,0,154,0.8227272727272728,-0.050649350649350645,1.0,0.13636363636363635,1.2662337662337662,1.0,0.2662337662337662,0.0,0.3029548665952298
res60_anch_n0.5_std,1,voa,exact,3,300,delay1,1,0,1,0,0,152,0.8203947368421053,-0.034210526315789476,0.993421052631579,0.13815789473684212,1.0657894736842106,0.9736842105263158,0.09210526315789473,0.0,0.3029508276194582
res60_anch_n0.5_std,1,event,exact,3,300,delay1,0,0,0,0,0,299,0.33043478260869585,0.5826086956521747,0.5518394648829431,0.5150501672240803,0.0,0.0,0.0,0.0,0.00023642449310097094
res60_anch_n0.5_std,2,always,exact,3,300,delay1,1,0,1,0,0,155,0.815483870967742,-0.05032258064516129,1.0,0.14193548387096774,1.270967741935484,1.0,0.2709677419354839,0.0,0.30295485170646713
res60_anch_n0.5_std,2,voa,exact,3,300,delay1,1,0,1,0,0,153,0.8130718954248366,-0.03398692810457517,0.9934640522875817,0.1437908496732026,1.065359477124183,0.9738562091503268,0.0915032679738562,0.0,0.30295081279288427
res60_anch_n0.5_std,2,event,exact,3,300,delay1,0,0,0,0,0,299,0.32173913043478286,0.5869565217391312,0.5484949832775919,0.5217391304347826,0.0,0.0,0.0,0.0,0.00023279980209947956
res60_anch_n0.5_stiff,0,always,exact,3,300,delay1,1,0,1,0,0,156,0.825,-0.049999999999999996,1.0,0.1346153846153846,1.2628205128205128,1.0,0.26282051282051283,0.0,0.30334381464791443
res60_anch_n0.5_stiff,0,voa,exact,3,300,delay1,1,0,1,0,0,154,0.8227272727272728,-0.03376623376623377,0.9935064935064936,0.13636363636363635,1.077922077922078,0.987012987012987,0.09090909090909091,0.0,0.3033398549898032
res60_anch_n0.5_stiff,0,event,exact,3,300,delay1,0,0,0,0,0,299,0.33478260869565246,0.578260869565218,0.5551839464882943,0.5117056856187291,0.0,0.0,0.0,0.0,0.00023829012327832074
res60_anch_n0.5_stiff,1,always,exact,3,300,delay1,1,0,1,0,0,156,0.825,-0.049999999999999996,1.0,0.1346153846153846,1.2628205128205128,1.0,0.26282051282051283,0.0,0.3033438123519121
res60_anch_n0.5_stiff,1,voa,exact,3,300,delay1,1,0,1,0,0,154,0.8227272727272728,-0.03376623376623377,0.9935064935064936,0.13636363636363635,1.0649350649350648,0.974025974025974,0.09090909090909091,0.0,0.3033398526924029
res60_anch_n0.5_stiff,1,event,exact,3,300,delay1,0,0,0,0,0,299,0.33043478260869585,0.5826086956521747,0.5518394648829431,0.5150501672240803,0.0,0.0,0.0,0.0,0.00023642449310097094
res60_anch_n0.5_stiff,2,always,exact,3,300,delay1,1,0,1,0,0,157,0.8178343949044586,-0.04968152866242038,1.0,0.14012738853503184,1.267515923566879,1.0,0.267515923566879,0.0,0.3033437975091551
res60_anch_n0.5_stiff,2,voa,exact,3,300,delay1,1,0,1,0,0,155,0.815483870967742,-0.03354838709677419,0.9935483870967742,0.14193548387096774,1.064516129032258,0.9741935483870968,0.09032258064516129,0.0,0.3033398378658273
res60_anch_n0.5_stiff,2,event,exact,3,300,delay1,0,0,0,0,0,299,0.32173913043478286,0.5869565217391312,0.5484949832775919,0.5217391304347826,0.0,0.0,0.0,0.0,0.00023279980209947956
res60_anch_n4.0_std,0,always,exact,3,300,delay1,1,0,1,0,0,154,0.8227272727272728,-0.050649350649350645,1.0,0.13636363636363635,1.2662337662337662,1.0,0.2662337662337662,0.0,0.3029548688870995
res60_anch_n4.0_std,0,voa,exact,3,300,delay1,1,0,1,0,0,152,0.8203947368421053,-0.034210526315789476,0.993421052631579,0.13815789473684212,1.0328947368421053,0.9342105263157895,0.09868421052631579,0.0,0.3029508299168601
res60_anch_n4.0_std,0,event,exact,3,300,delay1,0,0,0,0,0,299,0.4260869565217389,0.48695652173913034,0.6254180602006689,0.4414715719063545,0.023411371237458192,0.023411371237458192,0.0,0.0,0.000251843523904868
res60_anch_n4.0_std,1,always,exact,3,300,delay1,1,0,1,0,0,153,0.8215686274509804,-0.03398692810457517,1.0,0.13725490196078433,1.261437908496732,1.0,0.26143790849673204,0.0,0.3029527567910407
res60_anch_n4.0_std,1,voa,exact,3,300,delay1,1,0,1,0,0,159,0.8037735849056603,0.008176100628930818,0.9748427672955975,0.1509433962264151,0.9685534591194969,0.8930817610062893,0.07547169811320754,0.0,0.3029485916690093
res60_anch_n4.0_std,1,event,exact,3,300,delay1,0,0,0,0,0,299,0.4043478260869563,0.5086956521739131,0.6086956521739131,0.45819397993311034,0.026755852842809364,0.026755852842809364,0.0,0.0,0.00024110246507842172
res60_anch_n4.0_std,2,always,exact,3,300,delay1,1,0,1,0,0,155,0.815483870967742,-0.03354838709677419,1.0,0.14193548387096774,1.270967741935484,1.0,0.2709677419354839,0.0,0.30295485170646713
res60_anch_n4.0_std,2,voa,exact,3,300,delay1,1,0,1,0,0,152,0.7947368421052632,0.008552631578947369,0.9802631578947368,0.15789473684210525,1.0,0.9276315789473685,0.07236842105263158,0.0,0.3029456331924451
res60_anch_n4.0_std,2,event,exact,3,300,delay1,0,0,0,0,0,299,0.4086956521739128,0.5,0.6153846153846154,0.45484949832775917,0.046822742474916385,0.046822742474916385,0.0,0.0,0.0002364332748242562
res60_anch_n4.0_stiff,0,always,exact,3,300,delay1,1,0,1,0,0,156,0.825,-0.049999999999999996,1.0,0.1346153846153846,1.2628205128205128,1.0,0.26282051282051283,0.0,0.30334381464791443
res60_anch_n4.0_stiff,0,voa,exact,3,300,delay1,1,0,1,0,0,154,0.8227272727272728,-0.03376623376623377,0.9935064935064936,0.13636363636363635,1.0324675324675325,0.935064935064935,0.09740259740259741,0.0,0.3033398549898032
res60_anch_n4.0_stiff,0,event,exact,3,300,delay1,0,0,0,0,0,299,0.4260869565217389,0.48695652173913034,0.6254180602006689,0.4414715719063545,0.023411371237458192,0.023411371237458192,0.0,0.0,0.000251843523904868
res60_anch_n4.0_stiff,1,always,exact,3,300,delay1,1,0,1,0,0,155,0.8238709677419355,-0.03354838709677419,1.0,0.13548387096774195,1.2580645161290323,1.0,0.25806451612903225,0.0,0.3033417818639844
res60_anch_n4.0_stiff,1,voa,exact,3,300,delay1,1,0,1,0,0,161,0.8062111801242237,0.008074534161490683,0.9751552795031055,0.14906832298136646,0.968944099378882,0.8944099378881988,0.07453416149068323,0.0,0.30333761674194354
res60_anch_n4.0_stiff,1,event,exact,3,300,delay1,0,0,0,0,0,299,0.4043478260869563,0.5086956521739131,0.6086956521739131,0.45819397993311034,0.026755852842809364,0.026755852842809364,0.0,0.0,0.00024110246507842172
res60_anch_n4.0_stiff,2,always,exact,3,300,delay1,1,0,1,0,0,157,0.8178343949044586,-0.033121019108280254,1.0,0.14012738853503184,1.267515923566879,1.0,0.267515923566879,0.0,0.3033437975091551
res60_anch_n4.0_stiff,2,voa,exact,3,300,delay1,1,0,1,0,0,154,0.7974025974025973,0.008441558441558443,0.9805194805194806,0.15584415584415584,1.0064935064935066,0.935064935064935,0.07142857142857142,0.0,0.3033346582653787
res60_anch_n4.0_stiff,2,event,exact,3,300,delay1,0,0,0,0,0,299,0.4086956521739128,0.5,0.6153846153846154,0.45484949832775917,0.046822742474916385,0.046822742474916385,0.0,0.0,0.0002364332748242562
res60_free_n0.5_std,0,always,exact,3,300,delay1,1,0,1,0,0,154,0.9214285714285715,-0.050649350649350645,1.0,0.012987012987012988,1.2662337662337662,1.0,0.2662337662337662,0.0,0.30295486517164744
res60_free_n0.5_std,0,voa,exact,3,300,delay1,1,0,1,0,0,152,0.9203947368421053,-0.034210526315789476,0.993421052631579,0.013157894736842105,1.0789473684210527,0.9868421052631579,0.09210526315789473,0.0,0.3029508262060964
res60_free_n0.5_std,0,event,exact,3,300,delay1,0,0,0,0,0,299,0.3856187290969898,0.578260869565218,0.5551839464882943,0.44816053511705684,0.0,0.0,0.0,0.0,0.00023829012328366032
res60_free_n0.5_std,1,always,exact,3,300,delay1,1,0,1,0,0,154,0.9214285714285715,-0.050649350649350645,1.0,0.012987012987012988,1.2662337662337662,1.0,0.2662337662337662,0.0,0.3029548670095668
res60_free_n0.5_std,1,voa,exact,3,300,delay1,1,0,1,0,0,152,0.9203947368421053,-0.034210526315789476,0.993421052631579,0.013157894736842105,1.0657894736842106,0.9736842105263158,0.09210526315789473,0.0,0.3029508280437248
res60_free_n0.5_std,1,event,exact,3,300,delay1,0,0,0,0,0,299,0.38127090301003325,0.5826086956521747,0.5518394648829431,0.451505016722408,0.0,0.0,0.0,0.0,0.00023642449307588627
res60_free_n0.5_std,2,always,exact,3,300,delay1,1,0,1,0,0,155,0.9187096774193548,-0.05032258064516129,1.0,0.012903225806451613,1.270967741935484,1.0,0.2709677419354839,0.0,0.30295485230860136
res60_free_n0.5_std,2,voa,exact,3,300,delay1,1,0,1,0,0,153,0.9176470588235295,-0.03398692810457517,0.9934640522875817,0.013071895424836602,1.065359477124183,0.9738562091503268,0.0915032679738562,0.0,0.3029508133993956
res60_free_n0.5_std,2,event,exact,3,300,delay1,0,0,0,0,0,299,0.37525083612040117,0.5869565217391312,0.5484949832775919,0.45484949832775917,0.0,0.0,0.0,0.0,0.00023279980206605572
res60_free_n0.5_stiff,0,always,exact,3,300,delay1,1,0,1,0,0,156,0.9224358974358975,-0.049999999999999996,1.0,0.01282051282051282,1.2628205128205128,1.0,0.26282051282051283,0.0,0.3033438127274997
res60_free_n0.5_stiff,0,voa,exact,3,300,delay1,1,0,1,0,0,154,0.9214285714285715,-0.03376623376623377,0.9935064935064936,0.012987012987012988,1.077922077922078,0.987012987012987,0.09090909090909091,0.0,0.30333985307061484
res60_free_n0.5_stiff,0,event,exact,3,300,delay1,0,0,0,0,0,299,0.3856187290969898,0.578260869565218,0.5551839464882943,0.44816053511705684,0.0,0.0,0.0,0.0,0.00023829012328366032
res60_free_n0.5_stiff,1,always,exact,3,300,delay1,1,0,1,0,0,156,0.9224358974358975,-0.049999999999999996,1.0,0.01282051282051282,1.2628205128205128,1.0,0.26282051282051283,0.0,0.30334381456515336
res60_free_n0.5_stiff,1,voa,exact,3,300,delay1,1,0,1,0,0,154,0.9214285714285715,-0.03376623376623377,0.9935064935064936,0.012987012987012988,1.0649350649350648,0.974025974025974,0.09090909090909091,0.0,0.3033398549082335
res60_free_n0.5_stiff,1,event,exact,3,300,delay1,0,0,0,0,0,299,0.38127090301003325,0.5826086956521747,0.5518394648829431,0.451505016722408,0.0,0.0,0.0,0.0,0.00023642449307588627
res60_free_n0.5_stiff,2,always,exact,3,300,delay1,1,0,1,0,0,157,0.9197452229299363,-0.04968152866242038,1.0,0.012738853503184714,1.267515923566879,1.0,0.267515923566879,0.0,0.3033437999094301
res60_free_n0.5_stiff,2,voa,exact,3,300,delay1,1,0,1,0,0,155,0.9187096774193548,-0.03354838709677419,0.9935483870967742,0.012903225806451613,1.064516129032258,0.9741935483870968,0.09032258064516129,0.0,0.3033398402672595
res60_free_n0.5_stiff,2,event,exact,3,300,delay1,0,0,0,0,0,299,0.37525083612040117,0.5869565217391312,0.5484949832775919,0.45484949832775917,0.0,0.0,0.0,0.0,0.00023279980206605572
res60_free_n4.0_std,0,always,exact,3,300,delay1,1,0,1,0,0,154,0.9214285714285715,-0.050649350649350645,1.0,0.012987012987012988,1.2662337662337662,1.0,0.2662337662337662,0.0,0.30295486517164744
res60_free_n4.0_std,0,voa,exact,3,300,delay1,1,0,1,0,0,152,0.9203947368421053,-0.034210526315789476,0.993421052631579,0.013157894736842105,1.0328947368421053,0.9342105263157895,0.09868421052631579,0.0,0.3029508262060964
res60_free_n4.0_std,0,event,exact,3,300,delay1,0,0,0,0,0,299,0.4769230769230768,0.48695652173913034,0.6254180602006689,0.3779264214046823,0.023411371237458192,0.023411371237458192,0.0,0.0,0.0002518435239192172
res60_free_n4.0_std,1,always,exact,3,300,delay1,1,0,1,0,0,153,0.9209150326797386,-0.03398692810457517,1.0,0.013071895424836602,1.261437908496732,1.0,0.26143790849673204,0.0,0.30295275721402043
res60_free_n4.0_std,1,voa,exact,3,300,delay1,1,0,1,0,0,159,0.89937106918239,0.008176100628930818,0.9748427672955975,0.031446540880503145,0.9685534591194969,0.8930817610062893,0.07547169811320754,0.0,0.3029485916682915
res60_free_n4.0_std,1,event,exact,3,300,delay1,0,0,0,0,0,299,0.4551839464882942,0.5086956521739131,0.6086956521739131,0.39464882943143814,0.026755852842809364,0.026755852842809364,0.0,0.0,0.00024110246500490205
res60_free_n4.0_std,2,always,exact,3,300,delay1,1,0,1,0,0,155,0.9187096774193548,-0.03354838709677419,1.0,0.012903225806451613,1.270967741935484,1.0,0.2709677419354839,0.0,0.30295485230860136
res60_free_n4.0_std,2,voa,exact,3,300,delay1,1,0,1,0,0,152,0.9,0.008552631578947369,0.9802631578947368,0.02631578947368421,1.0,0.9276315789473685,0.07236842105263158,0.0,0.3029456338006352
res60_free_n4.0_std,2,event,exact,3,300,delay1,0,0,0,0,0,299,0.4622073578595317,0.5,0.6153846153846154,0.3879598662207358,0.046822742474916385,0.046822742474916385,0.0,0.0,0.000236433274803135
res60_free_n4.0_stiff,0,always,exact,3,300,delay1,1,0,1,0,0,156,0.9224358974358975,-0.049999999999999996,1.0,0.01282051282051282,1.2628205128205128,1.0,0.26282051282051283,0.0,0.3033438127274997
res60_free_n4.0_stiff,0,voa,exact,3,300,delay1,1,0,1,0,0,154,0.9214285714285715,-0.03376623376623377,0.9935064935064936,0.012987012987012988,1.0324675324675325,0.935064935064935,0.09740259740259741,0.0,0.30333985307061484
res60_free_n4.0_stiff,0,event,exact,3,300,delay1,0,0,0,0,0,299,0.4769230769230768,0.48695652173913034,0.6254180602006689,0.3779264214046823,0.023411371237458192,0.023411371237458192,0.0,0.0,0.0002518435239192172
res60_free_n4.0_stiff,1,always,exact,3,300,delay1,1,0,1,0,0,155,0.9219354838709678,-0.03354838709677419,1.0,0.012903225806451613,1.2580645161290323,1.0,0.25806451612903225,0.0,0.30334178407852624
res60_free_n4.0_stiff,1,voa,exact,3,300,delay1,1,0,1,0,0,161,0.9006211180124224,0.008074534161490683,0.9751552795031055,0.031055900621118012,0.968944099378882,0.8944099378881988,0.07453416149068323,0.0,0.3033376185499553
res60_free_n4.0_stiff,1,event,exact,3,300,delay1,0,0,0,0,0,299,0.4551839464882942,0.5086956521739131,0.6086956521739131,0.39464882943143814,0.026755852842809364,0.026755852842809364,0.0,0.0,0.00024110246500490205
res60_free_n4.0_stiff,2,always,exact,3,300,delay1,1,0,1,0,0,157,0.9197452229299363,-0.033121019108280254,1.0,0.012738853503184714,1.267515923566879,1.0,0.267515923566879,0.0,0.3033437999094301
res60_free_n4.0_stiff,2,voa,exact,3,300,delay1,1,0,1,0,0,154,0.9012987012987014,0.008441558441558443,0.9805194805194806,0.025974025974025976,1.0064935064935066,0.935064935064935,0.07142857142857142,0.0,0.3033346606823451
res60_free_n4.0_stiff,2,event,exact,3,300,delay1,0,0,0,0,0,299,0.4622073578595317,0.5,0.6153846153846154,0.3879598662207358,0.046822742474916385,0.046822742474916385,0.0,0.0,0.000236433274803135
res85_anch_n0.5_std,0,always,exact,3,300,delay1,0,0,0,0,0,299,0.9113712374581939,-0.02608695652173913,1.0,0.06688963210702341,1.137123745819398,1.0,0.13712374581939799,0.0,0.0006209248145099446
res85_anch_n0.5_std,0,voa,exact,3,300,delay1,0,0,0,0,0,299,0.908695652173913,-0.017391304347826087,0.9966555183946488,0.07023411371237458,0.3979933110367893,0.3511705685618729,0.046822742474916385,0.0,0.0006218290415032587
res85_anch_n0.5_std,0,event,exact,3,300,delay1,0,0,0,0,0,299,0.33478260869565246,0.578260869565218,0.5551839464882943,0.5117056856187291,0.0,0.0,0.0,0.0,0.00023829012327832074
res85_anch_n0.5_std,1,always,exact,3,300,delay1,0,0,0,0,0,299,0.9113712374581939,-0.02608695652173913,1.0,0.06688963210702341,1.137123745819398,1.0,0.13712374581939799,0.0,0.0006209225185636345
res85_anch_n0.5_std,1,voa,exact,3,300,delay1,0,0,0,0,0,299,0.908695652173913,-0.017391304347826087,0.9966555183946488,0.07023411371237458,0.391304347826087,0.34448160535117056,0.046822742474916385,0.0,0.0006218267441038642
res85_anch_n0.5_std,1,event,exact,3,300,delay1,0,0,0,0,0,299,0.33043478260869585,0.5826086956521747,0.5518394648829431,0.5150501672240803,0.0,0.0,0.0,0.0,0.00023642449310097094
res85_anch_n0.5_std,2,always,exact,3,300,delay1,0,0,0,0,0,299,0.9070234113712374,-0.02608695652173913,1.0,0.07023411371237458,1.140468227424749,1.0,0.14046822742474915,0.0,0.0006184757330126913
res85_anch_n0.5_std,2,voa,exact,3,300,delay1,0,0,0,0,0,299,0.9043478260869564,-0.017391304347826087,0.9966555183946488,0.07357859531772576,0.3979933110367893,0.3511705685618729,0.046822742474916385,0.0,0.0006193799747868238
res85_anch_n0.5_std,2,event,exact,3,300,delay1,0,0,0,0,0,299,0.32173913043478286,0.5869565217391312,0.5484949832775919,0.5217391304347826,0.0,0.0,0.0,0.0,0.00023279980209947956
res85_anch_n0.5_stiff,0,always,exact,3,300,delay1,0,0,0,0,0,299,0.9113712374581939,-0.02608695652173913,1.0,0.06688963210702341,1.137123745819398,1.0,0.13712374581939799,0.0,0.0006209248145099446
res85_anch_n0.5_stiff,0,voa,exact,3,300,delay1,0,0,0,0,0,299,0.908695652173913,-0.017391304347826087,0.9966555183946488,0.07023411371237458,0.3979933110367893,0.3511705685618729,0.046822742474916385,0.0,0.0006218290415032587
res85_anch_n0.5_stiff,0,event,exact,3,300,delay1,0,0,0,0,0,299,0.33478260869565246,0.578260869565218,0.5551839464882943,0.5117056856187291,0.0,0.0,0.0,0.0,0.00023829012327832074
res85_anch_n0.5_stiff,1,always,exact,3,300,delay1,0,0,0,0,0,299,0.9113712374581939,-0.02608695652173913,1.0,0.06688963210702341,1.137123745819398,1.0,0.13712374581939799,0.0,0.0006209225185636345
res85_anch_n0.5_stiff,1,voa,exact,3,300,delay1,0,0,0,0,0,299,0.908695652173913,-0.017391304347826087,0.9966555183946488,0.07023411371237458,0.391304347826087,0.34448160535117056,0.046822742474916385,0.0,0.0006218267441038642
res85_anch_n0.5_stiff,1,event,exact,3,300,delay1,0,0,0,0,0,299,0.33043478260869585,0.5826086956521747,0.5518394648829431,0.5150501672240803,0.0,0.0,0.0,0.0,0.00023642449310097094
res85_anch_n0.5_stiff,2,always,exact,3,300,delay1,0,0,0,0,0,299,0.9070234113712374,-0.02608695652173913,1.0,0.07023411371237458,1.140468227424749,1.0,0.14046822742474915,0.0,0.0006184757330126913
res85_anch_n0.5_stiff,2,voa,exact,3,300,delay1,0,0,0,0,0,299,0.9043478260869564,-0.017391304347826087,0.9966555183946488,0.07357859531772576,0.3979933110367893,0.3511705685618729,0.046822742474916385,0.0,0.0006193799747868238
res85_anch_n0.5_stiff,2,event,exact,3,300,delay1,0,0,0,0,0,299,0.32173913043478286,0.5869565217391312,0.5484949832775919,0.5217391304347826,0.0,0.0,0.0,0.0,0.00023279980209947956
res85_anch_n4.0_std,0,always,exact,3,300,delay1,0,0,0,0,0,299,0.9113712374581939,-0.02608695652173913,1.0,0.06688963210702341,1.137123745819398,1.0,0.13712374581939799,0.0,0.0006209248145099446
res85_anch_n4.0_std,0,voa,exact,3,300,delay1,0,0,0,0,0,299,0.908695652173913,-0.017391304347826087,0.9966555183946488,0.07023411371237458,0.391304347826087,0.3411371237458194,0.05016722408026756,0.0,0.0006218290415032587
res85_anch_n4.0_std,0,event,exact,3,300,delay1,0,0,0,0,0,299,0.4260869565217389,0.48695652173913034,0.6254180602006689,0.4414715719063545,0.023411371237458192,0.023411371237458192,0.0,0.0,0.000251843523904868
res85_anch_n4.0_std,1,always,exact,3,300,delay1,0,0,0,0,0,299,0.908695652173913,-0.017391304347826087,1.0,0.07023411371237458,1.1337792642140467,1.0,0.13377926421404682,0.0,0.0006213239730956993
res85_anch_n4.0_std,1,voa,exact,3,300,delay1,0,0,0,0,0,299,0.8956521739130435,0.004347826086956522,0.9866220735785953,0.0802675585284281,0.3745819397993311,0.33444816053511706,0.04013377926421405,0.0,0.0006025671950012652
res85_anch_n4.0_std,1,event,exact,3,300,delay1,0,0,0,0,0,299,0.4043478260869563,0.5086956521739131,0.6086956521739131,0.45819397993311034,0.026755852842809364,0.026755852842809364,0.0,0.0,0.00024110246507842172
res85_anch_n4.0_std,2,always,exact,3,300,delay1,0,0,0,0,0,299,0.9070234113712374,-0.017391304347826087,1.0,0.07023411371237458,1.140468227424749,1.0,0.14046822742474915,0.0,0.0006184757330126913
res85_anch_n4.0_std,2,voa,exact,3,300,delay1,0,0,0,0,0,299,0.8956521739130435,0.004347826086956522,0.9899665551839465,0.0802675585284281,0.36454849498327757,0.3277591973244147,0.03678929765886288,0.0,0.0006166323162333127
res85_anch_n4.0_std,2,event,exact,3,300,delay1,0,0,0,0,0,299,0.4086956521739128,0.5,0.6153846153846154,0.45484949832775917,0.046822742474916385,0.046822742474916385,0.0,0.0,0.0002364332748242562
res85_anch_n4.0_stiff,0,always,exact,3,300,delay1,0,0,0,0,0,299,0.9113712374581939,-0.02608695652173913,1.0,0.06688963210702341,1.137123745819398,1.0,0.13712374581939799,0.0,0.0006209248145099446
res85_anch_n4.0_stiff,0,voa,exact,3,300,delay1,0,0,0,0,0,299,0.908695652173913,-0.017391304347826087,0.9966555183946488,0.07023411371237458,0.391304347826087,0.3411371237458194,0.05016722408026756,0.0,0.0006218290415032587
res85_anch_n4.0_stiff,0,event,exact,3,300,delay1,0,0,0,0,0,299,0.4260869565217389,0.48695652173913034,0.6254180602006689,0.4414715719063545,0.023411371237458192,0.023411371237458192,0.0,0.0,0.000251843523904868
res85_anch_n4.0_stiff,1,always,exact,3,300,delay1,0,0,0,0,0,299,0.908695652173913,-0.017391304347826087,1.0,0.07023411371237458,1.1337792642140467,1.0,0.13377926421404682,0.0,0.0006213239730956993
res85_anch_n4.0_stiff,1,voa,exact,3,300,delay1,0,0,0,0,0,299,0.8956521739130435,0.004347826086956522,0.9866220735785953,0.0802675585284281,0.3745819397993311,0.33444816053511706,0.04013377926421405,0.0,0.0006025671950012652
res85_anch_n4.0_stiff,1,event,exact,3,300,delay1,0,0,0,0,0,299,0.4043478260869563,0.5086956521739131,0.6086956521739131,0.45819397993311034,0.026755852842809364,0.026755852842809364,0.0,0.0,0.00024110246507842172
res85_anch_n4.0_stiff,2,always,exact,3,300,delay1,0,0,0,0,0,299,0.9070234113712374,-0.017391304347826087,1.0,0.07023411371237458,1.140468227424749,1.0,0.14046822742474915,0.0,0.0006184757330126913
res85_anch_n4.0_stiff,2,voa,exact,3,300,delay1,0,0,0,0,0,299,0.8956521739130435,0.004347826086956522,0.9899665551839465,0.0802675585284281,0.36454849498327757,0.3277591973244147,0.03678929765886288,0.0,0.0006166323162333127
res85_anch_n4.0_stiff,2,event,exact,3,300,delay1,0,0,0,0,0,299,0.4086956521739128,0.5,0.6153846153846154,0.45484949832775917,0.046822742474916385,0.046822742474916385,0.0,0.0,0.0002364332748242562
res85_free_n0.5_std,0,always,exact,3,300,delay1,0,0,0,0,0,299,0.9622073578595317,-0.02608695652173913,1.0,0.0033444816053511705,1.137123745819398,1.0,0.13712374581939799,0.0,0.0006209211024909769
res85_free_n0.5_std,0,voa,exact,3,300,delay1,0,0,0,0,0,299,0.9595317725752508,-0.017391304347826087,0.9966555183946488,0.006688963210702341,0.3979933110367893,0.3511705685618729,0.046822742474916385,0.0,0.0006218253307063822
res85_free_n0.5_std,0,event,exact,3,300,delay1,0,0,0,0,0,299,0.3856187290969898,0.578260869565218,0.5551839464882943,0.44816053511705684,0.0,0.0,0.0,0.0,0.00023829012328366032
res85_free_n0.5_std,1,always,exact,3,300,delay1,0,0,0,0,0,299,0.9622073578595317,-0.02608695652173913,1.0,0.0033444816053511705,1.137123745819398,1.0,0.13712374581939799,0.0,0.0006209229401869691
res85_free_n0.5_std,1,voa,exact,3,300,delay1,0,0,0,0,0,299,0.9595317725752508,-0.017391304347826087,0.9966555183946488,0.006688963210702341,0.391304347826087,0.34448160535117056,0.046822742474916385,0.0,0.0006218271683613874
res85_free_n0.5_std,1,event,exact,3,300,delay1,0,0,0,0,0,299,0.38127090301003325,0.5826086956521747,0.5518394648829431,0.451505016722408,0.0,0.0,0.0,0.0,0.00023642449307588627
res85_free_n0.5_std,2,always,exact,3,300,delay1,0,0,0,0,0,299,0.9605351170568561,-0.02608695652173913,1.0,0.0033444816053511705,1.140468227424749,1.0,0.14046822742474915,0.0,0.0006184763383424338
res85_free_n0.5_std,2,voa,exact,3,300,delay1,0,0,0,0,0,299,0.9578595317725752,-0.017391304347826087,0.9966555183946488,0.006688963210702341,0.3979933110367893,0.3511705685618729,0.046822742474916385,0.0,0.0006193805812688875
res85_free_n0.5_std,2,event,exact,3,300,delay1,0,0,0,0,0,299,0.37525083612040117,0.5869565217391312,0.5484949832775919,0.45484949832775917,0.0,0.0,0.0,0.0,0.00023279980206605572
res85_free_n0.5_stiff,0,always,exact,3,300,delay1,0,0,0,0,0,299,0.9622073578595317,-0.02608695652173913,1.0,0.0033444816053511705,1.137123745819398,1.0,0.13712374581939799,0.0,0.0006209211024909769
res85_free_n0.5_stiff,0,voa,exact,3,300,delay1,0,0,0,0,0,299,0.9595317725752508,-0.017391304347826087,0.9966555183946488,0.006688963210702341,0.3979933110367893,0.3511705685618729,0.046822742474916385,0.0,0.0006218253307063822
res85_free_n0.5_stiff,0,event,exact,3,300,delay1,0,0,0,0,0,299,0.3856187290969898,0.578260869565218,0.5551839464882943,0.44816053511705684,0.0,0.0,0.0,0.0,0.00023829012328366032
res85_free_n0.5_stiff,1,always,exact,3,300,delay1,0,0,0,0,0,299,0.9622073578595317,-0.02608695652173913,1.0,0.0033444816053511705,1.137123745819398,1.0,0.13712374581939799,0.0,0.0006209229401869691
res85_free_n0.5_stiff,1,voa,exact,3,300,delay1,0,0,0,0,0,299,0.9595317725752508,-0.017391304347826087,0.9966555183946488,0.006688963210702341,0.391304347826087,0.34448160535117056,0.046822742474916385,0.0,0.0006218271683613874
res85_free_n0.5_stiff,1,event,exact,3,300,delay1,0,0,0,0,0,299,0.38127090301003325,0.5826086956521747,0.5518394648829431,0.451505016722408,0.0,0.0,0.0,0.0,0.00023642449307588627
res85_free_n0.5_stiff,2,always,exact,3,300,delay1,0,0,0,0,0,299,0.9605351170568561,-0.02608695652173913,1.0,0.0033444816053511705,1.140468227424749,1.0,0.14046822742474915,0.0,0.0006184763383424338
res85_free_n0.5_stiff,2,voa,exact,3,300,delay1,0,0,0,0,0,299,0.9578595317725752,-0.017391304347826087,0.9966555183946488,0.006688963210702341,0.3979933110367893,0.3511705685618729,0.046822742474916385,0.0,0.0006193805812688875
res85_free_n0.5_stiff,2,event,exact,3,300,delay1,0,0,0,0,0,299,0.37525083612040117,0.5869565217391312,0.5484949832775919,0.45484949832775917,0.0,0.0,0.0,0.0,0.00023279980206605572
res85_free_n4.0_std,0,always,exact,3,300,delay1,0,0,0,0,0,299,0.9622073578595317,-0.02608695652173913,1.0,0.0033444816053511705,1.137123745819398,1.0,0.13712374581939799,0.0,0.0006209211024909769
res85_free_n4.0_std,0,voa,exact,3,300,delay1,0,0,0,0,0,299,0.9595317725752508,-0.017391304347826087,0.9966555183946488,0.006688963210702341,0.391304347826087,0.3411371237458194,0.05016722408026756,0.0,0.0006218253307063822
res85_free_n4.0_std,0,event,exact,3,300,delay1,0,0,0,0,0,299,0.4769230769230768,0.48695652173913034,0.6254180602006689,0.3779264214046823,0.023411371237458192,0.023411371237458192,0.0,0.0,0.0002518435239192172
res85_free_n4.0_std,1,always,exact,3,300,delay1,0,0,0,0,0,299,0.9595317725752508,-0.017391304347826087,1.0,0.006688963210702341,1.1337792642140467,1.0,0.13377926421404682,0.0,0.000621324396083613
res85_free_n4.0_std,1,voa,exact,3,300,delay1,0,0,0,0,0,299,0.9464882943143813,0.004347826086956522,0.9866220735785953,0.016722408026755852,0.3745819397993311,0.33444816053511706,0.04013377926421405,0.0,0.0006025671942380281
res85_free_n4.0_std,1,event,exact,3,300,delay1,0,0,0,0,0,299,0.4551839464882942,0.5086956521739131,0.6086956521739131,0.39464882943143814,0.026755852842809364,0.026755852842809364,0.0,0.0,0.00024110246500490205
res85_free_n4.0_std,2,always,exact,3,300,delay1,0,0,0,0,0,299,0.9605351170568561,-0.017391304347826087,1.0,0.0033444816053511705,1.140468227424749,1.0,0.14046822742474915,0.0,0.0006184763383424338
res85_free_n4.0_std,2,voa,exact,3,300,delay1,0,0,0,0,0,299,0.9491638795986622,0.004347826086956522,0.9899665551839465,0.013377926421404682,0.36454849498327757,0.3277591973244147,0.03678929765886288,0.0,0.0006166329244221353
res85_free_n4.0_std,2,event,exact,3,300,delay1,0,0,0,0,0,299,0.4622073578595317,0.5,0.6153846153846154,0.3879598662207358,0.046822742474916385,0.046822742474916385,0.0,0.0,0.000236433274803135
res85_free_n4.0_stiff,0,always,exact,3,300,delay1,0,0,0,0,0,299,0.9622073578595317,-0.02608695652173913,1.0,0.0033444816053511705,1.137123745819398,1.0,0.13712374581939799,0.0,0.0006209211024909769
res85_free_n4.0_stiff,0,voa,exact,3,300,delay1,0,0,0,0,0,299,0.9595317725752508,-0.017391304347826087,0.9966555183946488,0.006688963210702341,0.391304347826087,0.3411371237458194,0.05016722408026756,0.0,0.0006218253307063822
res85_free_n4.0_stiff,0,event,exact,3,300,delay1,0,0,0,0,0,299,0.4769230769230768,0.48695652173913034,0.6254180602006689,0.3779264214046823,0.023411371237458192,0.023411371237458192,0.0,0.0,0.0002518435239192172
res85_free_n4.0_stiff,1,always,exact,3,300,delay1,0,0,0,0,0,299,0.9595317725752508,-0.017391304347826087,1.0,0.006688963210702341,1.1337792642140467,1.0,0.13377926421404682,0.0,0.000621324396083613
res85_free_n4.0_stiff,1,voa,exact,3,300,delay1,0,0,0,0,0,299,0.9464882943143813,0.004347826086956522,0.9866220735785953,0.016722408026755852,0.3745819397993311,0.33444816053511706,0.04013377926421405,0.0,0.0006025671942380281
res85_free_n4.0_stiff,1,event,exact,3,300,delay1,0,0,0,0,0,299,0.4551839464882942,0.5086956521739131,0.6086956521739131,0.39464882943143814,0.026755852842809364,0.026755852842809364,0.0,0.0,0.00024110246500490205
res85_free_n4.0_stiff,2,always,exact,3,300,delay1,0,0,0,0,0,299,0.9605351170568561,-0.017391304347826087,1.0,0.0033444816053511705,1.140468227424749,1.0,0.14046822742474915,0.0,0.0006184763383424338
res85_free_n4.0_stiff,2,voa,exact,3,300,delay1,0,0,0,0,0,299,0.9491638795986622,0.004347826086956522,0.9899665551839465,0.013377926421404682,0.36454849498327757,0.3277591973244147,0.03678929765886288,0.0,0.0006166329244221353
res85_free_n4.0_stiff,2,event,exact,3,300,delay1,0,0,0,0,0,299,0.4622073578595317,0.5,0.6153846153846154,0.3879598662207358,0.046822742474916385,0.046822742474916385,0.0,0.0,0.000236433274803135
res35_anch_n0.5_std,0,always,exact,3,300,delay3,1,0,1,0,0,126,0.773015873015873,0.0,1.0,0.1746031746031746,2.0,1.0,1.0,0.0,0.3015850377890676
res35_anch_n0.5_std,0,voa,exact,3,300,delay3,1,0,1,0,0,126,0.773015873015873,0.0,1.0,0.1746031746031746,1.7857142857142858,0.9920634920634921,0.7936507936507936,0.0,0.3015850377890676
res35_anch_n0.5_std,0,event,exact,3,300,delay3,1,0,1,0,0,267,0.2550561797752812,0.637827715355806,0.5093632958801498,0.5730337078651685,0.33707865168539325,0.33707865168539325,0.0,0.0,0.30159068011013573
res35_anch_n0.5_std,1,always,exact,3,300,delay3,1,0,1,0,0,126,0.773015873015873,0.0,1.0,0.1746031746031746,2.0,1.0,1.0,0.0,0.3015850545158254
res35_anch_n0.5_std,1,voa,exact,3,300,delay3,1,0,1,0,0,126,0.773015873015873,0.0,1.0,0.1746031746031746,1.7698412698412698,0.9761904761904762,0.7936507936507936,0.0,0.3015850545158254
res35_anch_n0.5_std,1,event,exact,3,300,delay3,1,0,1,0,0,268,0.2529850746268659,0.6402985074626872,0.5074626865671642,0.5746268656716418,0.3358208955223881,0.3358208955223881,0.0,0.0,0.3015906384362769
res35_anch_n0.5_std,2,always,exact,3,300,delay3,1,0,1,0,0,127,0.7645669291338583,0.0,1.0,0.18110236220472442,2.0,1.0,1.0,0.0,0.3015850300671206
res35_anch_n0.5_std,2,voa,exact,3,300,delay3,1,0,1,0,0,127,0.7645669291338583,0.0,1.0,0.18110236220472442,1.763779527559055,0.9763779527559056,0.7874015748031497,0.0,0.3015850300671206
res35_anch_n0.5_std,2,event,exact,3,300,delay3,1,0,1,0,0,270,0.24888888888888916,0.6403703703703711,0.5074074074074074,0.5777777777777777,0.3333333333333333,0.3333333333333333,0.0,0.0,0.30159066165845727
res35_anch_n0.5_stiff,0,always,exact,3,300,delay3,1,0,1,0,0,109,0.7376146788990826,0.0,1.0,0.2018348623853211,2.0,1.0,1.0,0.0,0.30307765721125823
res35_anch_n0.5_stiff,0,voa,exact,3,300,delay3,1,0,1,0,0,109,0.7376146788990826,0.0,1.0,0.2018348623853211,1.7522935779816513,0.9908256880733946,0.7614678899082569,0.0,0.30307765721125823
res35_anch_n0.5_stiff,0,event,exact,3,300,delay3,1,0,1,0,0,250,0.2044000000000003,0.6812000000000007,0.476,0.612,0.284,0.284,0.0,0.0,0.30308329903159353
res35_anch_n0.5_stiff,1,always,exact,3,300,delay3,1,0,1,0,0,109,0.7376146788990826,-0.011926605504587157,1.0,0.2018348623853211,2.0,1.0,1.0,0.0,0.30307767392015994
res35_anch_n0.5_stiff,1,voa,exact,3,300,delay3,1,0,1,0,0,109,0.7376146788990826,-0.011926605504587157,1.0,0.2018348623853211,1.7339449541284404,0.9724770642201835,0.7614678899082569,0.0,0.30307767392015994
res35_anch_n0.5_stiff,1,event,exact,3,300,delay3,1,0,1,0,0,251,0.20239043824701225,0.6836653386454191,0.47410358565737054,0.6135458167330677,0.28286852589641437,0.28286852589641437,0.0,0.0,0.30308325735819913
res35_anch_n0.5_stiff,2,always,exact,3,300,delay3,1,0,1,0,0,110,0.7281818181818182,0.0,1.0,0.20909090909090908,2.0,1.0,1.0,0.0,0.30307764937141257
res35_anch_n0.5_stiff,2,voa,exact,3,300,delay3,1,0,1,0,0,110,0.7281818181818182,0.0,1.0,0.20909090909090908,1.7272727272727273,0.9727272727272728,0.7545454545454545,0.0,0.30307764937141257
res35_anch_n0.5_stiff,2,event,exact,3,300,delay3,1,0,1,0,0,253,0.19841897233201614,0.6833992094861668,0.4743083003952569,0.616600790513834,0.28063241106719367,0.28063241106719367,0.0,0.0,0.3030832805809011
res35_anch_n4.0_std,0,always,exact,3,300,delay3,1,0,1,0,0,126,0.773015873015873,-0.10317460317460318,1.0,0.1746031746031746,2.0,1.0,1.0,0.0,0.3015850377890676
res35_anch_n4.0_std,0,voa,exact,3,300,delay3,1,0,1,0,0,140,0.7864285714285714,-0.11142857142857145,0.9928571428571429,0.16428571428571428,1.7285714285714286,0.95,0.7785714285714286,0.0,0.3013592032645041
res35_anch_n4.0_std,0,event,exact,3,300,delay3,1,0,1,0,0,261,0.3425287356321836,0.5478927203065131,0.578544061302682,0.5057471264367817,0.3448275862068966,0.3448275862068966,0.0,0.0,0.30159328977088806
res35_anch_n4.0_std,1,always,exact,3,300,delay3,1,0,1,0,0,126,0.773015873015873,-0.051587301587301584,1.0,0.1746031746031746,2.0,1.0,1.0,0.0,0.3015850545158254
res35_anch_n4.0_std,1,voa,exact,3,300,delay3,1,0,1,0,0,143,0.7818181818181817,-0.08181818181818183,0.986013986013986,0.16783216783216784,1.6993006993006994,0.9300699300699301,0.7692307692307693,0.0,0.3032910684294991
res35_anch_n4.0_std,1,event,exact,3,300,delay3,1,0,1,0,0,267,0.3329588014981271,0.5599250936329588,0.5692883895131086,0.5131086142322098,0.3445692883895131,0.3445692883895131,0.0,0.0,0.30159349245312983
res35_anch_n4.0_std,2,always,exact,3,300,delay3,1,0,1,0,0,127,0.7645669291338583,-0.09212598425196851,1.0,0.18110236220472442,2.0,1.0,1.0,0.0,0.3015850300671206
res35_anch_n4.0_std,2,voa,exact,3,300,delay3,1,0,1,0,0,141,0.7787234042553192,-0.11063829787234045,0.9929078014184397,0.1702127659574468,1.7234042553191489,0.9432624113475178,0.7801418439716312,0.0,0.30054340416268516
res35_anch_n4.0_std,2,event,exact,3,300,delay3,1,0,1,0,0,269,0.3427509293680295,0.5460966542750929,0.5799256505576208,0.5055762081784386,0.37174721189591076,0.37174721189591076,0.0,0.0,0.30159247117644555
res35_anch_n4.0_stiff,0,always,exact,3,300,delay3,1,0,1,0,0,109,0.7376146788990826,-0.11926605504587158,1.0,0.2018348623853211,2.0,1.0,1.0,0.0,0.30307765721125823
res35_anch_n4.0_stiff,0,voa,exact,3,300,delay3,1,0,1,0,0,142,0.7894366197183098,-0.13732394366197184,0.9929577464788732,0.1619718309859155,1.7394366197183098,0.9507042253521126,0.7887323943661971,0.0,0.301332893937291
res35_anch_n4.0_stiff,0,event,exact,3,300,delay3,1,0,1,0,0,244,0.29672131147540953,0.5860655737704916,0.5491803278688525,0.5409836065573771,0.29918032786885246,0.29918032786885246,0.0,0.0,0.3030859086911204
res35_anch_n4.0_stiff,1,always,exact,3,300,delay3,1,0,1,0,0,109,0.7376146788990826,-0.08348623853211008,1.0,0.2018348623853211,2.0,1.0,1.0,0.0,0.30307767392015994
res35_anch_n4.0_stiff,1,voa,exact,3,300,delay3,1,0,1,0,0,111,0.7306306306306306,-0.08198198198198198,0.990990990990991,0.2072072072072072,1.6666666666666667,0.918918918918919,0.7477477477477478,0.0,0.30307772730474697
res35_anch_n4.0_stiff,1,event,exact,3,300,delay3,1,0,1,0,0,250,0.28759999999999974,0.598,0.54,0.548,0.308,0.308,0.0,0.0,0.30308611137347585
res35_anch_n4.0_stiff,2,always,exact,3,300,delay3,1,0,1,0,0,110,0.7281818181818182,-0.07090909090909091,1.0,0.20909090909090908,2.0,1.0,1.0,0.0,0.30307764937141257
res35_anch_n4.0_stiff,2,voa,exact,3,300,delay3,1,0,1,0,0,110,0.7281818181818182,-0.07090909090909091,1.0,0.20909090909090908,1.690909090909091,0.9363636363636364,0.7545454545454545,0.0,0.30307764937141257
res35_anch_n4.0_stiff,2,event,exact,3,300,delay3,1,0,1,0,0,252,0.29841269841269813,0.5829365079365079,0.5515873015873016,0.5396825396825397,0.3134920634920635,0.3134920634920635,0.0,0.0,0.30308509009696916
res35_free_n0.5_std,0,always,exact,3,300,delay3,1,0,1,0,0,126,0.8936507936507936,0.0,1.0,0.023809523809523808,2.0,1.0,1.0,0.0,0.301585037789496
res35_free_n0.5_std,0,voa,exact,3,300,delay3,1,0,1,0,0,126,0.8936507936507936,0.0,1.0,0.023809523809523808,1.7857142857142858,0.9920634920634921,0.7936507936507936,0.0,0.301585037789496
res35_free_n0.5_std,0,event,exact,3,300,delay3,1,0,1,0,0,267,0.31198501872659157,0.637827715355806,0.5093632958801498,0.50187265917603,0.33707865168539325,0.33707865168539325,0.0,0.0,0.30159068011013607
res35_free_n0.5_std,1,always,exact,3,300,delay3,1,0,1,0,0,126,0.8936507936507936,0.0,1.0,0.023809523809523808,2.0,1.0,1.0,0.0,0.3015850378082168
res35_free_n0.5_std,1,voa,exact,3,300,delay3,1,0,1,0,0,126,0.8936507936507936,0.0,1.0,0.023809523809523808,1.7698412698412698,0.9761904761904762,0.7936507936507936,0.0,0.3015850378082168
res35_free_n0.5_std,1,event,exact,3,300,delay3,1,0,1,0,0,268,0.3097014925373132,0.6402985074626872,0.5074626865671642,0.503731343283582,0.3358208955223881,0.3358208955223881,0.0,0.0,0.3015906384362764
res35_free_n0.5_std,2,always,exact,3,300,delay3,1,0,1,0,0,127,0.8905511811023622,0.0,1.0,0.023622047244094488,2.0,1.0,1.0,0.0,0.30158503020622457
res35_free_n0.5_std,2,voa,exact,3,300,delay3,1,0,1,0,0,127,0.8905511811023622,0.0,1.0,0.023622047244094488,1.763779527559055,0.9763779527559056,0.7874015748031497,0.0,0.30158503020622457
res35_free_n0.5_std,2,event,exact,3,300,delay3,1,0,1,0,0,270,0.30814814814814795,0.6403703703703711,0.5074074074074074,0.5037037037037037,0.3333333333333333,0.3333333333333333,0.0,0.0,0.3015906616584583
res35_free_n0.5_stiff,0,always,exact,3,300,delay3,1,0,1,0,0,109,0.8770642201834862,0.0,1.0,0.027522935779816515,2.0,1.0,1.0,0.0,0.3030776572113041
res35_free_n0.5_stiff,0,voa,exact,3,300,delay3,1,0,1,0,0,109,0.8770642201834862,0.0,1.0,0.027522935779816515,1.7522935779816513,0.9908256880733946,0.7614678899082569,0.0,0.3030776572113041
res35_free_n0.5_stiff,0,event,exact,3,300,delay3,1,0,1,0,0,250,0.2651999999999998,0.6812000000000007,0.476,0.536,0.284,0.284,0.0,0.0,0.30308329903159364
res35_free_n0.5_stiff,1,always,exact,3,300,delay3,1,0,1,0,0,109,0.8770642201834862,-0.011926605504587157,1.0,0.027522935779816515,2.0,1.0,1.0,0.0,0.303077657213042
res35_free_n0.5_stiff,1,voa,exact,3,300,delay3,1,0,1,0,0,109,0.8770642201834862,-0.011926605504587157,1.0,0.027522935779816515,1.7339449541284404,0.9724770642201835,0.7614678899082569,0.0,0.303077657213042
res35_free_n0.5_stiff,1,event,exact,3,300,delay3,1,0,1,0,0,251,0.2629482071713145,0.6836653386454191,0.47410358565737054,0.5378486055776892,0.28286852589641437,0.28286852589641437,0.0,0.0,0.3030832573581985
res35_free_n0.5_stiff,2,always,exact,3,300,delay3,1,0,1,0,0,110,0.8736363636363635,0.0,1.0,0.02727272727272727,2.0,1.0,1.0,0.0,0.30307764951035043
res35_free_n0.5_stiff,2,voa,exact,3,300,delay3,1,0,1,0,0,110,0.8736363636363635,0.0,1.0,0.02727272727272727,1.7272727272727273,0.9727272727272728,0.7545454545454545,0.0,0.30307764951035043
res35_free_n0.5_stiff,2,event,exact,3,300,delay3,1,0,1,0,0,253,0.26166007905138317,0.6833992094861668,0.4743083003952569,0.5375494071146245,0.28063241106719367,0.28063241106719367,0.0,0.0,0.3030832805809011
res35_free_n4.0_std,0,always,exact,3,300,delay3,1,0,1,0,0,126,0.8936507936507936,-0.10317460317460318,1.0,0.023809523809523808,2.0,1.0,1.0,0.0,0.301585037789496
res35_free_n4.0_std,0,voa,exact,3,300,delay3,1,0,1,0,0,140,0.895,-0.11142857142857145,0.9928571428571429,0.02857142857142857,1.7285714285714286,0.95,0.7785714285714286,0.0,0.3013589175847228
res35_free_n4.0_std,0,event,exact,3,300,delay3,1,0,1,0,0,261,0.40076628352490407,0.5478927203065131,0.578544061302682,0.4329501915708812,0.3448275862068966,0.3448275862068966,0.0,0.0,0.30159328977088806
res35_free_n4.0_std,1,always,exact,3,300,delay3,1,0,1,0,0,126,0.8936507936507936,-0.051587301587301584,1.0,0.023809523809523808,2.0,1.0,1.0,0.0,0.3015850378082168
res35_free_n4.0_std,1,voa,exact,3,300,delay3,1,0,1,0,0,143,0.8881118881118881,-0.08181818181818183,0.986013986013986,0.03496503496503497,1.6993006993006994,0.9300699300699301,0.7692307692307693,0.0,0.30329044429581015
res35_free_n4.0_std,1,event,exact,3,300,delay3,1,0,1,0,0,267,0.38988764044943813,0.5599250936329588,0.5692883895131086,0.4419475655430712,0.3445692883895131,0.3445692883895131,0.0,0.0,0.30159349245313033
res35_free_n4.0_std,2,always,exact,3,300,delay3,1,0,1,0,0,127,0.8905511811023622,-0.09212598425196851,1.0,0.023622047244094488,2.0,1.0,1.0,0.0,0.30158503020622457
res35_free_n4.0_std,2,voa,exact,3,300,delay3,1,0,1,0,0,141,0.8921985815602836,-0.11063829787234045,0.9929078014184397,0.028368794326241134,1.7234042553191489,0.9432624113475178,0.7801418439716312,0.0,0.3005429234065716
res35_free_n4.0_std,2,event,exact,3,300,delay3,1,0,1,0,0,269,0.40223048327137545,0.5460966542750929,0.5799256505576208,0.4312267657992565,0.37174721189591076,0.37174721189591076,0.0,0.0,0.3015924711764471
res35_free_n4.0_stiff,0,always,exact,3,300,delay3,1,0,1,0,0,109,0.8770642201834862,-0.11926605504587158,1.0,0.027522935779816515,2.0,1.0,1.0,0.0,0.3030776572113041
res35_free_n4.0_stiff,0,voa,exact,3,300,delay3,1,0,1,0,0,142,0.8964788732394366,-0.13732394366197184,0.9929577464788732,0.028169014084507043,1.7394366197183098,0.9507042253521126,0.7887323943661971,0.0,0.3013314192471668
res35_free_n4.0_stiff,0,event,exact,3,300,delay3,1,0,1,0,0,244,0.3590163934426228,0.5860655737704916,0.5491803278688525,0.46311475409836067,0.29918032786885246,0.29918032786885246,0.0,0.0,0.3030859086911196
res35_free_n4.0_stiff,1,always,exact,3,300,delay3,1,0,1,0,0,109,0.8770642201834862,-0.08348623853211008,1.0,0.027522935779816515,2.0,1.0,1.0,0.0,0.303077657213042
res35_free_n4.0_stiff,1,voa,exact,3,300,delay3,1,0,1,0,0,111,0.8675675675675676,-0.08198198198198198,0.990990990990991,0.036036036036036036,1.6666666666666667,0.918918918918919,0.7477477477477478,0.0,0.30307775856363217
res35_free_n4.0_stiff,1,event,exact,3,300,delay3,1,0,1,0,0,250,0.34839999999999993,0.598,0.54,0.472,0.308,0.308,0.0,0.0,0.3030861113734761
res35_free_n4.0_stiff,2,always,exact,3,300,delay3,1,0,1,0,0,110,0.8736363636363635,-0.07090909090909091,1.0,0.02727272727272727,2.0,1.0,1.0,0.0,0.30307764951035043
res35_free_n4.0_stiff,2,voa,exact,3,300,delay3,1,0,1,0,0,110,0.8736363636363635,-0.07090909090909091,1.0,0.02727272727272727,1.690909090909091,0.9363636363636364,0.7545454545454545,0.0,0.30307764951035043
res35_free_n4.0_stiff,2,event,exact,3,300,delay3,1,0,1,0,0,252,0.36190476190476184,0.5829365079365079,0.5515873015873016,0.4603174603174603,0.3134920634920635,0.3134920634920635,0.0,0.0,0.3030850900969698
res60_anch_n0.5_std,0,always,exact,3,300,delay3,1,0,1,0,0,157,0.8095541401273885,-0.06624203821656051,1.0,0.1464968152866242,1.286624203821656,1.0,0.28662420382165604,0.0,0.30182681147916846
res60_anch_n0.5_std,0,voa,exact,3,300,delay3,1,0,1,0,0,154,0.8058441558441558,-0.03376623376623377,0.9935064935064936,0.14935064935064934,1.077922077922078,0.987012987012987,0.09090909090909091,0.0,0.3029508287742381
res60_anch_n0.5_std,0,event,exact,3,300,delay3,0,0,0,0,0,299,0.33478260869565246,0.569565217391305,0.5618729096989966,0.5117056856187291,0.0,0.0,0.0,0.0,0.00023829012327832074
res60_anch_n0.5_std,1,always,exact,3,300,delay3,1,0,1,0,0,157,0.8095541401273885,-0.06624203821656051,1.0,0.1464968152866242,1.286624203821656,1.0,0.28662420382165604,0.0,0.301826828187774
res60_anch_n0.5_std,1,voa,exact,3,300,delay3,1,0,1,0,0,154,0.8058441558441558,-0.03376623376623377,0.9935064935064936,0.14935064935064934,1.0649350649350648,0.974025974025974,0.09090909090909091,0.0,0.3029508454860415
res60_anch_n0.5_std,1,event,exact,3,300,delay3,0,0,0,0,0,299,0.33043478260869585,0.5739130434782616,0.5585284280936454,0.5150501672240803,0.0,0.0,0.0,0.0,0.00023642449310097094
res60_anch_n0.5_std,2,always,exact,3,300,delay3,1,0,1,0,0,158,0.8025316455696202,-0.06582278481012659,1.0,0.1518987341772152,1.2911392405063291,1.0,0.2911392405063291,0.0,0.3018268036096893
res60_anch_n0.5_std,2,voa,exact,3,300,delay3,1,0,1,0,0,155,0.7987096774193548,-0.03354838709677419,0.9935483870967742,0.15483870967741936,1.064516129032258,0.9741935483870968,0.09032258064516129,0.0,0.30295082086971625
res60_anch_n0.5_std,2,event,exact,3,300,delay3,0,0,0,0,0,299,0.32173913043478286,0.578260869565218,0.5551839464882943,0.5217391304347826,0.0,0.0,0.0,0.0,0.00023279980209947956
res60_anch_n0.5_stiff,0,always,exact,3,300,delay3,1,0,1,0,0,160,0.813125,-0.065,1.0,0.14375,1.28125,1.0,0.28125,0.0,0.30334817818513077
res60_anch_n0.5_stiff,0,voa,exact,3,300,delay3,1,0,1,0,0,156,0.8083333333333333,-0.03333333333333333,0.9935897435897436,0.14743589743589744,1.0769230769230769,0.9871794871794872,0.08974358974358974,0.0,0.3033398538471787
res60_anch_n0.5_stiff,0,event,exact,3,300,delay3,0,0,0,0,0,299,0.33478260869565246,0.569565217391305,0.5618729096989966,0.5117056856187291,0.0,0.0,0.0,0.0,0.00023829012327832074
res60_anch_n0.5_stiff,1,always,exact,3,300,delay3,1,0,1,0,0,160,0.813125,-0.065,1.0,0.14375,1.28125,1.0,0.28125,0.0,0.3033481949006024
res60_anch_n0.5_stiff,1,voa,exact,3,300,delay3,1,0,1,0,0,156,0.8083333333333333,-0.03333333333333333,0.9935897435897436,0.14743589743589744,1.064102564102564,0.9743589743589743,0.08974358974358974,0.0,0.30333987055898054
res60_anch_n0.5_stiff,1,event,exact,3,300,delay3,0,0,0,0,0,299,0.33043478260869585,0.5739130434782616,0.5585284280936454,0.5150501672240803,0.0,0.0,0.0,0.0,0.00023642449310097094
res60_anch_n0.5_stiff,2,always,exact,3,300,delay3,1,0,1,0,0,161,0.8062111801242237,-0.06459627329192547,1.0,0.14906832298136646,1.2857142857142858,1.0,0.2857142857142857,0.0,0.30334817024021793
res60_anch_n0.5_stiff,2,voa,exact,3,300,delay3,1,0,1,0,0,157,0.8012738853503184,-0.033121019108280254,0.9936305732484076,0.15286624203821655,1.0636942675159236,0.9745222929936306,0.08917197452229299,0.0,0.30333984594265423
res60_anch_n0.5_stiff,2,event,exact,3,300,delay3,0,0,0,0,0,299,0.32173913043478286,0.578260869565218,0.5551839464882943,0.5217391304347826,0.0,0.0,0.0,0.0,0.00023279980209947956
res60_anch_n4.0_std,0,always,exact,3,300,delay3,1,0,1,0,0,157,0.8095541401273885,-0.06624203821656051,1.0,0.1464968152866242,1.286624203821656,1.0,0.28662420382165604,0.0,0.30182681147916846
res60_anch_n4.0_std,0,voa,exact,3,300,delay3,1,0,1,0,0,154,0.8058441558441558,-0.03376623376623377,0.9935064935064936,0.14935064935064934,1.025974025974026,0.9285714285714286,0.09740259740259741,0.0,0.3029508287742381
res60_anch_n4.0_std,0,event,exact,3,300,delay3,0,0,0,0,0,299,0.4260869565217389,0.4782608695652172,0.6321070234113713,0.4414715719063545,0.023411371237458192,0.023411371237458192,0.0,0.0,0.000251843523904868
res60_anch_n4.0_std,1,always,exact,3,300,delay3,1,0,1,0,0,157,0.8095541401273885,-0.06624203821656051,1.0,0.1464968152866242,1.286624203821656,1.0,0.28662420382165604,0.0,0.301826828187774
res60_anch_n4.0_std,1,voa,exact,3,300,delay3,1,0,1,0,0,159,0.7955974842767296,0.0,0.9811320754716981,0.15723270440251572,0.9685534591194969,0.8930817610062893,0.07547169811320754,0.0,0.3029483577226954
res60_anch_n4.0_std,1,event,exact,3,300,delay3,0,0,0,0,0,299,0.4043478260869563,0.5,0.6153846153846154,0.45819397993311034,0.026755852842809364,0.026755852842809364,0.0,0.0,0.00024110246507842172
res60_anch_n4.0_std,2,always,exact,3,300,delay3,1,0,1,0,0,157,0.8012738853503184,-0.05796178343949045,1.0,0.15286624203821655,1.286624203821656,1.0,0.28662420382165604,0.0,0.3002445352631243
res60_anch_n4.0_std,2,voa,exact,3,300,delay3,1,0,1,0,0,156,0.7999999999999999,-0.041666666666666664,0.9935897435897436,0.15384615384615385,1.0320512820512822,0.9358974358974359,0.09615384615384616,0.0,0.30295275001988137
res60_anch_n4.0_std,2,event,exact,3,300,delay3,0,0,0,0,0,299,0.4086956521739128,0.4913043478260869,0.6220735785953178,0.45484949832775917,0.046822742474916385,0.046822742474916385,0.0,0.0,0.0002364332748242562
res60_anch_n4.0_stiff,0,always,exact,3,300,delay3,1,0,1,0,0,160,0.813125,-0.065,1.0,0.14375,1.28125,1.0,0.28125,0.0,0.30334817818513077
res60_anch_n4.0_stiff,0,voa,exact,3,300,delay3,1,0,1,0,0,156,0.8083333333333333,-0.03333333333333333,0.9935897435897436,0.14743589743589744,1.0320512820512822,0.9358974358974359,0.09615384615384616,0.0,0.3033398538471787
res60_anch_n4.0_stiff,0,event,exact,3,300,delay3,0,0,0,0,0,299,0.4260869565217389,0.4782608695652172,0.6321070234113713,0.4414715719063545,0.023411371237458192,0.023411371237458192,0.0,0.0,0.000251843523904868
res60_anch_n4.0_stiff,1,always,exact,3,300,delay3,1,0,1,0,0,160,0.813125,-0.065,1.0,0.14375,1.28125,1.0,0.28125,0.0,0.3033481949006024
res60_anch_n4.0_stiff,1,voa,exact,3,300,delay3,1,0,1,0,0,161,0.7981366459627329,0.0,0.9813664596273292,0.15527950310559005,0.968944099378882,0.8944099378881988,0.07453416149068323,0.0,0.30333738279562994
res60_anch_n4.0_stiff,1,event,exact,3,300,delay3,0,0,0,0,0,299,0.4043478260869563,0.5,0.6153846153846154,0.45819397993311034,0.026755852842809364,0.026755852842809364,0.0,0.0,0.00024110246507842172
res60_anch_n4.0_stiff,2,always,exact,3,300,delay3,1,0,1,0,0,160,0.805,-0.056874999999999995,1.0,0.15,1.28125,1.0,0.28125,0.0,0.3033459373422092
res60_anch_n4.0_stiff,2,voa,exact,3,300,delay3,1,0,1,0,0,158,0.8025316455696202,-0.04113924050632911,0.9936708860759493,0.1518987341772152,1.0379746835443038,0.9430379746835443,0.0949367088607595,0.0,0.30334177509282007
res60_anch_n4.0_stiff,2,event,exact,3,300,delay3,0,0,0,0,0,299,0.4086956521739128,0.4913043478260869,0.6220735785953178,0.45484949832775917,0.046822742474916385,0.046822742474916385,0.0,0.0,0.0002364332748242562
res60_free_n0.5_std,0,always,exact,3,300,delay3,1,0,1,0,0,157,0.9063694267515924,-0.06624203821656051,1.0,0.025477707006369428,1.286624203821656,1.0,0.28662420382165604,0.0,0.3018268274344616
res60_free_n0.5_std,0,voa,exact,3,300,delay3,1,0,1,0,0,154,0.9045454545454547,-0.03376623376623377,0.9935064935064936,0.025974025974025976,1.077922077922078,0.987012987012987,0.09090909090909091,0.0,0.30295082876986523
res60_free_n0.5_std,0,event,exact,3,300,delay3,0,0,0,0,0,299,0.3856187290969898,0.569565217391305,0.5618729096989966,0.44816053511705684,0.0,0.0,0.0,0.0,0.00023829012328366032
res60_free_n0.5_std,1,always,exact,3,300,delay3,1,0,1,0,0,157,0.9063694267515924,-0.06624203821656051,1.0,0.025477707006369428,1.286624203821656,1.0,0.28662420382165604,0.0,0.3018268268114527
res60_free_n0.5_std,1,voa,exact,3,300,delay3,1,0,1,0,0,154,0.9045454545454547,-0.03376623376623377,0.9935064935064936,0.025974025974025976,1.0649350649350648,0.974025974025974,0.09090909090909091,0.0,0.3029508287772009
res60_free_n0.5_std,1,event,exact,3,300,delay3,0,0,0,0,0,299,0.38127090301003325,0.5739130434782616,0.5585284280936454,0.451505016722408,0.0,0.0,0.0,0.0,0.00023642449307588627
res60_free_n0.5_std,2,always,exact,3,300,delay3,1,0,1,0,0,158,0.9037974683544304,-0.06582278481012659,1.0,0.02531645569620253,1.2911392405063291,1.0,0.2911392405063291,0.0,0.30182682378495873
res60_free_n0.5_std,2,voa,exact,3,300,delay3,1,0,1,0,0,155,0.9019354838709678,-0.03354838709677419,0.9935483870967742,0.025806451612903226,1.064516129032258,0.9741935483870968,0.09032258064516129,0.0,0.3029508210082138
res60_free_n0.5_std,2,event,exact,3,300,delay3,0,0,0,0,0,299,0.37525083612040117,0.578260869565218,0.5551839464882943,0.45484949832775917,0.0,0.0,0.0,0.0,0.00023279980206605572
res60_free_n0.5_stiff,0,always,exact,3,300,delay3,1,0,1,0,0,160,0.9081250000000001,-0.065,1.0,0.025,1.28125,1.0,0.28125,0.0,0.30334817997608016
res60_free_n0.5_stiff,0,voa,exact,3,300,delay3,1,0,1,0,0,156,0.9057692307692309,-0.03333333333333333,0.9935897435897436,0.02564102564102564,1.0769230769230769,0.9871794871794872,0.08974358974358974,0.0,0.3033398556415271
res60_free_n0.5_stiff,0,event,exact,3,300,delay3,0,0,0,0,0,299,0.3856187290969898,0.569565217391305,0.5618729096989966,0.44816053511705684,0.0,0.0,0.0,0.0,0.00023829012328366032
res60_free_n0.5_stiff,1,always,exact,3,300,delay3,1,0,1,0,0,160,0.9081250000000001,-0.065,1.0,0.025,1.28125,1.0,0.28125,0.0,0.3033481799888202
res60_free_n0.5_stiff,1,voa,exact,3,300,delay3,1,0,1,0,0,156,0.9057692307692309,-0.03333333333333333,0.9935897435897436,0.02564102564102564,1.064102564102564,0.9743589743589743,0.08974358974358974,0.0,0.3033398556485847
res60_free_n0.5_stiff,1,event,exact,3,300,delay3,0,0,0,0,0,299,0.38127090301003325,0.5739130434782616,0.5585284280936454,0.451505016722408,0.0,0.0,0.0,0.0,0.00023642449307588627
res60_free_n0.5_stiff,2,always,exact,3,300,delay3,1,0,1,0,0,161,0.9055900621118013,-0.06459627329192547,1.0,0.024844720496894408,1.2857142857142858,1.0,0.2857142857142857,0.0,0.3033481721789122
res60_free_n0.5_stiff,2,voa,exact,3,300,delay3,1,0,1,0,0,157,0.9031847133757962,-0.033121019108280254,0.9936305732484076,0.025477707006369428,1.0636942675159236,0.9745222929936306,0.08917197452229299,0.0,0.3033398478816863
res60_free_n0.5_stiff,2,event,exact,3,300,delay3,0,0,0,0,0,299,0.37525083612040117,0.578260869565218,0.5551839464882943,0.45484949832775917,0.0,0.0,0.0,0.0,0.00023279980206605572
res60_free_n4.0_std,0,always,exact,3,300,delay3,1,0,1,0,0,157,0.9063694267515924,-0.06624203821656051,1.0,0.025477707006369428,1.286624203821656,1.0,0.28662420382165604,0.0,0.3018268274344616
res60_free_n4.0_std,0,voa,exact,3,300,delay3,1,0,1,0,0,154,0.9045454545454547,-0.03376623376623377,0.9935064935064936,0.025974025974025976,1.025974025974026,0.9285714285714286,0.09740259740259741,0.0,0.30295082876986523
res60_free_n4.0_std,0,event,exact,3,300,delay3,0,0,0,0,0,299,0.4769230769230768,0.4782608695652172,0.6321070234113713,0.3779264214046823,0.023411371237458192,0.023411371237458192,0.0,0.0,0.0002518435239192172
res60_free_n4.0_std,1,always,exact,3,300,delay3,1,0,1,0,0,157,0.9063694267515924,-0.06624203821656051,1.0,0.025477707006369428,1.286624203821656,1.0,0.28662420382165604,0.0,0.3018268268114527
res60_free_n4.0_std,1,voa,exact,3,300,delay3,1,0,1,0,0,159,0.891194968553459,0.0,0.9811320754716981,0.03773584905660377,0.9685534591194969,0.8930817610062893,0.07547169811320754,0.0,0.3029483889806052
res60_free_n4.0_std,1,event,exact,3,300,delay3,0,0,0,0,0,299,0.4551839464882942,0.5,0.6153846153846154,0.39464882943143814,0.026755852842809364,0.026755852842809364,0.0,0.0,0.00024110246500490205
res60_free_n4.0_std,2,always,exact,3,300,delay3,1,0,1,0,0,157,0.9031847133757962,-0.05796178343949045,1.0,0.025477707006369428,1.286624203821656,1.0,0.28662420382165604,0.0,0.3002445354019038
res60_free_n4.0_std,2,voa,exact,3,300,delay3,1,0,1,0,0,156,0.9025641025641027,-0.041666666666666664,0.9935897435897436,0.02564102564102564,1.0320512820512822,0.9358974358974359,0.09615384615384616,0.0,0.302952750158344
res60_free_n4.0_std,2,event,exact,3,300,delay3,0,0,0,0,0,299,0.4622073578595317,0.4913043478260869,0.6220735785953178,0.3879598662207358,0.046822742474916385,0.046822742474916385,0.0,0.0,0.000236433274803135
res60_free_n4.0_stiff,0,always,exact,3,300,delay3,1,0,1,0,0,160,0.9081250000000001,-0.065,1.0,0.025,1.28125,1.0,0.28125,0.0,0.30334817997608016
res60_free_n4.0_stiff,0,voa,exact,3,300,delay3,1,0,1,0,0,156,0.9057692307692309,-0.03333333333333333,0.9935897435897436,0.02564102564102564,1.0320512820512822,0.9358974358974359,0.09615384615384616,0.0,0.3033398556415271
res60_free_n4.0_stiff,0,event,exact,3,300,delay3,0,0,0,0,0,299,0.4769230769230768,0.4782608695652172,0.6321070234113713,0.3779264214046823,0.023411371237458192,0.023411371237458192,0.0,0.0,0.0002518435239192172
res60_free_n4.0_stiff,1,always,exact,3,300,delay3,1,0,1,0,0,160,0.9081250000000001,-0.065,1.0,0.025,1.28125,1.0,0.28125,0.0,0.3033481799888202
res60_free_n4.0_stiff,1,voa,exact,3,300,delay3,1,0,1,0,0,161,0.8925465838509316,0.0,0.9813664596273292,0.037267080745341616,0.968944099378882,0.8944099378881988,0.07453416149068323,0.0,0.30333741586227114
res60_free_n4.0_stiff,1,event,exact,3,300,delay3,0,0,0,0,0,299,0.4551839464882942,0.5,0.6153846153846154,0.39464882943143814,0.026755852842809364,0.026755852842809364,0.0,0.0,0.00024110246500490205
res60_free_n4.0_stiff,2,always,exact,3,300,delay3,1,0,1,0,0,160,0.905,-0.056874999999999995,1.0,0.025,1.28125,1.0,0.28125,0.0,0.30334593928111947
res60_free_n4.0_stiff,2,voa,exact,3,300,delay3,1,0,1,0,0,158,0.9037974683544304,-0.04113924050632911,0.9936708860759493,0.02531645569620253,1.0379746835443038,0.9430379746835443,0.0949367088607595,0.0,0.30334177703181275
res60_free_n4.0_stiff,2,event,exact,3,300,delay3,0,0,0,0,0,299,0.4622073578595317,0.4913043478260869,0.6220735785953178,0.3879598662207358,0.046822742474916385,0.046822742474916385,0.0,0.0,0.000236433274803135
res85_anch_n0.5_std,0,always,exact,3,300,delay3,0,0,0,0,0,299,0.8759197324414715,-0.002675585284280936,1.0,0.07357859531772576,1.1505016722408026,1.0,0.1505016722408027,0.0,0.0006155605811421628
res85_anch_n0.5_std,0,voa,exact,3,300,delay3,0,0,0,0,0,299,0.9,-0.017391304347826087,0.9966555183946488,0.07692307692307693,0.3979933110367893,0.3511705685618729,0.046822742474916385,0.0,0.0006169640134075521
res85_anch_n0.5_std,0,event,exact,3,300,delay3,0,0,0,0,0,299,0.33478260869565246,0.569565217391305,0.5618729096989966,0.5117056856187291,0.0,0.0,0.0,0.0,0.00023829012327832074
res85_anch_n0.5_std,1,always,exact,3,300,delay3,0,0,0,0,0,299,0.8759197324414715,-0.002675585284280936,1.0,0.07357859531772576,1.1505016722408026,1.0,0.1505016722408027,0.0,0.0006155772966627389
res85_anch_n0.5_std,1,voa,exact,3,300,delay3,0,0,0,0,0,299,0.9,-0.017391304347826087,0.9966555183946488,0.07692307692307693,0.391304347826087,0.34448160535117056,0.046822742474916385,0.0,0.0006169807252033338
res85_anch_n0.5_std,1,event,exact,3,300,delay3,0,0,0,0,0,299,0.33043478260869585,0.5739130434782616,0.5585284280936454,0.5150501672240803,0.0,0.0,0.0,0.0,0.00023642449310097094
res85_anch_n0.5_std,2,always,exact,3,300,delay3,0,0,0,0,0,299,0.8715719063545151,-0.002675585284280936,1.0,0.07692307692307693,1.1538461538461537,1.0,0.15384615384615385,0.0,0.0006131206936228579
res85_anch_n0.5_std,2,voa,exact,3,300,delay3,0,0,0,0,0,299,0.8956521739130435,-0.017391304347826087,0.9966555183946488,0.0802675585284281,0.3979933110367893,0.3511705685618729,0.046822742474916385,0.0,0.0006145241662158531
res85_anch_n0.5_std,2,event,exact,3,300,delay3,0,0,0,0,0,299,0.32173913043478286,0.578260869565218,0.5551839464882943,0.5217391304347826,0.0,0.0,0.0,0.0,0.00023279980209947956
res85_anch_n0.5_stiff,0,always,exact,3,300,delay3,0,0,0,0,0,299,0.8759197324414715,-0.002675585284280936,1.0,0.07357859531772576,1.1505016722408026,1.0,0.1505016722408027,0.0,0.0006155605811421628
res85_anch_n0.5_stiff,0,voa,exact,3,300,delay3,0,0,0,0,0,299,0.9,-0.017391304347826087,0.9966555183946488,0.07692307692307693,0.3979933110367893,0.3511705685618729,0.046822742474916385,0.0,0.0006169640134075521
res85_anch_n0.5_stiff,0,event,exact,3,300,delay3,0,0,0,0,0,299,0.33478260869565246,0.569565217391305,0.5618729096989966,0.5117056856187291,0.0,0.0,0.0,0.0,0.00023829012327832074
res85_anch_n0.5_stiff,1,always,exact,3,300,delay3,0,0,0,0,0,299,0.8759197324414715,-0.002675585284280936,1.0,0.07357859531772576,1.1505016722408026,1.0,0.1505016722408027,0.0,0.0006155772966627389
res85_anch_n0.5_stiff,1,voa,exact,3,300,delay3,0,0,0,0,0,299,0.9,-0.017391304347826087,0.9966555183946488,0.07692307692307693,0.391304347826087,0.34448160535117056,0.046822742474916385,0.0,0.0006169807252033338
res85_anch_n0.5_stiff,1,event,exact,3,300,delay3,0,0,0,0,0,299,0.33043478260869585,0.5739130434782616,0.5585284280936454,0.5150501672240803,0.0,0.0,0.0,0.0,0.00023642449310097094
res85_anch_n0.5_stiff,2,always,exact,3,300,delay3,0,0,0,0,0,299,0.8715719063545151,-0.002675585284280936,1.0,0.07692307692307693,1.1538461538461537,1.0,0.15384615384615385,0.0,0.0006131206936228579
res85_anch_n0.5_stiff,2,voa,exact,3,300,delay3,0,0,0,0,0,299,0.8956521739130435,-0.017391304347826087,0.9966555183946488,0.0802675585284281,0.3979933110367893,0.3511705685618729,0.046822742474916385,0.0,0.0006145241662158531
res85_anch_n0.5_stiff,2,event,exact,3,300,delay3,0,0,0,0,0,299,0.32173913043478286,0.578260869565218,0.5551839464882943,0.5217391304347826,0.0,0.0,0.0,0.0,0.00023279980209947956
res85_anch_n4.0_std,0,always,exact,3,300,delay3,0,0,0,0,0,299,0.8759197324414715,-0.002675585284280936,1.0,0.07357859531772576,1.1505016722408026,1.0,0.1505016722408027,0.0,0.0006155605811421628
res85_anch_n4.0_std,0,voa,exact,3,300,delay3,0,0,0,0,0,299,0.9,-0.017391304347826087,0.9966555183946488,0.07692307692307693,0.391304347826087,0.3411371237458194,0.05016722408026756,0.0,0.0006169640134075521
res85_anch_n4.0_std,0,event,exact,3,300,delay3,0,0,0,0,0,299,0.4260869565217389,0.4782608695652172,0.6321070234113713,0.4414715719063545,0.023411371237458192,0.023411371237458192,0.0,0.0,0.000251843523904868
res85_anch_n4.0_std,1,always,exact,3,300,delay3,0,0,0,0,0,299,0.8759197324414715,-0.002675585284280936,1.0,0.07357859531772576,1.1505016722408026,1.0,0.1505016722408027,0.0,0.0006155772966627389
res85_anch_n4.0_std,1,voa,exact,3,300,delay3,0,0,0,0,0,299,0.8913043478260869,0.0,0.9899665551839465,0.08361204013377926,0.3745819397993311,0.33444816053511706,0.04013377926421405,0.0,0.0006023332486450476
res85_anch_n4.0_std,1,event,exact,3,300,delay3,0,0,0,0,0,299,0.4043478260869563,0.5,0.6153846153846154,0.45819397993311034,0.026755852842809364,0.026755852842809364,0.0,0.0,0.00024110246507842172
res85_anch_n4.0_std,2,always,exact,3,300,delay3,0,0,0,0,0,299,0.8849498327759198,-0.014381270903010033,1.0,0.07692307692307693,1.1505016722408026,1.0,0.1505016722408027,0.0,0.0006133197381305649
res85_anch_n4.0_std,2,voa,exact,3,300,delay3,0,0,0,0,0,299,0.8956521739130435,-0.021739130434782608,0.9966555183946488,0.0802675585284281,0.38461538461538464,0.33444816053511706,0.05016722408026756,0.0,0.0006140213738746566
res85_anch_n4.0_std,2,event,exact,3,300,delay3,0,0,0,0,0,299,0.4086956521739128,0.4913043478260869,0.6220735785953178,0.45484949832775917,0.046822742474916385,0.046822742474916385,0.0,0.0,0.0002364332748242562
res85_anch_n4.0_stiff,0,always,exact,3,300,delay3,0,0,0,0,0,299,0.8759197324414715,-0.002675585284280936,1.0,0.07357859531772576,1.1505016722408026,1.0,0.1505016722408027,0.0,0.0006155605811421628
res85_anch_n4.0_stiff,0,voa,exact,3,300,delay3,0,0,0,0,0,299,0.9,-0.017391304347826087,0.9966555183946488,0.07692307692307693,0.391304347826087,0.3411371237458194,0.05016722408026756,0.0,0.0006169640134075521
res85_anch_n4.0_stiff,0,event,exact,3,300,delay3,0,0,0,0,0,299,0.4260869565217389,0.4782608695652172,0.6321070234113713,0.4414715719063545,0.023411371237458192,0.023411371237458192,0.0,0.0,0.000251843523904868
res85_anch_n4.0_stiff,1,always,exact,3,300,delay3,0,0,0,0,0,299,0.8759197324414715,-0.002675585284280936,1.0,0.07357859531772576,1.1505016722408026,1.0,0.1505016722408027,0.0,0.0006155772966627389
res85_anch_n4.0_stiff,1,voa,exact,3,300,delay3,0,0,0,0,0,299,0.8913043478260869,0.0,0.9899665551839465,0.08361204013377926,0.3745819397993311,0.33444816053511706,0.04013377926421405,0.0,0.0006023332486450476
res85_anch_n4.0_stiff,1,event,exact,3,300,delay3,0,0,0,0,0,299,0.4043478260869563,0.5,0.6153846153846154,0.45819397993311034,0.026755852842809364,0.026755852842809364,0.0,0.0,0.00024110246507842172
res85_anch_n4.0_stiff,2,always,exact,3,300,delay3,0,0,0,0,0,299,0.8849498327759198,-0.014381270903010033,1.0,0.07692307692307693,1.1505016722408026,1.0,0.1505016722408027,0.0,0.0006133197381305649
res85_anch_n4.0_stiff,2,voa,exact,3,300,delay3,0,0,0,0,0,299,0.8956521739130435,-0.021739130434782608,0.9966555183946488,0.0802675585284281,0.38461538461538464,0.33444816053511706,0.05016722408026756,0.0,0.0006140213738746566
res85_anch_n4.0_stiff,2,event,exact,3,300,delay3,0,0,0,0,0,299,0.4086956521739128,0.4913043478260869,0.6220735785953178,0.45484949832775917,0.046822742474916385,0.046822742474916385,0.0,0.0,0.0002364332748242562
res85_free_n0.5_std,0,always,exact,3,300,delay3,0,0,0,0,0,299,0.9267558528428095,-0.002675585284280936,1.0,0.010033444816053512,1.1505016722408026,1.0,0.1505016722408027,0.0,0.000615560573366298
res85_free_n0.5_std,0,voa,exact,3,300,delay3,0,0,0,0,0,299,0.9508361204013378,-0.017391304347826087,0.9966555183946488,0.013377926421404682,0.3979933110367893,0.3511705685618729,0.046822742474916385,0.0,0.0006169640090076037
res85_free_n0.5_std,0,event,exact,3,300,delay3,0,0,0,0,0,299,0.3856187290969898,0.569565217391305,0.5618729096989966,0.44816053511705684,0.0,0.0,0.0,0.0,0.00023829012328366032
res85_free_n0.5_std,1,always,exact,3,300,delay3,0,0,0,0,0,299,0.9267558528428095,-0.002675585284280936,1.0,0.010033444816053512,1.1505016722408026,1.0,0.1505016722408027,0.0,0.0006155605864149389
res85_free_n0.5_std,1,voa,exact,3,300,delay3,0,0,0,0,0,299,0.9508361204013378,-0.017391304347826087,0.9966555183946488,0.013377926421404682,0.391304347826087,0.34448160535117056,0.046822742474916385,0.0,0.0006169640164017364
res85_free_n0.5_std,1,event,exact,3,300,delay3,0,0,0,0,0,299,0.38127090301003325,0.5739130434782616,0.5585284280936454,0.451505016722408,0.0,0.0,0.0,0.0,0.00023642449307588627
res85_free_n0.5_std,2,always,exact,3,300,delay3,0,0,0,0,0,299,0.9250836120401339,-0.002675585284280936,1.0,0.010033444816053512,1.1538461538461537,1.0,0.15384615384615385,0.0,0.0006131208318519817
res85_free_n0.5_std,2,voa,exact,3,300,delay3,0,0,0,0,0,299,0.9491638795986622,-0.017391304347826087,0.9966555183946488,0.013377926421404682,0.3979933110367893,0.3511705685618729,0.046822742474916385,0.0,0.0006145243046784326
res85_free_n0.5_std,2,event,exact,3,300,delay3,0,0,0,0,0,299,0.37525083612040117,0.578260869565218,0.5551839464882943,0.45484949832775917,0.0,0.0,0.0,0.0,0.00023279980206605572
res85_free_n0.5_stiff,0,always,exact,3,300,delay3,0,0,0,0,0,299,0.9267558528428095,-0.002675585284280936,1.0,0.010033444816053512,1.1505016722408026,1.0,0.1505016722408027,0.0,0.000615560573366298
res85_free_n0.5_stiff,0,voa,exact,3,300,delay3,0,0,0,0,0,299,0.9508361204013378,-0.017391304347826087,0.9966555183946488,0.013377926421404682,0.3979933110367893,0.3511705685618729,0.046822742474916385,0.0,0.0006169640090076037
res85_free_n0.5_stiff,0,event,exact,3,300,delay3,0,0,0,0,0,299,0.3856187290969898,0.569565217391305,0.5618729096989966,0.44816053511705684,0.0,0.0,0.0,0.0,0.00023829012328366032
res85_free_n0.5_stiff,1,always,exact,3,300,delay3,0,0,0,0,0,299,0.9267558528428095,-0.002675585284280936,1.0,0.010033444816053512,1.1505016722408026,1.0,0.1505016722408027,0.0,0.0006155605864149389
res85_free_n0.5_stiff,1,voa,exact,3,300,delay3,0,0,0,0,0,299,0.9508361204013378,-0.017391304347826087,0.9966555183946488,0.013377926421404682,0.391304347826087,0.34448160535117056,0.046822742474916385,0.0,0.0006169640164017364
res85_free_n0.5_stiff,1,event,exact,3,300,delay3,0,0,0,0,0,299,0.38127090301003325,0.5739130434782616,0.5585284280936454,0.451505016722408,0.0,0.0,0.0,0.0,0.00023642449307588627
res85_free_n0.5_stiff,2,always,exact,3,300,delay3,0,0,0,0,0,299,0.9250836120401339,-0.002675585284280936,1.0,0.010033444816053512,1.1538461538461537,1.0,0.15384615384615385,0.0,0.0006131208318519817
res85_free_n0.5_stiff,2,voa,exact,3,300,delay3,0,0,0,0,0,299,0.9491638795986622,-0.017391304347826087,0.9966555183946488,0.013377926421404682,0.3979933110367893,0.3511705685618729,0.046822742474916385,0.0,0.0006145243046784326
res85_free_n0.5_stiff,2,event,exact,3,300,delay3,0,0,0,0,0,299,0.37525083612040117,0.578260869565218,0.5551839464882943,0.45484949832775917,0.0,0.0,0.0,0.0,0.00023279980206605572
res85_free_n4.0_std,0,always,exact,3,300,delay3,0,0,0,0,0,299,0.9267558528428095,-0.002675585284280936,1.0,0.010033444816053512,1.1505016722408026,1.0,0.1505016722408027,0.0,0.000615560573366298
res85_free_n4.0_std,0,voa,exact,3,300,delay3,0,0,0,0,0,299,0.9508361204013378,-0.017391304347826087,0.9966555183946488,0.013377926421404682,0.391304347826087,0.3411371237458194,0.05016722408026756,0.0,0.0006169640090076037
res85_free_n4.0_std,0,event,exact,3,300,delay3,0,0,0,0,0,299,0.4769230769230768,0.4782608695652172,0.6321070234113713,0.3779264214046823,0.023411371237458192,0.023411371237458192,0.0,0.0,0.0002518435239192172
res85_free_n4.0_std,1,always,exact,3,300,delay3,0,0,0,0,0,299,0.9267558528428095,-0.002675585284280936,1.0,0.010033444816053512,1.1505016722408026,1.0,0.1505016722408027,0.0,0.0006155605864149389
res85_free_n4.0_std,1,voa,exact,3,300,delay3,0,0,0,0,0,299,0.9421404682274247,0.0,0.9899665551839465,0.020066889632107024,0.3745819397993311,0.33444816053511706,0.04013377926421405,0.0,0.0006023645065786113
res85_free_n4.0_std,1,event,exact,3,300,delay3,0,0,0,0,0,299,0.4551839464882942,0.5,0.6153846153846154,0.39464882943143814,0.026755852842809364,0.026755852842809364,0.0,0.0,0.00024110246500490205
res85_free_n4.0_std,2,always,exact,3,300,delay3,0,0,0,0,0,299,0.9384615384615386,-0.014381270903010033,1.0,0.010033444816053512,1.1505016722408026,1.0,0.1505016722408027,0.0,0.0006133198765203879
res85_free_n4.0_std,2,voa,exact,3,300,delay3,0,0,0,0,0,299,0.9491638795986622,-0.021739130434782608,0.9966555183946488,0.013377926421404682,0.38461538461538464,0.33444816053511706,0.05016722408026756,0.0,0.0006140215122954436
res85_free_n4.0_std,2,event,exact,3,300,delay3,0,0,0,0,0,299,0.4622073578595317,0.4913043478260869,0.6220735785953178,0.3879598662207358,0.046822742474916385,0.046822742474916385,0.0,0.0,0.000236433274803135
res85_free_n4.0_stiff,0,always,exact,3,300,delay3,0,0,0,0,0,299,0.9267558528428095,-0.002675585284280936,1.0,0.010033444816053512,1.1505016722408026,1.0,0.1505016722408027,0.0,0.000615560573366298
res85_free_n4.0_stiff,0,voa,exact,3,300,delay3,0,0,0,0,0,299,0.9508361204013378,-0.017391304347826087,0.9966555183946488,0.013377926421404682,0.391304347826087,0.3411371237458194,0.05016722408026756,0.0,0.0006169640090076037
res85_free_n4.0_stiff,0,event,exact,3,300,delay3,0,0,0,0,0,299,0.4769230769230768,0.4782608695652172,0.6321070234113713,0.3779264214046823,0.023411371237458192,0.023411371237458192,0.0,0.0,0.0002518435239192172
res85_free_n4.0_stiff,1,always,exact,3,300,delay3,0,0,0,0,0,299,0.9267558528428095,-0.002675585284280936,1.0,0.010033444816053512,1.1505016722408026,1.0,0.1505016722408027,0.0,0.0006155605864149389
res85_free_n4.0_stiff,1,voa,exact,3,300,delay3,0,0,0,0,0,299,0.9421404682274247,0.0,0.9899665551839465,0.020066889632107024,0.3745819397993311,0.33444816053511706,0.04013377926421405,0.0,0.0006023645065786113
res85_free_n4.0_stiff,1,event,exact,3,300,delay3,0,0,0,0,0,299,0.4551839464882942,0.5,0.6153846153846154,0.39464882943143814,0.026755852842809364,0.026755852842809364,0.0,0.0,0.00024110246500490205
res85_free_n4.0_stiff,2,always,exact,3,300,delay3,0,0,0,0,0,299,0.9384615384615386,-0.014381270903010033,1.0,0.010033444816053512,1.1505016722408026,1.0,0.1505016722408027,0.0,0.0006133198765203879
res85_free_n4.0_stiff,2,voa,exact,3,300,delay3,0,0,0,0,0,299,0.9491638795986622,-0.021739130434782608,0.9966555183946488,0.013377926421404682,0.38461538461538464,0.33444816053511706,0.05016722408026756,0.0,0.0006140215122954436
res85_free_n4.0_stiff,2,event,exact,3,300,delay3,0,0,0,0,0,299,0.4622073578595317,0.4913043478260869,0.6220735785953178,0.3879598662207358,0.046822742474916385,0.046822742474916385,0.0,0.0,0.000236433274803135
res35_anch_n0.5_std,0,always,exact,3,300,corrupt_map,1,0,1,0,0,285,0.7263157894736844,0.041052631578947375,1.0,0.21052631578947367,2.0,1.0,1.0,0.0,0.3016232096881797
res35_anch_n0.5_std,0,voa,exact,3,300,corrupt_map,1,0,1,0,0,266,0.73609022556391,0.014661654135338348,0.9586466165413534,0.20300751879699247,1.1278195488721805,0.6127819548872181,0.5150375939849624,0.0,0.30011840338501256
res35_anch_n0.5_std,0,event,exact,3,300,corrupt_map,0,0,0,0,0,299,0.32173913043478286,0.44782608695652126,0.6254180602006689,0.5217391304347826,0.26755852842809363,0.26755852842809363,0.0,0.0,0.2645482164834376
res35_anch_n0.5_std,1,always,exact,3,300,corrupt_map,1,0,1,0,0,298,0.7208053691275172,0.08288590604026848,1.0,0.21476510067114093,2.0,1.0,1.0,0.0,0.301627611085576
res35_anch_n0.5_std,1,voa,exact,3,300,corrupt_map,1,0,1,0,0,276,0.7315217391304352,0.056521739130434796,0.9746376811594203,0.20652173913043478,1.1376811594202898,0.6123188405797102,0.5253623188405797,0.0,0.3033264899285485
res35_anch_n0.5_std,1,event,exact,3,300,corrupt_map,0,0,0,0,0,299,0.31739130434782636,0.4652173913043475,0.5953177257525084,0.5250836120401338,0.26421404682274247,0.26421404682274247,0.0,0.0,0.26122735203896125
res35_anch_n0.5_std,2,always,exact,3,300,corrupt_map,1,0,1,0,0,277,0.6667870036101087,0.07509025270758124,1.0,0.2563176895306859,2.0,1.0,1.0,0.0,0.3001126246942594
res35_anch_n0.5_std,2,voa,exact,3,300,corrupt_map,1,0,1,0,0,267,0.6689138576779029,0.06329588014981274,0.9737827715355806,0.2546816479400749,1.104868913857678,0.6329588014981273,0.47191011235955055,0.0,0.3001102755762433
res35_anch_n0.5_std,2,event,exact,3,300,corrupt_map,0,0,0,0,0,299,0.3086956521739133,0.42173913043478195,0.6354515050167224,0.5317725752508361,0.25752508361204013,0.25752508361204013,0.0,0.0,0.2547922423845549
res35_anch_n0.5_stiff,0,always,exact,3,300,corrupt_map,0,0,0,0,0,299,0.7347826086956524,0.04347826086956522,1.0,0.2040133779264214,2.0,1.0,1.0,0.0,0.2972340361321763
res35_anch_n0.5_stiff,0,voa,exact,3,300,corrupt_map,1,0,1,0,0,270,0.7351851851851854,0.01925925925925926,0.9629629629629629,0.2037037037037037,1.1222222222222222,0.6,0.5222222222222223,0.0,0.3030818927351833
res35_anch_n0.5_stiff,0,event,exact,3,300,corrupt_map,0,0,0,0,0,299,0.32173913043478286,0.44782608695652126,0.6187290969899666,0.5217391304347826,0.24749163879598662,0.24749163879598662,0.0,0.0,0.24814651154054457
res35_anch_n0.5_stiff,1,always,exact,3,300,corrupt_map,1,0,1,0,0,281,0.7039145907473314,0.08790035587188615,1.0,0.2277580071174377,2.0,1.0,1.0,0.0,0.3031202300056753
res35_anch_n0.5_stiff,1,voa,exact,3,300,corrupt_map,1,0,1,0,0,275,0.7352727272727275,0.05200000000000001,0.9709090909090909,0.20363636363636364,1.1345454545454545,0.6036363636363636,0.5309090909090909,0.0,0.3013667943637403
res35_anch_n0.5_stiff,1,event,exact,3,300,corrupt_map,0,0,0,0,0,299,0.32173913043478286,0.460869565217391,0.5919732441471572,0.5217391304347826,0.2976588628762542,0.2976588628762542,0.0,0.0,0.29400604569891226
res35_anch_n0.5_stiff,2,always,exact,3,300,corrupt_map,0,0,0,0,0,299,0.6739130434782612,0.09565217391304351,1.0,0.2508361204013378,2.0,1.0,1.0,0.0,0.2931471419995571
res35_anch_n0.5_stiff,2,voa,exact,3,300,corrupt_map,1,0,1,0,0,285,0.6852631578947371,0.0729824561403509,0.9894736842105263,0.24210526315789474,1.1017543859649124,0.6035087719298246,0.4982456140350877,0.0,0.3014240856880703
res35_anch_n0.5_stiff,2,event,exact,3,300,corrupt_map,0,0,0,0,0,299,0.3086956521739133,0.42173913043478195,0.6387959866220736,0.5317725752508361,0.23745819397993312,0.23745819397993312,0.0,0.0,0.23351184431691127
res35_anch_n4.0_std,0,always,exact,3,300,corrupt_map,1,0,1,0,0,282,0.74645390070922,0.02304964539007092,1.0,0.1950354609929078,2.0,1.0,1.0,0.0,0.3003465182396128
res35_anch_n4.0_std,0,voa,exact,3,300,corrupt_map,1,0,1,0,0,281,0.7316725978647689,0.03238434163701068,0.9822064056939501,0.20640569395017794,1.1316725978647686,0.5551601423487544,0.5765124555160143,0.0,0.3024094066422131
res35_anch_n4.0_std,0,event,exact,3,300,corrupt_map,0,0,0,0,0,299,0.40434782608695624,0.38260869565217337,0.6688963210702341,0.45819397993311034,0.29431438127090304,0.29431438127090304,0.0,0.0,0.28397736874593105
res35_anch_n4.0_std,1,always,exact,3,300,corrupt_map,1,0,1,0,0,297,0.7286195286195289,0.05690235690235691,1.0,0.20875420875420875,2.0,1.0,1.0,0.0,0.30139705646554105
res35_anch_n4.0_std,1,voa,exact,3,300,corrupt_map,1,0,1,0,0,288,0.7246527777777781,0.04965277777777779,0.9722222222222222,0.21180555555555555,1.1180555555555556,0.5694444444444444,0.5486111111111112,0.0,0.3017098128725725
res35_anch_n4.0_std,1,event,exact,3,300,corrupt_map,0,0,0,0,0,299,0.3869565217391302,0.4043478260869559,0.6488294314381271,0.47157190635451507,0.23745819397993312,0.23745819397993312,0.0,0.0,0.21801478966329246
res35_anch_n4.0_std,2,always,exact,3,300,corrupt_map,1,0,1,0,0,294,0.6639455782312929,0.10170068027210888,1.0,0.2585034013605442,2.0,1.0,1.0,0.0,0.3001162001669008
res35_anch_n4.0_std,2,voa,exact,3,300,corrupt_map,1,0,1,0,0,291,0.6694158075601379,0.09381443298969075,0.979381443298969,0.2542955326460481,1.0756013745704467,0.584192439862543,0.49140893470790376,0.0,0.3001149665392022
res35_anch_n4.0_std,2,event,exact,3,300,corrupt_map,0,0,0,0,0,299,0.3869565217391302,0.3652173913043473,0.6622073578595318,0.47157190635451507,0.29431438127090304,0.29431438127090304,0.0,0.0,0.25479341444798403
res35_anch_n4.0_stiff,0,always,exact,3,300,corrupt_map,1,0,1,0,0,290,0.7400000000000003,0.03586206896551724,1.0,0.2,2.0,1.0,1.0,0.0,0.3006290195179918
res35_anch_n4.0_stiff,0,voa,exact,3,300,corrupt_map,1,0,1,0,0,268,0.7235074626865673,0.024253731343283583,0.9552238805970149,0.2126865671641791,1.126865671641791,0.5634328358208955,0.5634328358208955,0.0,0.3013609196012304
res35_anch_n4.0_stiff,0,event,exact,3,300,corrupt_map,0,0,0,0,0,299,0.40434782608695624,0.38260869565217337,0.6622073578595318,0.45819397993311034,0.27759197324414714,0.27759197324414714,0.0,0.0,0.26918841944895583
res35_anch_n4.0_stiff,1,always,exact,3,300,corrupt_map,1,0,1,0,0,277,0.7137184115523469,0.061010830324909754,1.0,0.22021660649819494,2.0,1.0,1.0,0.0,0.30326408098659685
res35_anch_n4.0_stiff,1,voa,exact,3,300,corrupt_map,1,0,1,0,0,292,0.7284246575342469,0.053424657534246585,0.9726027397260274,0.2089041095890411,1.1130136986301369,0.5513698630136986,0.5616438356164384,0.0,0.3030467642905158
res35_anch_n4.0_stiff,1,event,exact,3,300,corrupt_map,0,0,0,0,0,299,0.3913043478260867,0.3999999999999994,0.6454849498327759,0.4682274247491639,0.2608695652173913,0.2608695652173913,0.0,0.0,0.2503063870996082
res35_anch_n4.0_stiff,2,always,exact,3,300,corrupt_map,1,0,1,0,0,279,0.6458781362007172,0.10250896057347673,1.0,0.2724014336917563,2.0,1.0,1.0,0.0,0.30317475975458325
res35_anch_n4.0_stiff,2,voa,exact,3,300,corrupt_map,0,0,0,0,0,299,0.6565217391304352,0.060869565217391314,0.9832775919732442,0.26421404682274247,0.7090301003344481,0.6454849498327759,0.06354515050167224,0.0,0.2716362183562412
res35_anch_n4.0_stiff,2,event,exact,3,300,corrupt_map,0,0,0,0,0,299,0.3869565217391302,0.3652173913043473,0.6688963210702341,0.47157190635451507,0.27424749163879597,0.27424749163879597,0.0,0.0,0.24049690560288994
res35_free_n0.5_std,0,always,exact,3,300,corrupt_map,1,0,1,0,0,285,0.6617543859649125,0.1270175438596491,1.0,0.16842105263157894,2.0,1.0,1.0,0.0,0.3016231399845374
res35_free_n0.5_std,0,voa,exact,3,300,corrupt_map,1,0,1,0,0,266,0.6849624060150378,0.0887218045112782,0.9586466165413534,0.15413533834586465,1.1278195488721805,0.6127819548872181,0.5150375939849624,0.0,0.30011779857418064
res35_free_n0.5_std,0,event,exact,3,300,corrupt_map,0,0,0,0,0,299,0.37257525083612025,0.41739130434782545,0.6254180602006689,0.45819397993311034,0.26755852842809363,0.26755852842809363,0.0,0.0,0.26454659976100114
res35_free_n0.5_std,1,always,exact,3,300,corrupt_map,1,0,1,0,0,298,0.5946308724832217,0.2120805369127515,1.0,0.18791946308724833,2.0,1.0,1.0,0.0,0.3016275563427652
res35_free_n0.5_std,1,voa,exact,3,300,corrupt_map,1,0,1,0,0,276,0.6300724637681161,0.1612318840579709,0.9746376811594203,0.17028985507246377,1.1376811594202898,0.6123188405797102,0.5253623188405797,0.0,0.3033257806727901
res35_free_n0.5_std,1,event,exact,3,300,corrupt_map,0,0,0,0,0,299,0.3682274247491637,0.41739130434782545,0.5953177257525084,0.46153846153846156,0.26421404682274247,0.26421404682274247,0.0,0.0,0.2612257573025197
res35_free_n0.5_std,2,always,exact,3,300,corrupt_map,1,0,1,0,0,277,0.6176895306859209,0.15090252707581223,1.0,0.20938628158844766,2.0,1.0,1.0,0.0,0.3001118939060808
res35_free_n0.5_std,2,voa,exact,3,300,corrupt_map,1,0,1,0,0,267,0.6179775280898879,0.14194756554307114,0.9737827715355806,0.20599250936329588,1.104868913857678,0.6329588014981273,0.47191011235955055,0.0,0.30010963494445353
res35_free_n0.5_std,2,event,exact,3,300,corrupt_map,0,0,0,0,0,299,0.3622073578595316,0.39130434782608636,0.6354515050167224,0.46488294314381273,0.25752508361204013,0.25752508361204013,0.0,0.0,0.25479066949133944
res35_free_n0.5_stiff,0,always,exact,3,300,corrupt_map,0,0,0,0,0,299,0.6732441471571908,0.12541806020066887,1.0,0.16387959866220736,2.0,1.0,1.0,0.0,0.2972327396627344
res35_free_n0.5_stiff,0,voa,exact,3,300,corrupt_map,1,0,1,0,0,270,0.684814814814815,0.09222222222222223,0.9629629629629629,0.15555555555555556,1.1222222222222222,0.6,0.5222222222222223,0.0,0.3030805343657895
res35_free_n0.5_stiff,0,event,exact,3,300,corrupt_map,0,0,0,0,0,299,0.37257525083612025,0.41739130434782545,0.6187290969899666,0.45819397993311034,0.24749163879598662,0.24749163879598662,0.0,0.0,0.2481441892746806
res35_free_n0.5_stiff,1,always,exact,3,300,corrupt_map,1,0,1,0,0,281,0.5701067615658365,0.22491103202846957,1.0,0.199288256227758,2.0,1.0,1.0,0.0,0.30312017526285934
res35_free_n0.5_stiff,1,voa,exact,3,300,corrupt_map,1,0,1,0,0,275,0.6334545454545456,0.157090909090909,0.9709090909090909,0.16727272727272727,1.1345454545454545,0.6036363636363636,0.5309090909090909,0.0,0.30136526368447203
res35_free_n0.5_stiff,1,event,exact,3,300,corrupt_map,0,0,0,0,0,299,0.37257525083612025,0.41304347826086896,0.5919732441471572,0.45819397993311034,0.2976588628762542,0.2976588628762542,0.0,0.0,0.2940038028631583
res35_free_n0.5_stiff,2,always,exact,3,300,corrupt_map,0,0,0,0,0,299,0.6284280936454852,0.16588628762541793,1.0,0.20735785953177258,2.0,1.0,1.0,0.0,0.2931452140540571
res35_free_n0.5_stiff,2,voa,exact,3,300,corrupt_map,1,0,1,0,0,285,0.6375438596491232,0.1466666666666666,0.9894736842105263,0.19649122807017544,1.1017543859649124,0.6035087719298246,0.4982456140350877,0.0,0.3014221032049845
res35_free_n0.5_stiff,2,event,exact,3,300,corrupt_map,0,0,0,0,0,299,0.3622073578595316,0.39130434782608636,0.6387959866220736,0.46488294314381273,0.23745819397993312,0.23745819397993312,0.0,0.0,0.23350968415300258
res35_free_n4.0_std,0,always,exact,3,300,corrupt_map,1,0,1,0,0,282,0.6812056737588654,0.1099290780141844,1.0,0.1524822695035461,2.0,1.0,1.0,0.0,0.3003457028062148
res35_free_n4.0_std,0,voa,exact,3,300,corrupt_map,1,0,1,0,0,281,0.717437722419929,0.06832740213523132,0.9822064056939501,0.15302491103202848,1.1316725978647686,0.5551601423487544,0.5765124555160143,0.0,0.3024083203495845
res35_free_n4.0_std,0,event,exact,3,300,corrupt_map,0,0,0,0,0,299,0.4551839464882942,0.3521739130434778,0.6688963210702341,0.39464882943143814,0.29431438127090304,0.29431438127090304,0.0,0.0,0.2839755996644359
res35_free_n4.0_std,1,always,exact,3,300,corrupt_map,1,0,1,0,0,297,0.6020202020202021,0.1865319865319864,1.0,0.18181818181818182,2.0,1.0,1.0,0.0,0.3013967158641177
res35_free_n4.0_std,1,voa,exact,3,300,corrupt_map,1,0,1,0,0,288,0.6774305555555559,0.10000000000000002,0.9722222222222222,0.16666666666666666,1.1180555555555556,0.5694444444444444,0.5486111111111112,0.0,0.3017084973518351
res35_free_n4.0_std,1,event,exact,3,300,corrupt_map,0,0,0,0,0,299,0.4217391304347825,0.37257525083611986,0.6488294314381271,0.411371237458194,0.23745819397993312,0.23745819397993312,0.0,0.0,0.2180127548338571
res35_free_n4.0_std,2,always,exact,3,300,corrupt_map,1,0,1,0,0,294,0.6176870748299323,0.17312925170068014,1.0,0.21428571428571427,2.0,1.0,1.0,0.0,0.3001154693815448
res35_free_n4.0_std,2,voa,exact,3,300,corrupt_map,1,0,1,0,0,291,0.6391752577319592,0.14948453608247417,0.979381443298969,0.20618556701030927,1.0756013745704467,0.584192439862543,0.49140893470790376,0.0,0.3001143259055221
res35_free_n4.0_std,2,event,exact,3,300,corrupt_map,0,0,0,0,0,299,0.4404682274247491,0.33478260869565174,0.6622073578595318,0.40468227424749165,0.29431438127090304,0.29431438127090304,0.0,0.0,0.2547918398902182
res35_free_n4.0_stiff,0,always,exact,3,300,corrupt_map,1,0,1,0,0,290,0.6765517241379312,0.12034482758620689,1.0,0.15862068965517243,2.0,1.0,1.0,0.0,0.30062732090524913
res35_free_n4.0_stiff,0,voa,exact,3,300,corrupt_map,1,0,1,0,0,268,0.7085820895522389,0.061940298507462695,0.9552238805970149,0.15671641791044777,1.126865671641791,0.5634328358208955,0.5634328358208955,0.0,0.3013593954648645
res35_free_n4.0_stiff,0,event,exact,3,300,corrupt_map,0,0,0,0,0,299,0.4551839464882942,0.3521739130434778,0.6622073578595318,0.39464882943143814,0.27759197324414714,0.27759197324414714,0.0,0.0,0.2691859105344397
res35_free_n4.0_stiff,1,always,exact,3,300,corrupt_map,1,0,1,0,0,277,0.5779783393501806,0.19999999999999987,1.0,0.19133574007220217,2.0,1.0,1.0,0.0,0.30326298058708884
res35_free_n4.0_stiff,1,voa,exact,3,300,corrupt_map,1,0,1,0,0,292,0.6818493150684934,0.10308219178082194,0.9726027397260274,0.1643835616438356,1.1130136986301369,0.5513698630136986,0.5616438356164384,0.0,0.30304446884885156
res35_free_n4.0_stiff,1,event,exact,3,300,corrupt_map,0,0,0,0,0,299,0.426086956521739,0.3682274247491633,0.6454849498327759,0.4080267558528428,0.2608695652173913,0.2608695652173913,0.0,0.0,0.25030335440233775
res35_free_n4.0_stiff,2,always,exact,3,300,corrupt_map,1,0,1,0,0,279,0.5971326164874556,0.17777777777777765,1.0,0.22580645161290322,2.0,1.0,1.0,0.0,0.3031741625271253
res35_free_n4.0_stiff,2,voa,exact,3,300,corrupt_map,0,0,0,0,0,299,0.6270903010033448,0.11505016722408029,0.9832775919732442,0.21739130434782608,0.7090301003344481,0.6454849498327759,0.06354515050167224,0.0,0.27163441493506013
res35_free_n4.0_stiff,2,event,exact,3,300,corrupt_map,0,0,0,0,0,299,0.4404682274247491,0.33478260869565174,0.6688963210702341,0.40468227424749165,0.27424749163879597,0.27424749163879597,0.0,0.0,0.24049434705859893
res60_anch_n0.5_std,0,always,exact,3,300,corrupt_map,0,0,0,0,0,299,0.7217391304347829,0.05217391304347827,1.0,0.2140468227424749,1.6722408026755853,1.0,0.6722408026755853,0.0,0.22965864097070976
res60_anch_n0.5_std,0,voa,exact,3,300,corrupt_map,1,0,1,0,0,294,0.7391156462585037,0.03095238095238095,0.9897959183673469,0.20068027210884354,0.7414965986394558,0.5986394557823129,0.14285714285714285,0.0,0.3029836790351054
res60_anch_n0.5_std,0,event,exact,3,300,corrupt_map,0,0,0,0,0,299,0.33478260869565246,0.4347826086956516,0.6521739130434783,0.5117056856187291,0.0,0.0,0.0,0.0,0.00023829012327832074
res60_anch_n0.5_std,1,always,exact,3,300,corrupt_map,0,0,0,0,0,299,0.7130434782608699,0.08695652173913046,1.0,0.22073578595317725,1.7157190635451505,1.0,0.7157190635451505,0.0,0.19632927167777303
res60_anch_n0.5_std,1,voa,exact,3,300,corrupt_map,0,0,0,0,0,299,0.6956521739130439,0.10434782608695656,0.979933110367893,0.23411371237458195,0.822742474916388,0.6588628762541806,0.16387959866220736,0.0,0.22632376566304335
res60_anch_n0.5_std,1,event,exact,3,300,corrupt_map,0,0,0,0,0,299,0.33043478260869585,0.4521739130434778,0.6254180602006689,0.5150501672240803,0.0,0.0,0.0,0.0,0.00023642449310097094
res60_anch_n0.5_std,2,always,exact,3,300,corrupt_map,0,0,0,0,0,299,0.6652173913043482,0.10869565217391307,1.0,0.25752508361204013,1.6555183946488294,1.0,0.6555183946488294,0.0,0.2229912045285879
res60_anch_n0.5_std,2,voa,exact,3,300,corrupt_map,0,0,0,0,0,299,0.6869565217391307,0.08695652173913046,0.9899665551839465,0.2408026755852843,0.7558528428093646,0.6053511705685619,0.1505016722408027,0.0,0.27965448953401234
res60_anch_n0.5_std,2,event,exact,3,300,corrupt_map,0,0,0,0,0,299,0.32173913043478286,0.40869565217391246,0.6588628762541806,0.5217391304347826,0.0,0.0,0.0,0.0,0.00023279980209947956
res60_anch_n0.5_stiff,0,always,exact,3,300,corrupt_map,0,0,0,0,0,299,0.7217391304347829,0.05217391304347827,1.0,0.2140468227424749,1.6722408026755853,1.0,0.6722408026755853,0.0,0.20738099937675697
res60_anch_n0.5_stiff,0,voa,exact,3,300,corrupt_map,1,0,1,0,0,296,0.7408783783783786,0.03074324324324324,0.9898648648648649,0.19932432432432431,0.7364864864864865,0.5945945945945946,0.14189189189189189,0.0,0.30337270410803696
res60_anch_n0.5_stiff,0,event,exact,3,300,corrupt_map,0,0,0,0,0,299,0.33478260869565246,0.4347826086956516,0.6521739130434783,0.5117056856187291,0.0,0.0,0.0,0.0,0.00023829012327832074
res60_anch_n0.5_stiff,1,always,exact,3,300,corrupt_map,0,0,0,0,0,299,0.7130434782608699,0.08695652173913046,1.0,0.22073578595317725,1.7157190635451505,1.0,0.7157190635451505,0.0,0.16738496341716425
res60_anch_n0.5_stiff,1,voa,exact,3,300,corrupt_map,0,0,0,0,0,299,0.6956521739130439,0.10434782608695656,0.979933110367893,0.23411371237458195,0.822742474916388,0.6588628762541806,0.16387959866220736,0.0,0.20337945740249472
res60_anch_n0.5_stiff,1,event,exact,3,300,corrupt_map,0,0,0,0,0,299,0.33043478260869585,0.4521739130434778,0.6254180602006689,0.5150501672240803,0.0,0.0,0.0,0.0,0.00023642449310097094
res60_anch_n0.5_stiff,2,always,exact,3,300,corrupt_map,0,0,0,0,0,299,0.6652173913043482,0.10869565217391307,1.0,0.25752508361204013,1.6555183946488294,1.0,0.6555183946488294,0.0,0.19938022960136612
res60_anch_n0.5_stiff,2,voa,exact,3,300,corrupt_map,0,0,0,0,0,299,0.6869565217391307,0.08695652173913046,0.9899665551839465,0.2408026755852843,0.7558528428093646,0.6053511705685619,0.1505016722408027,0.0,0.26737684794012817
res60_anch_n0.5_stiff,2,event,exact,3,300,corrupt_map,0,0,0,0,0,299,0.32173913043478286,0.40869565217391246,0.6588628762541806,0.5217391304347826,0.0,0.0,0.0,0.0,0.00023279980209947956
res60_anch_n4.0_std,0,always,exact,3,300,corrupt_map,0,0,0,0,0,299,0.7130434782608699,0.06956521739130436,1.0,0.22073578595317725,1.5618729096989967,1.0,0.5618729096989966,0.0,0.24632234863562832
res60_anch_n4.0_std,0,voa,exact,3,300,corrupt_map,1,0,1,0,0,294,0.7258503401360547,0.05306122448979593,0.9795918367346939,0.2108843537414966,0.7380952380952381,0.5578231292517006,0.18027210884353742,0.0,0.3029829722345394
res60_anch_n4.0_std,0,event,exact,3,300,corrupt_map,0,0,0,0,0,299,0.41739130434782584,0.3695652173913038,0.6956521739130435,0.44816053511705684,0.023411371237458192,0.023411371237458192,0.0,0.0,0.0002516267764810367
res60_anch_n4.0_std,1,always,exact,3,300,corrupt_map,0,0,0,0,0,299,0.6956521739130439,0.09130434782608698,1.0,0.23411371237458195,1.585284280936455,1.0,0.5852842809364549,0.0,0.20965779805227186
res60_anch_n4.0_std,1,voa,exact,3,300,corrupt_map,0,0,0,0,0,299,0.7000000000000004,0.08695652173913046,0.9732441471571907,0.23076923076923078,0.7658862876254181,0.5953177257525084,0.1705685618729097,0.0,0.2629876908793061
res60_anch_n4.0_std,1,event,exact,3,300,corrupt_map,0,0,0,0,0,299,0.4043478260869563,0.38695652173912987,0.6789297658862876,0.45819397993311034,0.026755852842809364,0.026755852842809364,0.0,0.0,0.00024109517588133059
res60_anch_n4.0_std,2,always,exact,3,300,corrupt_map,0,0,0,0,0,299,0.6652173913043482,0.09565217391304351,1.0,0.25752508361204013,1.7123745819397993,1.0,0.7123745819397993,0.0,0.21299312127330924
res60_anch_n4.0_std,2,voa,exact,3,300,corrupt_map,0,0,0,0,0,299,0.6695652173913047,0.09130434782608698,0.979933110367893,0.25418060200668896,0.7859531772575251,0.5819397993311036,0.2040133779264214,0.0,0.22298996991934167
res60_anch_n4.0_std,2,event,exact,3,300,corrupt_map,0,0,0,0,0,299,0.39999999999999974,0.3521739130434778,0.6822742474916388,0.46153846153846156,0.046822742474916385,0.046822742474916385,0.0,0.0,0.00023546321345595137
res60_anch_n4.0_stiff,0,always,exact,3,300,corrupt_map,0,0,0,0,0,299,0.7130434782608699,0.06956521739130436,1.0,0.22073578595317725,1.5618729096989967,1.0,0.5618729096989966,0.0,0.2273780403750067
res60_anch_n4.0_stiff,0,voa,exact,3,300,corrupt_map,1,0,1,0,0,296,0.7277027027027029,0.05270270270270271,0.9797297297297297,0.20945945945945946,0.7331081081081081,0.5540540540540541,0.17905405405405406,0.0,0.30337199730747305
res60_anch_n4.0_stiff,0,event,exact,3,300,corrupt_map,0,0,0,0,0,299,0.41739130434782584,0.3695652173913038,0.6956521739130435,0.44816053511705684,0.023411371237458192,0.023411371237458192,0.0,0.0,0.0002516267764810367
res60_anch_n4.0_stiff,1,always,exact,3,300,corrupt_map,0,0,0,0,0,299,0.6956521739130439,0.09130434782608698,1.0,0.23411371237458195,1.585284280936455,1.0,0.5852842809364549,0.0,0.18338015645838707
res60_anch_n4.0_stiff,1,voa,exact,3,300,corrupt_map,0,0,0,0,0,299,0.7000000000000004,0.08695652173913046,0.9732441471571907,0.23076923076923078,0.7658862876254181,0.5953177257525084,0.1705685618729097,0.0,0.24737671595208457
res60_anch_n4.0_stiff,1,event,exact,3,300,corrupt_map,0,0,0,0,0,299,0.4043478260869563,0.38695652173912987,0.6789297658862876,0.45819397993311034,0.026755852842809364,0.026755852842809364,0.0,0.0,0.00024109517588133059
res60_anch_n4.0_stiff,2,always,exact,3,300,corrupt_map,0,0,0,0,0,299,0.6652173913043482,0.09565217391304351,1.0,0.25752508361204013,1.7123745819397993,1.0,0.7123745819397993,0.0,0.18738214634603204
res60_anch_n4.0_stiff,2,voa,exact,3,300,corrupt_map,0,0,0,0,0,299,0.6695652173913047,0.09130434782608698,0.979933110367893,0.25418060200668896,0.7859531772575251,0.5819397993311036,0.2040133779264214,0.0,0.19937899499211892
res60_anch_n4.0_stiff,2,event,exact,3,300,corrupt_map,0,0,0,0,0,299,0.39999999999999974,0.3521739130434778,0.6822742474916388,0.46153846153846156,0.046822742474916385,0.046822742474916385,0.0,0.0,0.00023546321345595137
res60_free_n0.5_std,0,always,exact,3,300,corrupt_map,0,0,0,0,0,299,0.6602006688963213,0.1341137123745819,1.0,0.17391304347826086,1.6722408026755853,1.0,0.6722408026755853,0.0,0.22965853940691244
res60_free_n0.5_std,0,voa,exact,3,300,corrupt_map,1,0,1,0,0,294,0.6928571428571431,0.0979591836734694,0.9897959183673469,0.1564625850340136,0.7414965986394558,0.5986394557823129,0.14285714285714285,0.0,0.3029835988849833
res60_free_n0.5_std,0,event,exact,3,300,corrupt_map,0,0,0,0,0,299,0.3856187290969898,0.4043478260869559,0.6521739130434783,0.44816053511705684,0.0,0.0,0.0,0.0,0.00023829012328366032
res60_free_n0.5_std,1,always,exact,3,300,corrupt_map,0,0,0,0,0,299,0.5872909698996657,0.2157190635451503,1.0,0.1939799331103679,1.7157190635451505,1.0,0.7157190635451505,0.0,0.19632921693495606
res60_free_n0.5_std,1,voa,exact,3,300,corrupt_map,0,0,0,0,0,299,0.6020066889632109,0.20100334448160515,0.979933110367893,0.20066889632107024,0.822742474916388,0.6588628762541806,0.16387959866220736,0.0,0.22632371047451644
res60_free_n0.5_std,1,event,exact,3,300,corrupt_map,0,0,0,0,0,299,0.38127090301003325,0.4043478260869559,0.6254180602006689,0.451505016722408,0.0,0.0,0.0,0.0,0.00023642449307588627
res60_free_n0.5_std,2,always,exact,3,300,corrupt_map,0,0,0,0,0,299,0.6197324414715724,0.17892976588628748,1.0,0.2140468227424749,1.6555183946488294,1.0,0.6555183946488294,0.0,0.22299103085693994
res60_free_n0.5_std,2,voa,exact,3,300,corrupt_map,0,0,0,0,0,299,0.6414715719063548,0.1571906354515049,0.9899665551839465,0.19732441471571907,0.7558528428093646,0.6053511705685619,0.1505016722408027,0.0,0.27965440601902614
res60_free_n0.5_std,2,event,exact,3,300,corrupt_map,0,0,0,0,0,299,0.37525083612040117,0.3782608695652169,0.6588628762541806,0.45484949832775917,0.0,0.0,0.0,0.0,0.00023279980206605572
res60_free_n0.5_stiff,0,always,exact,3,300,corrupt_map,0,0,0,0,0,299,0.6602006688963213,0.1341137123745819,1.0,0.17391304347826086,1.6722408026755853,1.0,0.6722408026755853,0.0,0.2073808996216933
res60_free_n0.5_stiff,0,voa,exact,3,300,corrupt_map,1,0,1,0,0,296,0.6949324324324326,0.09729729729729732,0.9898648648648649,0.1554054054054054,0.7364864864864865,0.5945945945945946,0.14189189189189189,0.0,0.3033726257666933
res60_free_n0.5_stiff,0,event,exact,3,300,corrupt_map,0,0,0,0,0,299,0.3856187290969898,0.4043478260869559,0.6521739130434783,0.44816053511705684,0.0,0.0,0.0,0.0,0.00023829012328366032
res60_free_n0.5_stiff,1,always,exact,3,300,corrupt_map,0,0,0,0,0,299,0.5872909698996657,0.2157190635451503,1.0,0.1939799331103679,1.7157190635451505,1.0,0.7157190635451505,0.0,0.16738491048308027
res60_free_n0.5_stiff,1,voa,exact,3,300,corrupt_map,0,0,0,0,0,299,0.6020066889632109,0.20100334448160515,0.979933110367893,0.20066889632107024,0.822742474916388,0.6588628762541806,0.16387959866220736,0.0,0.20337940402274016
res60_free_n0.5_stiff,1,event,exact,3,300,corrupt_map,0,0,0,0,0,299,0.38127090301003325,0.4043478260869559,0.6254180602006689,0.451505016722408,0.0,0.0,0.0,0.0,0.00023642449307588627
res60_free_n0.5_stiff,2,always,exact,3,300,corrupt_map,0,0,0,0,0,299,0.6197324414715724,0.17892976588628748,1.0,0.2140468227424749,1.6555183946488294,1.0,0.6555183946488294,0.0,0.19938005773847087
res60_free_n0.5_stiff,2,voa,exact,3,300,corrupt_map,0,0,0,0,0,299,0.6414715719063548,0.1571906354515049,0.9899665551839465,0.19732441471571907,0.7558528428093646,0.6053511705685619,0.1505016722408027,0.0,0.2673767662338444
res60_free_n0.5_stiff,2,event,exact,3,300,corrupt_map,0,0,0,0,0,299,0.37525083612040117,0.3782608695652169,0.6588628762541806,0.45484949832775917,0.0,0.0,0.0,0.0,0.00023279980206605572
res60_free_n4.0_std,0,always,exact,3,300,corrupt_map,0,0,0,0,0,299,0.6515050167224082,0.15150501672240796,1.0,0.1806020066889632,1.5618729096989967,1.0,0.5618729096989966,0.0,0.24632226848550906
res60_free_n4.0_std,0,voa,exact,3,300,corrupt_map,1,0,1,0,0,294,0.7122448979591839,0.08741496598639457,0.9795918367346939,0.1598639455782313,0.7380952380952381,0.5578231292517006,0.18027210884353742,0.0,0.3029828920844175
res60_free_n4.0_std,0,event,exact,3,300,corrupt_map,0,0,0,0,0,299,0.4682274247491638,0.33913043478260824,0.6956521739130435,0.38461538461538464,0.023411371237458192,0.023411371237458192,0.0,0.0,0.00025162677646979934
res60_free_n4.0_std,1,always,exact,3,300,corrupt_map,0,0,0,0,0,299,0.5698996655518396,0.22006688963210683,1.0,0.20735785953177258,1.585284280936455,1.0,0.5852842809364549,0.0,0.20965774330945244
res60_free_n4.0_std,1,voa,exact,3,300,corrupt_map,0,0,0,0,0,299,0.6545150501672244,0.13545150501672237,0.9732441471571907,0.18729096989966554,0.7658862876254181,0.5953177257525084,0.1705685618729097,0.0,0.26298766284109515
res60_free_n4.0_std,1,event,exact,3,300,corrupt_map,0,0,0,0,0,299,0.43913043478260855,0.3551839464882938,0.6789297658862876,0.3979933110367893,0.026755852842809364,0.026755852842809364,0.0,0.0,0.00024109517591993268
res60_free_n4.0_std,2,always,exact,3,300,corrupt_map,0,0,0,0,0,299,0.6197324414715724,0.16588628762541793,1.0,0.2140468227424749,1.7123745819397993,1.0,0.7123745819397993,0.0,0.21299294760463178
res60_free_n4.0_std,2,voa,exact,3,300,corrupt_map,0,0,0,0,0,299,0.6401337792642143,0.14548494983277588,0.979933110367893,0.20735785953177258,0.7859531772575251,0.5819397993311036,0.2040133779264214,0.0,0.22298988640233722
res60_free_n4.0_std,2,event,exact,3,300,corrupt_map,0,0,0,0,0,299,0.4535117056856186,0.3217391304347822,0.6822742474916388,0.39464882943143814,0.046822742474916385,0.046822742474916385,0.0,0.0,0.0002354632134916143
res60_free_n4.0_stiff,0,always,exact,3,300,corrupt_map,0,0,0,0,0,299,0.6515050167224082,0.15150501672240796,1.0,0.1806020066889632,1.5618729096989967,1.0,0.5618729096989966,0.0,0.22737796203366112
res60_free_n4.0_stiff,0,voa,exact,3,300,corrupt_map,1,0,1,0,0,296,0.7141891891891894,0.08682432432432434,0.9797297297297297,0.15878378378378377,0.7331081081081081,0.5540540540540541,0.17905405405405406,0.0,0.3033719189661271
res60_free_n4.0_stiff,0,event,exact,3,300,corrupt_map,0,0,0,0,0,299,0.4682274247491638,0.33913043478260824,0.6956521739130435,0.38461538461538464,0.023411371237458192,0.023411371237458192,0.0,0.0,0.00025162677646979934
res60_free_n4.0_stiff,1,always,exact,3,300,corrupt_map,0,0,0,0,0,299,0.5698996655518396,0.22006688963210683,1.0,0.20735785953177258,1.585284280936455,1.0,0.5852842809364549,0.0,0.18338010352430636
res60_free_n4.0_stiff,1,voa,exact,3,300,corrupt_map,0,0,0,0,0,299,0.6545150501672244,0.13545150501672237,0.9732441471571907,0.18729096989966554,0.7658862876254181,0.5953177257525084,0.1705685618729097,0.0,0.2473766897226146
res60_free_n4.0_stiff,1,event,exact,3,300,corrupt_map,0,0,0,0,0,299,0.43913043478260855,0.3551839464882938,0.6789297658862876,0.3979933110367893,0.026755852842809364,0.026755852842809364,0.0,0.0,0.00024109517591993268
res60_free_n4.0_stiff,2,always,exact,3,300,corrupt_map,0,0,0,0,0,299,0.6197324414715724,0.16588628762541793,1.0,0.2140468227424749,1.7123745819397993,1.0,0.7123745819397993,0.0,0.18738197448598018
res60_free_n4.0_stiff,2,voa,exact,3,300,corrupt_map,0,0,0,0,0,299,0.6401337792642143,0.14548494983277588,0.979933110367893,0.20735785953177258,0.7859531772575251,0.5819397993311036,0.2040133779264214,0.0,0.19937891328392615
res60_free_n4.0_stiff,2,event,exact,3,300,corrupt_map,0,0,0,0,0,299,0.4535117056856186,0.3217391304347822,0.6822742474916388,0.39464882943143814,0.046822742474916385,0.046822742474916385,0.0,0.0,0.0002354632134916143
res85_anch_n0.5_std,0,always,exact,3,300,corrupt_map,0,0,0,0,0,299,0.7217391304347829,0.05217391304347827,1.0,0.2140468227424749,1.6722408026755853,1.0,0.6722408026755853,0.0,0.00025197513884336306
res85_anch_n0.5_std,0,voa,exact,3,300,corrupt_map,0,0,0,0,0,299,0.7434782608695655,0.03043478260869565,0.9899665551839465,0.19732441471571907,0.7290969899665551,0.5886287625418061,0.14046822742474915,0.0,0.00030934231701219004
res85_anch_n0.5_std,0,event,exact,3,300,corrupt_map,0,0,0,0,0,299,0.33478260869565246,0.4347826086956516,0.6521739130434783,0.5117056856187291,0.0,0.0,0.0,0.0,0.00023829012327832074
res85_anch_n0.5_std,1,always,exact,3,300,corrupt_map,0,0,0,0,0,299,0.7130434782608699,0.08695652173913046,1.0,0.22073578595317725,1.7157190635451505,1.0,0.7157190635451505,0.0,0.0002316197545532081
res85_anch_n0.5_std,1,voa,exact,3,300,corrupt_map,0,0,0,0,0,299,0.6956521739130439,0.10434782608695656,0.979933110367893,0.23411371237458195,0.822742474916388,0.6588628762541806,0.16387959866220736,0.0,0.0002480012220390785
res85_anch_n0.5_std,1,event,exact,3,300,corrupt_map,0,0,0,0,0,299,0.33043478260869585,0.4521739130434778,0.6254180602006689,0.5150501672240803,0.0,0.0,0.0,0.0,0.00023642449310097094
res85_anch_n0.5_std,2,always,exact,3,300,corrupt_map,0,0,0,0,0,299,0.6652173913043482,0.10869565217391307,1.0,0.25752508361204013,1.6555183946488294,1.0,0.6555183946488294,0.0,0.00024634147850030445
res85_anch_n0.5_std,2,voa,exact,3,300,corrupt_map,0,0,0,0,0,299,0.6869565217391307,0.08695652173913046,0.9899665551839465,0.2408026755852843,0.7558528428093646,0.6053511705685619,0.1505016722408027,0.0,0.00028430283917935123
res85_anch_n0.5_std,2,event,exact,3,300,corrupt_map,0,0,0,0,0,299,0.32173913043478286,0.40869565217391246,0.6588628762541806,0.5217391304347826,0.0,0.0,0.0,0.0,0.00023279980209947956
res85_anch_n0.5_stiff,0,always,exact,3,300,corrupt_map,0,0,0,0,0,299,0.7217391304347829,0.05217391304347827,1.0,0.2140468227424749,1.6722408026755853,1.0,0.6722408026755853,0.0,0.00025197513884336306
res85_anch_n0.5_stiff,0,voa,exact,3,300,corrupt_map,0,0,0,0,0,299,0.7434782608695655,0.03043478260869565,0.9899665551839465,0.19732441471571907,0.7290969899665551,0.5886287625418061,0.14046822742474915,0.0,0.00030934231701219004
res85_anch_n0.5_stiff,0,event,exact,3,300,corrupt_map,0,0,0,0,0,299,0.33478260869565246,0.4347826086956516,0.6521739130434783,0.5117056856187291,0.0,0.0,0.0,0.0,0.00023829012327832074
res85_anch_n0.5_stiff,1,always,exact,3,300,corrupt_map,0,0,0,0,0,299,0.7130434782608699,0.08695652173913046,1.0,0.22073578595317725,1.7157190635451505,1.0,0.7157190635451505,0.0,0.0002316197545532081
res85_anch_n0.5_stiff,1,voa,exact,3,300,corrupt_map,0,0,0,0,0,299,0.6956521739130439,0.10434782608695656,0.979933110367893,0.23411371237458195,0.822742474916388,0.6588628762541806,0.16387959866220736,0.0,0.0002480012220390785
res85_anch_n0.5_stiff,1,event,exact,3,300,corrupt_map,0,0,0,0,0,299,0.33043478260869585,0.4521739130434778,0.6254180602006689,0.5150501672240803,0.0,0.0,0.0,0.0,0.00023642449310097094
res85_anch_n0.5_stiff,2,always,exact,3,300,corrupt_map,0,0,0,0,0,299,0.6652173913043482,0.10869565217391307,1.0,0.25752508361204013,1.6555183946488294,1.0,0.6555183946488294,0.0,0.00024634147850030445
res85_anch_n0.5_stiff,2,voa,exact,3,300,corrupt_map,0,0,0,0,0,299,0.6869565217391307,0.08695652173913046,0.9899665551839465,0.2408026755852843,0.7558528428093646,0.6053511705685619,0.1505016722408027,0.0,0.00028430283917935123
res85_anch_n0.5_stiff,2,event,exact,3,300,corrupt_map,0,0,0,0,0,299,0.32173913043478286,0.40869565217391246,0.6588628762541806,0.5217391304347826,0.0,0.0,0.0,0.0,0.00023279980209947956
res85_anch_n4.0_std,0,always,exact,3,300,corrupt_map,0,0,0,0,0,299,0.7130434782608699,0.06956521739130436,1.0,0.22073578595317725,1.5618729096989967,1.0,0.5618729096989966,0.0,0.00026117584940157907
res85_anch_n4.0_std,0,voa,exact,3,300,corrupt_map,0,0,0,0,0,299,0.7304347826086959,0.05217391304347827,0.979933110367893,0.20735785953177258,0.725752508361204,0.5484949832775919,0.17725752508361203,0.0,0.00030863551641845875
res85_anch_n4.0_std,0,event,exact,3,300,corrupt_map,0,0,0,0,0,299,0.41739130434782584,0.3695652173913038,0.6956521739130435,0.44816053511705684,0.023411371237458192,0.023411371237458192,0.0,0.0,0.0002516267764810367
res85_anch_n4.0_std,1,always,exact,3,300,corrupt_map,0,0,0,0,0,299,0.6956521739130439,0.09130434782608698,1.0,0.23411371237458195,1.585284280936455,1.0,0.5852842809364549,0.0,0.0002365405656267354
res85_anch_n4.0_std,1,voa,exact,3,300,corrupt_map,0,0,0,0,0,299,0.7000000000000004,0.08695652173913046,0.9732441471571907,0.23076923076923078,0.7658862876254181,0.5953177257525084,0.1705685618729097,0.0,0.0002720111388267832
res85_anch_n4.0_std,1,event,exact,3,300,corrupt_map,0,0,0,0,0,299,0.4043478260869563,0.38695652173912987,0.6789297658862876,0.45819397993311034,0.026755852842809364,0.026755852842809364,0.0,0.0,0.00024109517588133059
res85_anch_n4.0_std,2,always,exact,3,300,corrupt_map,0,0,0,0,0,299,0.6652173913043482,0.09565217391304351,1.0,0.25752508361204013,1.7123745819397993,1.0,0.7123745819397993,0.0,0.00024096239579428867
res85_anch_n4.0_std,2,voa,exact,3,300,corrupt_map,0,0,0,0,0,299,0.6695652173913047,0.09130434782608698,0.979933110367893,0.25418060200668896,0.7859531772575251,0.5819397993311036,0.2040133779264214,0.0,0.0002451068692400879
res85_anch_n4.0_std,2,event,exact,3,300,corrupt_map,0,0,0,0,0,299,0.39999999999999974,0.3521739130434778,0.6822742474916388,0.46153846153846156,0.046822742474916385,0.046822742474916385,0.0,0.0,0.00023546321345595137
res85_anch_n4.0_stiff,0,always,exact,3,300,corrupt_map,0,0,0,0,0,299,0.7130434782608699,0.06956521739130436,1.0,0.22073578595317725,1.5618729096989967,1.0,0.5618729096989966,0.0,0.00026117584940157907
res85_anch_n4.0_stiff,0,voa,exact,3,300,corrupt_map,0,0,0,0,0,299,0.7304347826086959,0.05217391304347827,0.979933110367893,0.20735785953177258,0.725752508361204,0.5484949832775919,0.17725752508361203,0.0,0.00030863551641845875
res85_anch_n4.0_stiff,0,event,exact,3,300,corrupt_map,0,0,0,0,0,299,0.41739130434782584,0.3695652173913038,0.6956521739130435,0.44816053511705684,0.023411371237458192,0.023411371237458192,0.0,0.0,0.0002516267764810367
res85_anch_n4.0_stiff,1,always,exact,3,300,corrupt_map,0,0,0,0,0,299,0.6956521739130439,0.09130434782608698,1.0,0.23411371237458195,1.585284280936455,1.0,0.5852842809364549,0.0,0.0002365405656267354
res85_anch_n4.0_stiff,1,voa,exact,3,300,corrupt_map,0,0,0,0,0,299,0.7000000000000004,0.08695652173913046,0.9732441471571907,0.23076923076923078,0.7658862876254181,0.5953177257525084,0.1705685618729097,0.0,0.0002720111388267832
res85_anch_n4.0_stiff,1,event,exact,3,300,corrupt_map,0,0,0,0,0,299,0.4043478260869563,0.38695652173912987,0.6789297658862876,0.45819397993311034,0.026755852842809364,0.026755852842809364,0.0,0.0,0.00024109517588133059
res85_anch_n4.0_stiff,2,always,exact,3,300,corrupt_map,0,0,0,0,0,299,0.6652173913043482,0.09565217391304351,1.0,0.25752508361204013,1.7123745819397993,1.0,0.7123745819397993,0.0,0.00024096239579428867
res85_anch_n4.0_stiff,2,voa,exact,3,300,corrupt_map,0,0,0,0,0,299,0.6695652173913047,0.09130434782608698,0.979933110367893,0.25418060200668896,0.7859531772575251,0.5819397993311036,0.2040133779264214,0.0,0.0002451068692400879
res85_anch_n4.0_stiff,2,event,exact,3,300,corrupt_map,0,0,0,0,0,299,0.39999999999999974,0.3521739130434778,0.6822742474916388,0.46153846153846156,0.046822742474916385,0.046822742474916385,0.0,0.0,0.00023546321345595137
res85_free_n0.5_std,0,always,exact,3,300,corrupt_map,0,0,0,0,0,299,0.6602006688963213,0.1341137123745819,1.0,0.17391304347826086,1.6722408026755853,1.0,0.6722408026755853,0.0,0.0002518735750371873
res85_free_n0.5_std,0,voa,exact,3,300,corrupt_map,0,0,0,0,0,299,0.6979933110367894,0.09632107023411372,0.9899665551839465,0.15384615384615385,0.7290969899665551,0.5886287625418061,0.14046822742474915,0.0,0.00030926216683975006
res85_free_n0.5_std,0,event,exact,3,300,corrupt_map,0,0,0,0,0,299,0.3856187290969898,0.4043478260869559,0.6521739130434783,0.44816053511705684,0.0,0.0,0.0,0.0,0.00023829012328366032
res85_free_n0.5_std,1,always,exact,3,300,corrupt_map,0,0,0,0,0,299,0.5872909698996657,0.2157190635451503,1.0,0.1939799331103679,1.7157190635451505,1.0,0.7157190635451505,0.0,0.00023156501173285436
res85_free_n0.5_std,1,voa,exact,3,300,corrupt_map,0,0,0,0,0,299,0.6020066889632109,0.20100334448160515,0.979933110367893,0.20066889632107024,0.822742474916388,0.6588628762541806,0.16387959866220736,0.0,0.00024794603349077946
res85_free_n0.5_std,1,event,exact,3,300,corrupt_map,0,0,0,0,0,299,0.38127090301003325,0.4043478260869559,0.6254180602006689,0.451505016722408,0.0,0.0,0.0,0.0,0.00023642449307588627
res85_free_n0.5_std,2,always,exact,3,300,corrupt_map,0,0,0,0,0,299,0.6197324414715724,0.17892976588628748,1.0,0.2140468227424749,1.6555183946488294,1.0,0.6555183946488294,0.0,0.0002461678068394559
res85_free_n0.5_std,2,voa,exact,3,300,corrupt_map,0,0,0,0,0,299,0.6414715719063548,0.1571906354515049,0.9899665551839465,0.19732441471571907,0.7558528428093646,0.6053511705685619,0.1505016722408027,0.0,0.00028421932421758865
res85_free_n0.5_std,2,event,exact,3,300,corrupt_map,0,0,0,0,0,299,0.37525083612040117,0.3782608695652169,0.6588628762541806,0.45484949832775917,0.0,0.0,0.0,0.0,0.00023279980206605572
res85_free_n0.5_stiff,0,always,exact,3,300,corrupt_map,0,0,0,0,0,299,0.6602006688963213,0.1341137123745819,1.0,0.17391304347826086,1.6722408026755853,1.0,0.6722408026755853,0.0,0.0002518735750371873
res85_free_n0.5_stiff,0,voa,exact,3,300,corrupt_map,0,0,0,0,0,299,0.6979933110367894,0.09632107023411372,0.9899665551839465,0.15384615384615385,0.7290969899665551,0.5886287625418061,0.14046822742474915,0.0,0.00030926216683975006
res85_free_n0.5_stiff,0,event,exact,3,300,corrupt_map,0,0,0,0,0,299,0.3856187290969898,0.4043478260869559,0.6521739130434783,0.44816053511705684,0.0,0.0,0.0,0.0,0.00023829012328366032
res85_free_n0.5_stiff,1,always,exact,3,300,corrupt_map,0,0,0,0,0,299,0.5872909698996657,0.2157190635451503,1.0,0.1939799331103679,1.7157190635451505,1.0,0.7157190635451505,0.0,0.00023156501173285436
res85_free_n0.5_stiff,1,voa,exact,3,300,corrupt_map,0,0,0,0,0,299,0.6020066889632109,0.20100334448160515,0.979933110367893,0.20066889632107024,0.822742474916388,0.6588628762541806,0.16387959866220736,0.0,0.00024794603349077946
res85_free_n0.5_stiff,1,event,exact,3,300,corrupt_map,0,0,0,0,0,299,0.38127090301003325,0.4043478260869559,0.6254180602006689,0.451505016722408,0.0,0.0,0.0,0.0,0.00023642449307588627
res85_free_n0.5_stiff,2,always,exact,3,300,corrupt_map,0,0,0,0,0,299,0.6197324414715724,0.17892976588628748,1.0,0.2140468227424749,1.6555183946488294,1.0,0.6555183946488294,0.0,0.0002461678068394559
res85_free_n0.5_stiff,2,voa,exact,3,300,corrupt_map,0,0,0,0,0,299,0.6414715719063548,0.1571906354515049,0.9899665551839465,0.19732441471571907,0.7558528428093646,0.6053511705685619,0.1505016722408027,0.0,0.00028421932421758865
res85_free_n0.5_stiff,2,event,exact,3,300,corrupt_map,0,0,0,0,0,299,0.37525083612040117,0.3782608695652169,0.6588628762541806,0.45484949832775917,0.0,0.0,0.0,0.0,0.00023279980206605572
res85_free_n4.0_std,0,always,exact,3,300,corrupt_map,0,0,0,0,0,299,0.6515050167224082,0.15150501672240796,1.0,0.1806020066889632,1.5618729096989967,1.0,0.5618729096989966,0.0,0.00026109569927376685
res85_free_n4.0_std,0,voa,exact,3,300,corrupt_map,0,0,0,0,0,299,0.7170568561872912,0.0859531772575251,0.979933110367893,0.15719063545150502,0.725752508361204,0.5484949832775919,0.17725752508361203,0.0,0.00030855536628269424
res85_free_n4.0_std,0,event,exact,3,300,corrupt_map,0,0,0,0,0,299,0.4682274247491638,0.33913043478260824,0.6956521739130435,0.38461538461538464,0.023411371237458192,0.023411371237458192,0.0,0.0,0.00025162677646979934
res85_free_n4.0_std,1,always,exact,3,300,corrupt_map,0,0,0,0,0,299,0.5698996655518396,0.22006688963210683,1.0,0.20735785953177258,1.585284280936455,1.0,0.5852842809364549,0.0,0.00023648582279354446
res85_free_n4.0_std,1,voa,exact,3,300,corrupt_map,0,0,0,0,0,299,0.6545150501672244,0.13545150501672237,0.9732441471571907,0.18729096989966554,0.7658862876254181,0.5953177257525084,0.1705685618729097,0.0,0.00027198310061965996
res85_free_n4.0_std,1,event,exact,3,300,corrupt_map,0,0,0,0,0,299,0.43913043478260855,0.3551839464882938,0.6789297658862876,0.3979933110367893,0.026755852842809364,0.026755852842809364,0.0,0.0,0.00024109517591993268
res85_free_n4.0_std,2,always,exact,3,300,corrupt_map,0,0,0,0,0,299,0.6197324414715724,0.16588628762541793,1.0,0.2140468227424749,1.7123745819397993,1.0,0.7123745819397993,0.0,0.00024078872712720786
res85_free_n4.0_std,2,voa,exact,3,300,corrupt_map,0,0,0,0,0,299,0.6401337792642143,0.14548494983277588,0.979933110367893,0.20735785953177258,0.7859531772575251,0.5819397993311036,0.2040133779264214,0.0,0.00024502335222879895
res85_free_n4.0_std,2,event,exact,3,300,corrupt_map,0,0,0,0,0,299,0.4535117056856186,0.3217391304347822,0.6822742474916388,0.39464882943143814,0.046822742474916385,0.046822742474916385,0.0,0.0,0.0002354632134916143
res85_free_n4.0_stiff,0,always,exact,3,300,corrupt_map,0,0,0,0,0,299,0.6515050167224082,0.15150501672240796,1.0,0.1806020066889632,1.5618729096989967,1.0,0.5618729096989966,0.0,0.00026109569927376685
res85_free_n4.0_stiff,0,voa,exact,3,300,corrupt_map,0,0,0,0,0,299,0.7170568561872912,0.0859531772575251,0.979933110367893,0.15719063545150502,0.725752508361204,0.5484949832775919,0.17725752508361203,0.0,0.00030855536628269424
res85_free_n4.0_stiff,0,event,exact,3,300,corrupt_map,0,0,0,0,0,299,0.4682274247491638,0.33913043478260824,0.6956521739130435,0.38461538461538464,0.023411371237458192,0.023411371237458192,0.0,0.0,0.00025162677646979934
res85_free_n4.0_stiff,1,always,exact,3,300,corrupt_map,0,0,0,0,0,299,0.5698996655518396,0.22006688963210683,1.0,0.20735785953177258,1.585284280936455,1.0,0.5852842809364549,0.0,0.00023648582279354446
res85_free_n4.0_stiff,1,voa,exact,3,300,corrupt_map,0,0,0,0,0,299,0.6545150501672244,0.13545150501672237,0.9732441471571907,0.18729096989966554,0.7658862876254181,0.5953177257525084,0.1705685618729097,0.0,0.00027198310061965996
res85_free_n4.0_stiff,1,event,exact,3,300,corrupt_map,0,0,0,0,0,299,0.43913043478260855,0.3551839464882938,0.6789297658862876,0.3979933110367893,0.026755852842809364,0.026755852842809364,0.0,0.0,0.00024109517591993268
res85_free_n4.0_stiff,2,always,exact,3,300,corrupt_map,0,0,0,0,0,299,0.6197324414715724,0.16588628762541793,1.0,0.2140468227424749,1.7123745819397993,1.0,0.7123745819397993,0.0,0.00024078872712720786
res85_free_n4.0_stiff,2,voa,exact,3,300,corrupt_map,0,0,0,0,0,299,0.6401337792642143,0.14548494983277588,0.979933110367893,0.20735785953177258,0.7859531772575251,0.5819397993311036,0.2040133779264214,0.0,0.00024502335222879895
res85_free_n4.0_stiff,2,event,exact,3,300,corrupt_map,0,0,0,0,0,299,0.4535117056856186,0.3217391304347822,0.6822742474916388,0.39464882943143814,0.046822742474916385,0.046822742474916385,0.0,0.0,0.0002354632134916143
